2025-12-10 00:14:04.482 [Executor task launch worker for task 1.0 in stage 22.0 (TID 67)] INFO  o.a.k.c.consumer.ConsumerConfig - ConsumerConfig values: 
	allow.auto.create.topics = true
	auto.commit.interval.ms = 5000
	auto.include.jmx.reporter = true
	auto.offset.reset = none
	bootstrap.servers = [localhost:9092]
	check.crcs = true
	client.dns.lookup = use_all_dns_ips
	client.id = consumer-spark-kafka-source-43fffd83-d95f-4bf0-b9df-74d6a29c4095-1616614700-executor-62
	client.rack = 
	connections.max.idle.ms = 540000
	default.api.timeout.ms = 60000
	enable.auto.commit = false
	enable.metrics.push = true
	exclude.internal.topics = true
	fetch.max.bytes = 52428800
	fetch.max.wait.ms = 500
	fetch.min.bytes = 1
	group.id = spark-kafka-source-43fffd83-d95f-4bf0-b9df-74d6a29c4095-1616614700-executor
	group.instance.id = null
	group.protocol = classic
	group.remote.assignor = null
	heartbeat.interval.ms = 3000
	interceptor.classes = []
	internal.leave.group.on.close = true
	internal.throw.on.fetch.stable.offset.unsupported = false
	isolation.level = read_uncommitted
	key.deserializer = class org.apache.kafka.common.serialization.ByteArrayDeserializer
	max.partition.fetch.bytes = 1048576
	max.poll.interval.ms = 300000
	max.poll.records = 500
	metadata.max.age.ms = 300000
	metric.reporters = []
	metrics.num.samples = 2
	metrics.recording.level = INFO
	metrics.sample.window.ms = 30000
	partition.assignment.strategy = [class org.apache.kafka.clients.consumer.RangeAssignor, class org.apache.kafka.clients.consumer.CooperativeStickyAssignor]
	receive.buffer.bytes = 65536
	reconnect.backoff.max.ms = 1000
	reconnect.backoff.ms = 50
	request.timeout.ms = 30000
	retry.backoff.max.ms = 1000
	retry.backoff.ms = 100
	sasl.client.callback.handler.class = null
	sasl.jaas.config = null
	sasl.kerberos.kinit.cmd = /usr/bin/kinit
	sasl.kerberos.min.time.before.relogin = 60000
	sasl.kerberos.service.name = null
	sasl.kerberos.ticket.renew.jitter = 0.05
	sasl.kerberos.ticket.renew.window.factor = 0.8
	sasl.login.callback.handler.class = null
	sasl.login.class = null
	sasl.login.connect.timeout.ms = null
	sasl.login.read.timeout.ms = null
	sasl.login.refresh.buffer.seconds = 300
	sasl.login.refresh.min.period.seconds = 60
	sasl.login.refresh.window.factor = 0.8
	sasl.login.refresh.window.jitter = 0.05
	sasl.login.retry.backoff.max.ms = 10000
	sasl.login.retry.backoff.ms = 100
	sasl.mechanism = GSSAPI
	sasl.oauthbearer.clock.skew.seconds = 30
	sasl.oauthbearer.expected.audience = null
	sasl.oauthbearer.expected.issuer = null
	sasl.oauthbearer.jwks.endpoint.refresh.ms = 3600000
	sasl.oauthbearer.jwks.endpoint.retry.backoff.max.ms = 10000
	sasl.oauthbearer.jwks.endpoint.retry.backoff.ms = 100
	sasl.oauthbearer.jwks.endpoint.url = null
	sasl.oauthbearer.scope.claim.name = scope
	sasl.oauthbearer.sub.claim.name = sub
	sasl.oauthbearer.token.endpoint.url = null
	security.protocol = PLAINTEXT
	security.providers = null
	send.buffer.bytes = 131072
	session.timeout.ms = 45000
	socket.connection.setup.timeout.max.ms = 30000
	socket.connection.setup.timeout.ms = 10000
	ssl.cipher.suites = null
	ssl.enabled.protocols = [TLSv1.2, TLSv1.3]
	ssl.endpoint.identification.algorithm = https
	ssl.engine.factory.class = null
	ssl.key.password = null
	ssl.keymanager.algorithm = SunX509
	ssl.keystore.certificate.chain = null
	ssl.keystore.key = null
	ssl.keystore.location = null
	ssl.keystore.password = null
	ssl.keystore.type = JKS
	ssl.protocol = TLSv1.3
	ssl.provider = null
	ssl.secure.random.implementation = null
	ssl.trustmanager.algorithm = PKIX
	ssl.truststore.certificates = null
	ssl.truststore.location = null
	ssl.truststore.password = null
	ssl.truststore.type = JKS
	value.deserializer = class org.apache.kafka.common.serialization.ByteArrayDeserializer

2025-12-10 00:14:04.482 [Executor task launch worker for task 0.0 in stage 22.0 (TID 66)] INFO  o.a.k.c.consumer.ConsumerConfig - ConsumerConfig values: 
	allow.auto.create.topics = true
	auto.commit.interval.ms = 5000
	auto.include.jmx.reporter = true
	auto.offset.reset = none
	bootstrap.servers = [localhost:9092]
	check.crcs = true
	client.dns.lookup = use_all_dns_ips
	client.id = consumer-spark-kafka-source-43fffd83-d95f-4bf0-b9df-74d6a29c4095-1616614700-executor-61
	client.rack = 
	connections.max.idle.ms = 540000
	default.api.timeout.ms = 60000
	enable.auto.commit = false
	enable.metrics.push = true
	exclude.internal.topics = true
	fetch.max.bytes = 52428800
	fetch.max.wait.ms = 500
	fetch.min.bytes = 1
	group.id = spark-kafka-source-43fffd83-d95f-4bf0-b9df-74d6a29c4095-1616614700-executor
	group.instance.id = null
	group.protocol = classic
	group.remote.assignor = null
	heartbeat.interval.ms = 3000
	interceptor.classes = []
	internal.leave.group.on.close = true
	internal.throw.on.fetch.stable.offset.unsupported = false
	isolation.level = read_uncommitted
	key.deserializer = class org.apache.kafka.common.serialization.ByteArrayDeserializer
	max.partition.fetch.bytes = 1048576
	max.poll.interval.ms = 300000
	max.poll.records = 500
	metadata.max.age.ms = 300000
	metric.reporters = []
	metrics.num.samples = 2
	metrics.recording.level = INFO
	metrics.sample.window.ms = 30000
	partition.assignment.strategy = [class org.apache.kafka.clients.consumer.RangeAssignor, class org.apache.kafka.clients.consumer.CooperativeStickyAssignor]
	receive.buffer.bytes = 65536
	reconnect.backoff.max.ms = 1000
	reconnect.backoff.ms = 50
	request.timeout.ms = 30000
	retry.backoff.max.ms = 1000
	retry.backoff.ms = 100
	sasl.client.callback.handler.class = null
	sasl.jaas.config = null
	sasl.kerberos.kinit.cmd = /usr/bin/kinit
	sasl.kerberos.min.time.before.relogin = 60000
	sasl.kerberos.service.name = null
	sasl.kerberos.ticket.renew.jitter = 0.05
	sasl.kerberos.ticket.renew.window.factor = 0.8
	sasl.login.callback.handler.class = null
	sasl.login.class = null
	sasl.login.connect.timeout.ms = null
	sasl.login.read.timeout.ms = null
	sasl.login.refresh.buffer.seconds = 300
	sasl.login.refresh.min.period.seconds = 60
	sasl.login.refresh.window.factor = 0.8
	sasl.login.refresh.window.jitter = 0.05
	sasl.login.retry.backoff.max.ms = 10000
	sasl.login.retry.backoff.ms = 100
	sasl.mechanism = GSSAPI
	sasl.oauthbearer.clock.skew.seconds = 30
	sasl.oauthbearer.expected.audience = null
	sasl.oauthbearer.expected.issuer = null
	sasl.oauthbearer.jwks.endpoint.refresh.ms = 3600000
	sasl.oauthbearer.jwks.endpoint.retry.backoff.max.ms = 10000
	sasl.oauthbearer.jwks.endpoint.retry.backoff.ms = 100
	sasl.oauthbearer.jwks.endpoint.url = null
	sasl.oauthbearer.scope.claim.name = scope
	sasl.oauthbearer.sub.claim.name = sub
	sasl.oauthbearer.token.endpoint.url = null
	security.protocol = PLAINTEXT
	security.providers = null
	send.buffer.bytes = 131072
	session.timeout.ms = 45000
	socket.connection.setup.timeout.max.ms = 30000
	socket.connection.setup.timeout.ms = 10000
	ssl.cipher.suites = null
	ssl.enabled.protocols = [TLSv1.2, TLSv1.3]
	ssl.endpoint.identification.algorithm = https
	ssl.engine.factory.class = null
	ssl.key.password = null
	ssl.keymanager.algorithm = SunX509
	ssl.keystore.certificate.chain = null
	ssl.keystore.key = null
	ssl.keystore.location = null
	ssl.keystore.password = null
	ssl.keystore.type = JKS
	ssl.protocol = TLSv1.3
	ssl.provider = null
	ssl.secure.random.implementation = null
	ssl.trustmanager.algorithm = PKIX
	ssl.truststore.certificates = null
	ssl.truststore.location = null
	ssl.truststore.password = null
	ssl.truststore.type = JKS
	value.deserializer = class org.apache.kafka.common.serialization.ByteArrayDeserializer

2025-12-10 00:14:04.486 [Executor task launch worker for task 2.0 in stage 22.0 (TID 68)] INFO  o.a.k.c.consumer.ConsumerConfig - ConsumerConfig values: 
	allow.auto.create.topics = true
	auto.commit.interval.ms = 5000
	auto.include.jmx.reporter = true
	auto.offset.reset = none
	bootstrap.servers = [localhost:9092]
	check.crcs = true
	client.dns.lookup = use_all_dns_ips
	client.id = consumer-spark-kafka-source-43fffd83-d95f-4bf0-b9df-74d6a29c4095-1616614700-executor-63
	client.rack = 
	connections.max.idle.ms = 540000
	default.api.timeout.ms = 60000
	enable.auto.commit = false
	enable.metrics.push = true
	exclude.internal.topics = true
	fetch.max.bytes = 52428800
	fetch.max.wait.ms = 500
	fetch.min.bytes = 1
	group.id = spark-kafka-source-43fffd83-d95f-4bf0-b9df-74d6a29c4095-1616614700-executor
	group.instance.id = null
	group.protocol = classic
	group.remote.assignor = null
	heartbeat.interval.ms = 3000
	interceptor.classes = []
	internal.leave.group.on.close = true
	internal.throw.on.fetch.stable.offset.unsupported = false
	isolation.level = read_uncommitted
	key.deserializer = class org.apache.kafka.common.serialization.ByteArrayDeserializer
	max.partition.fetch.bytes = 1048576
	max.poll.interval.ms = 300000
	max.poll.records = 500
	metadata.max.age.ms = 300000
	metric.reporters = []
	metrics.num.samples = 2
	metrics.recording.level = INFO
	metrics.sample.window.ms = 30000
	partition.assignment.strategy = [class org.apache.kafka.clients.consumer.RangeAssignor, class org.apache.kafka.clients.consumer.CooperativeStickyAssignor]
	receive.buffer.bytes = 65536
	reconnect.backoff.max.ms = 1000
	reconnect.backoff.ms = 50
	request.timeout.ms = 30000
	retry.backoff.max.ms = 1000
	retry.backoff.ms = 100
	sasl.client.callback.handler.class = null
	sasl.jaas.config = null
	sasl.kerberos.kinit.cmd = /usr/bin/kinit
	sasl.kerberos.min.time.before.relogin = 60000
	sasl.kerberos.service.name = null
	sasl.kerberos.ticket.renew.jitter = 0.05
	sasl.kerberos.ticket.renew.window.factor = 0.8
	sasl.login.callback.handler.class = null
	sasl.login.class = null
	sasl.login.connect.timeout.ms = null
	sasl.login.read.timeout.ms = null
	sasl.login.refresh.buffer.seconds = 300
	sasl.login.refresh.min.period.seconds = 60
	sasl.login.refresh.window.factor = 0.8
	sasl.login.refresh.window.jitter = 0.05
	sasl.login.retry.backoff.max.ms = 10000
	sasl.login.retry.backoff.ms = 100
	sasl.mechanism = GSSAPI
	sasl.oauthbearer.clock.skew.seconds = 30
	sasl.oauthbearer.expected.audience = null
	sasl.oauthbearer.expected.issuer = null
	sasl.oauthbearer.jwks.endpoint.refresh.ms = 3600000
	sasl.oauthbearer.jwks.endpoint.retry.backoff.max.ms = 10000
	sasl.oauthbearer.jwks.endpoint.retry.backoff.ms = 100
	sasl.oauthbearer.jwks.endpoint.url = null
	sasl.oauthbearer.scope.claim.name = scope
	sasl.oauthbearer.sub.claim.name = sub
	sasl.oauthbearer.token.endpoint.url = null
	security.protocol = PLAINTEXT
	security.providers = null
	send.buffer.bytes = 131072
	session.timeout.ms = 45000
	socket.connection.setup.timeout.max.ms = 30000
	socket.connection.setup.timeout.ms = 10000
	ssl.cipher.suites = null
	ssl.enabled.protocols = [TLSv1.2, TLSv1.3]
	ssl.endpoint.identification.algorithm = https
	ssl.engine.factory.class = null
	ssl.key.password = null
	ssl.keymanager.algorithm = SunX509
	ssl.keystore.certificate.chain = null
	ssl.keystore.key = null
	ssl.keystore.location = null
	ssl.keystore.password = null
	ssl.keystore.type = JKS
	ssl.protocol = TLSv1.3
	ssl.provider = null
	ssl.secure.random.implementation = null
	ssl.trustmanager.algorithm = PKIX
	ssl.truststore.certificates = null
	ssl.truststore.location = null
	ssl.truststore.password = null
	ssl.truststore.type = JKS
	value.deserializer = class org.apache.kafka.common.serialization.ByteArrayDeserializer

2025-12-10 00:14:04.536 [Executor task launch worker for task 0.0 in stage 22.0 (TID 66)] INFO  o.a.k.c.t.i.KafkaMetricsCollector - initializing Kafka metrics collector
2025-12-10 00:14:04.536 [Executor task launch worker for task 1.0 in stage 22.0 (TID 67)] INFO  o.a.k.c.t.i.KafkaMetricsCollector - initializing Kafka metrics collector
2025-12-10 00:14:04.536 [Executor task launch worker for task 2.0 in stage 22.0 (TID 68)] INFO  o.a.k.c.t.i.KafkaMetricsCollector - initializing Kafka metrics collector
2025-12-10 00:14:04.543 [Executor task launch worker for task 0.0 in stage 22.0 (TID 66)] INFO  o.a.kafka.common.utils.AppInfoParser - Kafka version: 3.7.0
2025-12-10 00:14:04.543 [Executor task launch worker for task 0.0 in stage 22.0 (TID 66)] INFO  o.a.kafka.common.utils.AppInfoParser - Kafka commitId: 2ae524ed625438c5
2025-12-10 00:14:04.543 [Executor task launch worker for task 0.0 in stage 22.0 (TID 66)] INFO  o.a.kafka.common.utils.AppInfoParser - Kafka startTimeMs: 1765305844543
2025-12-10 00:14:04.544 [Executor task launch worker for task 0.0 in stage 22.0 (TID 66)] INFO  o.a.k.c.c.i.LegacyKafkaConsumer - [Consumer clientId=consumer-spark-kafka-source-43fffd83-d95f-4bf0-b9df-74d6a29c4095-1616614700-executor-61, groupId=spark-kafka-source-43fffd83-d95f-4bf0-b9df-74d6a29c4095-1616614700-executor] Assigned to partition(s): customer_events-1
2025-12-10 00:14:04.544 [Executor task launch worker for task 0.0 in stage 22.0 (TID 66)] INFO  o.a.k.c.c.i.LegacyKafkaConsumer - [Consumer clientId=consumer-spark-kafka-source-43fffd83-d95f-4bf0-b9df-74d6a29c4095-1616614700-executor-61, groupId=spark-kafka-source-43fffd83-d95f-4bf0-b9df-74d6a29c4095-1616614700-executor] Seeking to offset 57017 for partition customer_events-1
2025-12-10 00:14:04.544 [Executor task launch worker for task 1.0 in stage 22.0 (TID 67)] INFO  o.a.kafka.common.utils.AppInfoParser - Kafka version: 3.7.0
2025-12-10 00:14:04.545 [Executor task launch worker for task 1.0 in stage 22.0 (TID 67)] INFO  o.a.kafka.common.utils.AppInfoParser - Kafka commitId: 2ae524ed625438c5
2025-12-10 00:14:04.545 [Executor task launch worker for task 1.0 in stage 22.0 (TID 67)] INFO  o.a.kafka.common.utils.AppInfoParser - Kafka startTimeMs: 1765305844544
2025-12-10 00:14:04.545 [Executor task launch worker for task 2.0 in stage 22.0 (TID 68)] INFO  o.a.kafka.common.utils.AppInfoParser - Kafka version: 3.7.0
2025-12-10 00:14:04.545 [Executor task launch worker for task 1.0 in stage 22.0 (TID 67)] INFO  o.a.k.c.c.i.LegacyKafkaConsumer - [Consumer clientId=consumer-spark-kafka-source-43fffd83-d95f-4bf0-b9df-74d6a29c4095-1616614700-executor-62, groupId=spark-kafka-source-43fffd83-d95f-4bf0-b9df-74d6a29c4095-1616614700-executor] Assigned to partition(s): customer_events-0
2025-12-10 00:14:04.546 [Executor task launch worker for task 2.0 in stage 22.0 (TID 68)] INFO  o.a.kafka.common.utils.AppInfoParser - Kafka commitId: 2ae524ed625438c5
2025-12-10 00:14:04.546 [Executor task launch worker for task 2.0 in stage 22.0 (TID 68)] INFO  o.a.kafka.common.utils.AppInfoParser - Kafka startTimeMs: 1765305844543
2025-12-10 00:14:04.546 [Executor task launch worker for task 1.0 in stage 22.0 (TID 67)] INFO  o.a.k.c.c.i.LegacyKafkaConsumer - [Consumer clientId=consumer-spark-kafka-source-43fffd83-d95f-4bf0-b9df-74d6a29c4095-1616614700-executor-62, groupId=spark-kafka-source-43fffd83-d95f-4bf0-b9df-74d6a29c4095-1616614700-executor] Seeking to offset 56788 for partition customer_events-0
2025-12-10 00:14:04.546 [Executor task launch worker for task 2.0 in stage 22.0 (TID 68)] INFO  o.a.k.c.c.i.LegacyKafkaConsumer - [Consumer clientId=consumer-spark-kafka-source-43fffd83-d95f-4bf0-b9df-74d6a29c4095-1616614700-executor-63, groupId=spark-kafka-source-43fffd83-d95f-4bf0-b9df-74d6a29c4095-1616614700-executor] Assigned to partition(s): customer_events-2
2025-12-10 00:14:04.547 [Executor task launch worker for task 2.0 in stage 22.0 (TID 68)] INFO  o.a.k.c.c.i.LegacyKafkaConsumer - [Consumer clientId=consumer-spark-kafka-source-43fffd83-d95f-4bf0-b9df-74d6a29c4095-1616614700-executor-63, groupId=spark-kafka-source-43fffd83-d95f-4bf0-b9df-74d6a29c4095-1616614700-executor] Seeking to offset 56438 for partition customer_events-2
2025-12-10 00:14:04.553 [Executor task launch worker for task 1.0 in stage 22.0 (TID 67)] INFO  org.apache.kafka.clients.Metadata - [Consumer clientId=consumer-spark-kafka-source-43fffd83-d95f-4bf0-b9df-74d6a29c4095-1616614700-executor-62, groupId=spark-kafka-source-43fffd83-d95f-4bf0-b9df-74d6a29c4095-1616614700-executor] Cluster ID: utc3eCJxTsah_zGClk2_uQ
2025-12-10 00:14:04.553 [Executor task launch worker for task 2.0 in stage 22.0 (TID 68)] INFO  org.apache.kafka.clients.Metadata - [Consumer clientId=consumer-spark-kafka-source-43fffd83-d95f-4bf0-b9df-74d6a29c4095-1616614700-executor-63, groupId=spark-kafka-source-43fffd83-d95f-4bf0-b9df-74d6a29c4095-1616614700-executor] Cluster ID: utc3eCJxTsah_zGClk2_uQ
2025-12-10 00:14:04.553 [Executor task launch worker for task 0.0 in stage 22.0 (TID 66)] INFO  org.apache.kafka.clients.Metadata - [Consumer clientId=consumer-spark-kafka-source-43fffd83-d95f-4bf0-b9df-74d6a29c4095-1616614700-executor-61, groupId=spark-kafka-source-43fffd83-d95f-4bf0-b9df-74d6a29c4095-1616614700-executor] Cluster ID: utc3eCJxTsah_zGClk2_uQ
2025-12-10 00:14:04.579 [Executor task launch worker for task 0.0 in stage 22.0 (TID 66)] INFO  o.a.k.c.c.i.SubscriptionState - [Consumer clientId=consumer-spark-kafka-source-43fffd83-d95f-4bf0-b9df-74d6a29c4095-1616614700-executor-61, groupId=spark-kafka-source-43fffd83-d95f-4bf0-b9df-74d6a29c4095-1616614700-executor] Seeking to earliest offset of partition customer_events-1
2025-12-10 00:14:04.581 [Executor task launch worker for task 2.0 in stage 22.0 (TID 68)] INFO  o.a.k.c.c.i.SubscriptionState - [Consumer clientId=consumer-spark-kafka-source-43fffd83-d95f-4bf0-b9df-74d6a29c4095-1616614700-executor-63, groupId=spark-kafka-source-43fffd83-d95f-4bf0-b9df-74d6a29c4095-1616614700-executor] Seeking to earliest offset of partition customer_events-2
2025-12-10 00:14:04.583 [Executor task launch worker for task 1.0 in stage 22.0 (TID 67)] INFO  o.a.k.c.c.i.SubscriptionState - [Consumer clientId=consumer-spark-kafka-source-43fffd83-d95f-4bf0-b9df-74d6a29c4095-1616614700-executor-62, groupId=spark-kafka-source-43fffd83-d95f-4bf0-b9df-74d6a29c4095-1616614700-executor] Seeking to earliest offset of partition customer_events-0
2025-12-10 00:14:04.588 [Executor task launch worker for task 1.0 in stage 22.0 (TID 67)] INFO  o.a.k.c.c.i.SubscriptionState - [Consumer clientId=consumer-spark-kafka-source-43fffd83-d95f-4bf0-b9df-74d6a29c4095-1616614700-executor-62, groupId=spark-kafka-source-43fffd83-d95f-4bf0-b9df-74d6a29c4095-1616614700-executor] Resetting offset for partition customer_events-0 to position FetchPosition{offset=0, offsetEpoch=Optional.empty, currentLeader=LeaderAndEpoch{leader=Optional[localhost:9092 (id: 0 rack: null)], epoch=0}}.
2025-12-10 00:14:04.589 [Executor task launch worker for task 1.0 in stage 22.0 (TID 67)] INFO  o.a.k.c.c.i.SubscriptionState - [Consumer clientId=consumer-spark-kafka-source-43fffd83-d95f-4bf0-b9df-74d6a29c4095-1616614700-executor-62, groupId=spark-kafka-source-43fffd83-d95f-4bf0-b9df-74d6a29c4095-1616614700-executor] Seeking to latest offset of partition customer_events-0
2025-12-10 00:14:04.592 [Executor task launch worker for task 1.0 in stage 22.0 (TID 67)] INFO  o.a.k.c.c.i.SubscriptionState - [Consumer clientId=consumer-spark-kafka-source-43fffd83-d95f-4bf0-b9df-74d6a29c4095-1616614700-executor-62, groupId=spark-kafka-source-43fffd83-d95f-4bf0-b9df-74d6a29c4095-1616614700-executor] Resetting offset for partition customer_events-0 to position FetchPosition{offset=61127, offsetEpoch=Optional.empty, currentLeader=LeaderAndEpoch{leader=Optional[localhost:9092 (id: 0 rack: null)], epoch=0}}.
2025-12-10 00:14:04.605 [Executor task launch worker for task 1.0 in stage 22.0 (TID 67)] INFO  o.a.k.c.c.i.LegacyKafkaConsumer - [Consumer clientId=consumer-spark-kafka-source-43fffd83-d95f-4bf0-b9df-74d6a29c4095-1616614700-executor-62, groupId=spark-kafka-source-43fffd83-d95f-4bf0-b9df-74d6a29c4095-1616614700-executor] Seeking to offset 57288 for partition customer_events-0
2025-12-10 00:14:04.607 [Executor task launch worker for task 2.0 in stage 22.0 (TID 68)] INFO  o.a.k.c.c.i.SubscriptionState - [Consumer clientId=consumer-spark-kafka-source-43fffd83-d95f-4bf0-b9df-74d6a29c4095-1616614700-executor-63, groupId=spark-kafka-source-43fffd83-d95f-4bf0-b9df-74d6a29c4095-1616614700-executor] Resetting offset for partition customer_events-2 to position FetchPosition{offset=0, offsetEpoch=Optional.empty, currentLeader=LeaderAndEpoch{leader=Optional[localhost:9093 (id: 1 rack: null)], epoch=0}}.
2025-12-10 00:14:04.608 [Executor task launch worker for task 1.0 in stage 22.0 (TID 67)] INFO  o.a.k.c.c.i.SubscriptionState - [Consumer clientId=consumer-spark-kafka-source-43fffd83-d95f-4bf0-b9df-74d6a29c4095-1616614700-executor-62, groupId=spark-kafka-source-43fffd83-d95f-4bf0-b9df-74d6a29c4095-1616614700-executor] Seeking to earliest offset of partition customer_events-0
2025-12-10 00:14:04.608 [Executor task launch worker for task 2.0 in stage 22.0 (TID 68)] INFO  o.a.k.c.c.i.SubscriptionState - [Consumer clientId=consumer-spark-kafka-source-43fffd83-d95f-4bf0-b9df-74d6a29c4095-1616614700-executor-63, groupId=spark-kafka-source-43fffd83-d95f-4bf0-b9df-74d6a29c4095-1616614700-executor] Seeking to latest offset of partition customer_events-2
2025-12-10 00:14:04.609 [Executor task launch worker for task 2.0 in stage 22.0 (TID 68)] INFO  o.a.k.c.c.i.SubscriptionState - [Consumer clientId=consumer-spark-kafka-source-43fffd83-d95f-4bf0-b9df-74d6a29c4095-1616614700-executor-63, groupId=spark-kafka-source-43fffd83-d95f-4bf0-b9df-74d6a29c4095-1616614700-executor] Resetting offset for partition customer_events-2 to position FetchPosition{offset=60605, offsetEpoch=Optional.empty, currentLeader=LeaderAndEpoch{leader=Optional[localhost:9093 (id: 1 rack: null)], epoch=0}}.
2025-12-10 00:14:04.609 [Executor task launch worker for task 1.0 in stage 22.0 (TID 67)] INFO  o.a.k.c.c.i.SubscriptionState - [Consumer clientId=consumer-spark-kafka-source-43fffd83-d95f-4bf0-b9df-74d6a29c4095-1616614700-executor-62, groupId=spark-kafka-source-43fffd83-d95f-4bf0-b9df-74d6a29c4095-1616614700-executor] Resetting offset for partition customer_events-0 to position FetchPosition{offset=0, offsetEpoch=Optional.empty, currentLeader=LeaderAndEpoch{leader=Optional[localhost:9092 (id: 0 rack: null)], epoch=0}}.
2025-12-10 00:14:04.610 [Executor task launch worker for task 1.0 in stage 22.0 (TID 67)] INFO  o.a.k.c.c.i.SubscriptionState - [Consumer clientId=consumer-spark-kafka-source-43fffd83-d95f-4bf0-b9df-74d6a29c4095-1616614700-executor-62, groupId=spark-kafka-source-43fffd83-d95f-4bf0-b9df-74d6a29c4095-1616614700-executor] Seeking to latest offset of partition customer_events-0
2025-12-10 00:14:04.611 [Executor task launch worker for task 1.0 in stage 22.0 (TID 67)] INFO  o.a.k.c.c.i.SubscriptionState - [Consumer clientId=consumer-spark-kafka-source-43fffd83-d95f-4bf0-b9df-74d6a29c4095-1616614700-executor-62, groupId=spark-kafka-source-43fffd83-d95f-4bf0-b9df-74d6a29c4095-1616614700-executor] Resetting offset for partition customer_events-0 to position FetchPosition{offset=61127, offsetEpoch=Optional.empty, currentLeader=LeaderAndEpoch{leader=Optional[localhost:9092 (id: 0 rack: null)], epoch=0}}.
2025-12-10 00:14:04.613 [Executor task launch worker for task 2.0 in stage 22.0 (TID 68)] INFO  o.a.k.c.c.i.LegacyKafkaConsumer - [Consumer clientId=consumer-spark-kafka-source-43fffd83-d95f-4bf0-b9df-74d6a29c4095-1616614700-executor-63, groupId=spark-kafka-source-43fffd83-d95f-4bf0-b9df-74d6a29c4095-1616614700-executor] Seeking to offset 56938 for partition customer_events-2
2025-12-10 00:14:04.617 [Executor task launch worker for task 2.0 in stage 22.0 (TID 68)] INFO  o.a.k.c.c.i.SubscriptionState - [Consumer clientId=consumer-spark-kafka-source-43fffd83-d95f-4bf0-b9df-74d6a29c4095-1616614700-executor-63, groupId=spark-kafka-source-43fffd83-d95f-4bf0-b9df-74d6a29c4095-1616614700-executor] Seeking to earliest offset of partition customer_events-2
2025-12-10 00:14:04.620 [Executor task launch worker for task 2.0 in stage 22.0 (TID 68)] INFO  o.a.k.c.c.i.SubscriptionState - [Consumer clientId=consumer-spark-kafka-source-43fffd83-d95f-4bf0-b9df-74d6a29c4095-1616614700-executor-63, groupId=spark-kafka-source-43fffd83-d95f-4bf0-b9df-74d6a29c4095-1616614700-executor] Resetting offset for partition customer_events-2 to position FetchPosition{offset=0, offsetEpoch=Optional.empty, currentLeader=LeaderAndEpoch{leader=Optional[localhost:9093 (id: 1 rack: null)], epoch=0}}.
2025-12-10 00:14:04.616 [Executor task launch worker for task 0.0 in stage 22.0 (TID 66)] INFO  o.a.k.c.c.i.SubscriptionState - [Consumer clientId=consumer-spark-kafka-source-43fffd83-d95f-4bf0-b9df-74d6a29c4095-1616614700-executor-61, groupId=spark-kafka-source-43fffd83-d95f-4bf0-b9df-74d6a29c4095-1616614700-executor] Resetting offset for partition customer_events-1 to position FetchPosition{offset=0, offsetEpoch=Optional.empty, currentLeader=LeaderAndEpoch{leader=Optional[localhost:9094 (id: 2 rack: null)], epoch=0}}.
2025-12-10 00:14:04.622 [Executor task launch worker for task 2.0 in stage 22.0 (TID 68)] INFO  o.a.k.c.c.i.SubscriptionState - [Consumer clientId=consumer-spark-kafka-source-43fffd83-d95f-4bf0-b9df-74d6a29c4095-1616614700-executor-63, groupId=spark-kafka-source-43fffd83-d95f-4bf0-b9df-74d6a29c4095-1616614700-executor] Seeking to latest offset of partition customer_events-2
2025-12-10 00:14:04.618 [Executor task launch worker for task 1.0 in stage 22.0 (TID 67)] INFO  o.a.k.c.c.i.LegacyKafkaConsumer - [Consumer clientId=consumer-spark-kafka-source-43fffd83-d95f-4bf0-b9df-74d6a29c4095-1616614700-executor-62, groupId=spark-kafka-source-43fffd83-d95f-4bf0-b9df-74d6a29c4095-1616614700-executor] Seeking to offset 57788 for partition customer_events-0
2025-12-10 00:14:04.623 [Executor task launch worker for task 0.0 in stage 22.0 (TID 66)] INFO  o.a.k.c.c.i.SubscriptionState - [Consumer clientId=consumer-spark-kafka-source-43fffd83-d95f-4bf0-b9df-74d6a29c4095-1616614700-executor-61, groupId=spark-kafka-source-43fffd83-d95f-4bf0-b9df-74d6a29c4095-1616614700-executor] Seeking to latest offset of partition customer_events-1
2025-12-10 00:14:04.623 [Executor task launch worker for task 1.0 in stage 22.0 (TID 67)] INFO  o.a.k.c.c.i.SubscriptionState - [Consumer clientId=consumer-spark-kafka-source-43fffd83-d95f-4bf0-b9df-74d6a29c4095-1616614700-executor-62, groupId=spark-kafka-source-43fffd83-d95f-4bf0-b9df-74d6a29c4095-1616614700-executor] Seeking to earliest offset of partition customer_events-0
2025-12-10 00:14:04.623 [Executor task launch worker for task 2.0 in stage 22.0 (TID 68)] INFO  o.a.k.c.c.i.SubscriptionState - [Consumer clientId=consumer-spark-kafka-source-43fffd83-d95f-4bf0-b9df-74d6a29c4095-1616614700-executor-63, groupId=spark-kafka-source-43fffd83-d95f-4bf0-b9df-74d6a29c4095-1616614700-executor] Resetting offset for partition customer_events-2 to position FetchPosition{offset=60605, offsetEpoch=Optional.empty, currentLeader=LeaderAndEpoch{leader=Optional[localhost:9093 (id: 1 rack: null)], epoch=0}}.
2025-12-10 00:14:04.623 [Executor task launch worker for task 0.0 in stage 22.0 (TID 66)] INFO  o.a.k.c.c.i.SubscriptionState - [Consumer clientId=consumer-spark-kafka-source-43fffd83-d95f-4bf0-b9df-74d6a29c4095-1616614700-executor-61, groupId=spark-kafka-source-43fffd83-d95f-4bf0-b9df-74d6a29c4095-1616614700-executor] Resetting offset for partition customer_events-1 to position FetchPosition{offset=61358, offsetEpoch=Optional.empty, currentLeader=LeaderAndEpoch{leader=Optional[localhost:9094 (id: 2 rack: null)], epoch=0}}.
2025-12-10 00:14:04.627 [Executor task launch worker for task 1.0 in stage 22.0 (TID 67)] INFO  o.a.k.c.c.i.SubscriptionState - [Consumer clientId=consumer-spark-kafka-source-43fffd83-d95f-4bf0-b9df-74d6a29c4095-1616614700-executor-62, groupId=spark-kafka-source-43fffd83-d95f-4bf0-b9df-74d6a29c4095-1616614700-executor] Resetting offset for partition customer_events-0 to position FetchPosition{offset=0, offsetEpoch=Optional.empty, currentLeader=LeaderAndEpoch{leader=Optional[localhost:9092 (id: 0 rack: null)], epoch=0}}.
2025-12-10 00:14:04.628 [Executor task launch worker for task 1.0 in stage 22.0 (TID 67)] INFO  o.a.k.c.c.i.SubscriptionState - [Consumer clientId=consumer-spark-kafka-source-43fffd83-d95f-4bf0-b9df-74d6a29c4095-1616614700-executor-62, groupId=spark-kafka-source-43fffd83-d95f-4bf0-b9df-74d6a29c4095-1616614700-executor] Seeking to latest offset of partition customer_events-0
2025-12-10 00:14:04.630 [Executor task launch worker for task 1.0 in stage 22.0 (TID 67)] INFO  o.a.k.c.c.i.SubscriptionState - [Consumer clientId=consumer-spark-kafka-source-43fffd83-d95f-4bf0-b9df-74d6a29c4095-1616614700-executor-62, groupId=spark-kafka-source-43fffd83-d95f-4bf0-b9df-74d6a29c4095-1616614700-executor] Resetting offset for partition customer_events-0 to position FetchPosition{offset=61127, offsetEpoch=Optional.empty, currentLeader=LeaderAndEpoch{leader=Optional[localhost:9092 (id: 0 rack: null)], epoch=0}}.
2025-12-10 00:14:04.631 [Executor task launch worker for task 2.0 in stage 22.0 (TID 68)] INFO  o.a.k.c.c.i.LegacyKafkaConsumer - [Consumer clientId=consumer-spark-kafka-source-43fffd83-d95f-4bf0-b9df-74d6a29c4095-1616614700-executor-63, groupId=spark-kafka-source-43fffd83-d95f-4bf0-b9df-74d6a29c4095-1616614700-executor] Seeking to offset 57438 for partition customer_events-2
2025-12-10 00:14:04.632 [Executor task launch worker for task 2.0 in stage 22.0 (TID 68)] INFO  o.a.k.c.c.i.SubscriptionState - [Consumer clientId=consumer-spark-kafka-source-43fffd83-d95f-4bf0-b9df-74d6a29c4095-1616614700-executor-63, groupId=spark-kafka-source-43fffd83-d95f-4bf0-b9df-74d6a29c4095-1616614700-executor] Seeking to earliest offset of partition customer_events-2
2025-12-10 00:14:04.633 [Executor task launch worker for task 2.0 in stage 22.0 (TID 68)] INFO  o.a.k.c.c.i.SubscriptionState - [Consumer clientId=consumer-spark-kafka-source-43fffd83-d95f-4bf0-b9df-74d6a29c4095-1616614700-executor-63, groupId=spark-kafka-source-43fffd83-d95f-4bf0-b9df-74d6a29c4095-1616614700-executor] Resetting offset for partition customer_events-2 to position FetchPosition{offset=0, offsetEpoch=Optional.empty, currentLeader=LeaderAndEpoch{leader=Optional[localhost:9093 (id: 1 rack: null)], epoch=0}}.
2025-12-10 00:14:04.633 [Executor task launch worker for task 2.0 in stage 22.0 (TID 68)] INFO  o.a.k.c.c.i.SubscriptionState - [Consumer clientId=consumer-spark-kafka-source-43fffd83-d95f-4bf0-b9df-74d6a29c4095-1616614700-executor-63, groupId=spark-kafka-source-43fffd83-d95f-4bf0-b9df-74d6a29c4095-1616614700-executor] Seeking to latest offset of partition customer_events-2
2025-12-10 00:14:04.633 [Executor task launch worker for task 0.0 in stage 22.0 (TID 66)] INFO  o.a.k.c.c.i.LegacyKafkaConsumer - [Consumer clientId=consumer-spark-kafka-source-43fffd83-d95f-4bf0-b9df-74d6a29c4095-1616614700-executor-61, groupId=spark-kafka-source-43fffd83-d95f-4bf0-b9df-74d6a29c4095-1616614700-executor] Seeking to offset 57517 for partition customer_events-1
2025-12-10 00:14:04.634 [Executor task launch worker for task 1.0 in stage 22.0 (TID 67)] INFO  o.a.k.c.c.i.LegacyKafkaConsumer - [Consumer clientId=consumer-spark-kafka-source-43fffd83-d95f-4bf0-b9df-74d6a29c4095-1616614700-executor-62, groupId=spark-kafka-source-43fffd83-d95f-4bf0-b9df-74d6a29c4095-1616614700-executor] Seeking to offset 58288 for partition customer_events-0
2025-12-10 00:14:04.634 [Executor task launch worker for task 2.0 in stage 22.0 (TID 68)] INFO  o.a.k.c.c.i.SubscriptionState - [Consumer clientId=consumer-spark-kafka-source-43fffd83-d95f-4bf0-b9df-74d6a29c4095-1616614700-executor-63, groupId=spark-kafka-source-43fffd83-d95f-4bf0-b9df-74d6a29c4095-1616614700-executor] Resetting offset for partition customer_events-2 to position FetchPosition{offset=60605, offsetEpoch=Optional.empty, currentLeader=LeaderAndEpoch{leader=Optional[localhost:9093 (id: 1 rack: null)], epoch=0}}.
2025-12-10 00:14:04.634 [Executor task launch worker for task 1.0 in stage 22.0 (TID 67)] INFO  o.a.k.c.c.i.SubscriptionState - [Consumer clientId=consumer-spark-kafka-source-43fffd83-d95f-4bf0-b9df-74d6a29c4095-1616614700-executor-62, groupId=spark-kafka-source-43fffd83-d95f-4bf0-b9df-74d6a29c4095-1616614700-executor] Seeking to earliest offset of partition customer_events-0
2025-12-10 00:14:04.634 [Executor task launch worker for task 0.0 in stage 22.0 (TID 66)] INFO  o.a.k.c.c.i.SubscriptionState - [Consumer clientId=consumer-spark-kafka-source-43fffd83-d95f-4bf0-b9df-74d6a29c4095-1616614700-executor-61, groupId=spark-kafka-source-43fffd83-d95f-4bf0-b9df-74d6a29c4095-1616614700-executor] Seeking to earliest offset of partition customer_events-1
2025-12-10 00:14:04.635 [Executor task launch worker for task 0.0 in stage 22.0 (TID 66)] INFO  o.a.k.c.c.i.SubscriptionState - [Consumer clientId=consumer-spark-kafka-source-43fffd83-d95f-4bf0-b9df-74d6a29c4095-1616614700-executor-61, groupId=spark-kafka-source-43fffd83-d95f-4bf0-b9df-74d6a29c4095-1616614700-executor] Resetting offset for partition customer_events-1 to position FetchPosition{offset=0, offsetEpoch=Optional.empty, currentLeader=LeaderAndEpoch{leader=Optional[localhost:9094 (id: 2 rack: null)], epoch=0}}.
2025-12-10 00:14:04.636 [Executor task launch worker for task 1.0 in stage 22.0 (TID 67)] INFO  o.a.k.c.c.i.SubscriptionState - [Consumer clientId=consumer-spark-kafka-source-43fffd83-d95f-4bf0-b9df-74d6a29c4095-1616614700-executor-62, groupId=spark-kafka-source-43fffd83-d95f-4bf0-b9df-74d6a29c4095-1616614700-executor] Resetting offset for partition customer_events-0 to position FetchPosition{offset=0, offsetEpoch=Optional.empty, currentLeader=LeaderAndEpoch{leader=Optional[localhost:9092 (id: 0 rack: null)], epoch=0}}.
2025-12-10 00:14:04.636 [Executor task launch worker for task 0.0 in stage 22.0 (TID 66)] INFO  o.a.k.c.c.i.SubscriptionState - [Consumer clientId=consumer-spark-kafka-source-43fffd83-d95f-4bf0-b9df-74d6a29c4095-1616614700-executor-61, groupId=spark-kafka-source-43fffd83-d95f-4bf0-b9df-74d6a29c4095-1616614700-executor] Seeking to latest offset of partition customer_events-1
2025-12-10 00:14:04.636 [Executor task launch worker for task 1.0 in stage 22.0 (TID 67)] INFO  o.a.k.c.c.i.SubscriptionState - [Consumer clientId=consumer-spark-kafka-source-43fffd83-d95f-4bf0-b9df-74d6a29c4095-1616614700-executor-62, groupId=spark-kafka-source-43fffd83-d95f-4bf0-b9df-74d6a29c4095-1616614700-executor] Seeking to latest offset of partition customer_events-0
2025-12-10 00:14:04.636 [Executor task launch worker for task 2.0 in stage 22.0 (TID 68)] INFO  o.a.k.c.c.i.LegacyKafkaConsumer - [Consumer clientId=consumer-spark-kafka-source-43fffd83-d95f-4bf0-b9df-74d6a29c4095-1616614700-executor-63, groupId=spark-kafka-source-43fffd83-d95f-4bf0-b9df-74d6a29c4095-1616614700-executor] Seeking to offset 57938 for partition customer_events-2
2025-12-10 00:14:04.637 [Executor task launch worker for task 1.0 in stage 22.0 (TID 67)] INFO  o.a.k.c.c.i.SubscriptionState - [Consumer clientId=consumer-spark-kafka-source-43fffd83-d95f-4bf0-b9df-74d6a29c4095-1616614700-executor-62, groupId=spark-kafka-source-43fffd83-d95f-4bf0-b9df-74d6a29c4095-1616614700-executor] Resetting offset for partition customer_events-0 to position FetchPosition{offset=61127, offsetEpoch=Optional.empty, currentLeader=LeaderAndEpoch{leader=Optional[localhost:9092 (id: 0 rack: null)], epoch=0}}.
2025-12-10 00:14:04.638 [Executor task launch worker for task 0.0 in stage 22.0 (TID 66)] INFO  o.a.k.c.c.i.SubscriptionState - [Consumer clientId=consumer-spark-kafka-source-43fffd83-d95f-4bf0-b9df-74d6a29c4095-1616614700-executor-61, groupId=spark-kafka-source-43fffd83-d95f-4bf0-b9df-74d6a29c4095-1616614700-executor] Resetting offset for partition customer_events-1 to position FetchPosition{offset=61358, offsetEpoch=Optional.empty, currentLeader=LeaderAndEpoch{leader=Optional[localhost:9094 (id: 2 rack: null)], epoch=0}}.
2025-12-10 00:14:04.639 [Executor task launch worker for task 2.0 in stage 22.0 (TID 68)] INFO  o.a.k.c.c.i.SubscriptionState - [Consumer clientId=consumer-spark-kafka-source-43fffd83-d95f-4bf0-b9df-74d6a29c4095-1616614700-executor-63, groupId=spark-kafka-source-43fffd83-d95f-4bf0-b9df-74d6a29c4095-1616614700-executor] Seeking to earliest offset of partition customer_events-2
2025-12-10 00:14:04.640 [Executor task launch worker for task 0.0 in stage 22.0 (TID 66)] INFO  o.a.k.c.c.i.LegacyKafkaConsumer - [Consumer clientId=consumer-spark-kafka-source-43fffd83-d95f-4bf0-b9df-74d6a29c4095-1616614700-executor-61, groupId=spark-kafka-source-43fffd83-d95f-4bf0-b9df-74d6a29c4095-1616614700-executor] Seeking to offset 58017 for partition customer_events-1
2025-12-10 00:14:04.640 [Executor task launch worker for task 1.0 in stage 22.0 (TID 67)] INFO  o.a.k.c.c.i.LegacyKafkaConsumer - [Consumer clientId=consumer-spark-kafka-source-43fffd83-d95f-4bf0-b9df-74d6a29c4095-1616614700-executor-62, groupId=spark-kafka-source-43fffd83-d95f-4bf0-b9df-74d6a29c4095-1616614700-executor] Seeking to offset 58788 for partition customer_events-0
2025-12-10 00:14:04.640 [Executor task launch worker for task 2.0 in stage 22.0 (TID 68)] INFO  o.a.k.c.c.i.SubscriptionState - [Consumer clientId=consumer-spark-kafka-source-43fffd83-d95f-4bf0-b9df-74d6a29c4095-1616614700-executor-63, groupId=spark-kafka-source-43fffd83-d95f-4bf0-b9df-74d6a29c4095-1616614700-executor] Resetting offset for partition customer_events-2 to position FetchPosition{offset=0, offsetEpoch=Optional.empty, currentLeader=LeaderAndEpoch{leader=Optional[localhost:9093 (id: 1 rack: null)], epoch=0}}.
2025-12-10 00:14:04.640 [Executor task launch worker for task 2.0 in stage 22.0 (TID 68)] INFO  o.a.k.c.c.i.SubscriptionState - [Consumer clientId=consumer-spark-kafka-source-43fffd83-d95f-4bf0-b9df-74d6a29c4095-1616614700-executor-63, groupId=spark-kafka-source-43fffd83-d95f-4bf0-b9df-74d6a29c4095-1616614700-executor] Seeking to latest offset of partition customer_events-2
2025-12-10 00:14:04.640 [Executor task launch worker for task 0.0 in stage 22.0 (TID 66)] INFO  o.a.k.c.c.i.SubscriptionState - [Consumer clientId=consumer-spark-kafka-source-43fffd83-d95f-4bf0-b9df-74d6a29c4095-1616614700-executor-61, groupId=spark-kafka-source-43fffd83-d95f-4bf0-b9df-74d6a29c4095-1616614700-executor] Seeking to earliest offset of partition customer_events-1
2025-12-10 00:14:04.641 [Executor task launch worker for task 1.0 in stage 22.0 (TID 67)] INFO  o.a.k.c.c.i.SubscriptionState - [Consumer clientId=consumer-spark-kafka-source-43fffd83-d95f-4bf0-b9df-74d6a29c4095-1616614700-executor-62, groupId=spark-kafka-source-43fffd83-d95f-4bf0-b9df-74d6a29c4095-1616614700-executor] Seeking to earliest offset of partition customer_events-0
2025-12-10 00:14:04.641 [Executor task launch worker for task 2.0 in stage 22.0 (TID 68)] INFO  o.a.k.c.c.i.SubscriptionState - [Consumer clientId=consumer-spark-kafka-source-43fffd83-d95f-4bf0-b9df-74d6a29c4095-1616614700-executor-63, groupId=spark-kafka-source-43fffd83-d95f-4bf0-b9df-74d6a29c4095-1616614700-executor] Resetting offset for partition customer_events-2 to position FetchPosition{offset=60605, offsetEpoch=Optional.empty, currentLeader=LeaderAndEpoch{leader=Optional[localhost:9093 (id: 1 rack: null)], epoch=0}}.
2025-12-10 00:14:04.641 [Executor task launch worker for task 0.0 in stage 22.0 (TID 66)] INFO  o.a.k.c.c.i.SubscriptionState - [Consumer clientId=consumer-spark-kafka-source-43fffd83-d95f-4bf0-b9df-74d6a29c4095-1616614700-executor-61, groupId=spark-kafka-source-43fffd83-d95f-4bf0-b9df-74d6a29c4095-1616614700-executor] Resetting offset for partition customer_events-1 to position FetchPosition{offset=0, offsetEpoch=Optional.empty, currentLeader=LeaderAndEpoch{leader=Optional[localhost:9094 (id: 2 rack: null)], epoch=0}}.
2025-12-10 00:14:04.642 [Executor task launch worker for task 0.0 in stage 22.0 (TID 66)] INFO  o.a.k.c.c.i.SubscriptionState - [Consumer clientId=consumer-spark-kafka-source-43fffd83-d95f-4bf0-b9df-74d6a29c4095-1616614700-executor-61, groupId=spark-kafka-source-43fffd83-d95f-4bf0-b9df-74d6a29c4095-1616614700-executor] Seeking to latest offset of partition customer_events-1
2025-12-10 00:14:04.641 [Executor task launch worker for task 1.0 in stage 22.0 (TID 67)] INFO  o.a.k.c.c.i.SubscriptionState - [Consumer clientId=consumer-spark-kafka-source-43fffd83-d95f-4bf0-b9df-74d6a29c4095-1616614700-executor-62, groupId=spark-kafka-source-43fffd83-d95f-4bf0-b9df-74d6a29c4095-1616614700-executor] Resetting offset for partition customer_events-0 to position FetchPosition{offset=0, offsetEpoch=Optional.empty, currentLeader=LeaderAndEpoch{leader=Optional[localhost:9092 (id: 0 rack: null)], epoch=0}}.
2025-12-10 00:14:04.642 [Executor task launch worker for task 1.0 in stage 22.0 (TID 67)] INFO  o.a.k.c.c.i.SubscriptionState - [Consumer clientId=consumer-spark-kafka-source-43fffd83-d95f-4bf0-b9df-74d6a29c4095-1616614700-executor-62, groupId=spark-kafka-source-43fffd83-d95f-4bf0-b9df-74d6a29c4095-1616614700-executor] Seeking to latest offset of partition customer_events-0
2025-12-10 00:14:04.642 [Executor task launch worker for task 2.0 in stage 22.0 (TID 68)] INFO  o.a.k.c.c.i.LegacyKafkaConsumer - [Consumer clientId=consumer-spark-kafka-source-43fffd83-d95f-4bf0-b9df-74d6a29c4095-1616614700-executor-63, groupId=spark-kafka-source-43fffd83-d95f-4bf0-b9df-74d6a29c4095-1616614700-executor] Seeking to offset 58438 for partition customer_events-2
2025-12-10 00:14:04.642 [Executor task launch worker for task 0.0 in stage 22.0 (TID 66)] INFO  o.a.k.c.c.i.SubscriptionState - [Consumer clientId=consumer-spark-kafka-source-43fffd83-d95f-4bf0-b9df-74d6a29c4095-1616614700-executor-61, groupId=spark-kafka-source-43fffd83-d95f-4bf0-b9df-74d6a29c4095-1616614700-executor] Resetting offset for partition customer_events-1 to position FetchPosition{offset=61358, offsetEpoch=Optional.empty, currentLeader=LeaderAndEpoch{leader=Optional[localhost:9094 (id: 2 rack: null)], epoch=0}}.
2025-12-10 00:14:04.643 [Executor task launch worker for task 1.0 in stage 22.0 (TID 67)] INFO  o.a.k.c.c.i.SubscriptionState - [Consumer clientId=consumer-spark-kafka-source-43fffd83-d95f-4bf0-b9df-74d6a29c4095-1616614700-executor-62, groupId=spark-kafka-source-43fffd83-d95f-4bf0-b9df-74d6a29c4095-1616614700-executor] Resetting offset for partition customer_events-0 to position FetchPosition{offset=61127, offsetEpoch=Optional.empty, currentLeader=LeaderAndEpoch{leader=Optional[localhost:9092 (id: 0 rack: null)], epoch=0}}.
2025-12-10 00:14:04.643 [Executor task launch worker for task 2.0 in stage 22.0 (TID 68)] INFO  o.a.k.c.c.i.SubscriptionState - [Consumer clientId=consumer-spark-kafka-source-43fffd83-d95f-4bf0-b9df-74d6a29c4095-1616614700-executor-63, groupId=spark-kafka-source-43fffd83-d95f-4bf0-b9df-74d6a29c4095-1616614700-executor] Seeking to earliest offset of partition customer_events-2
2025-12-10 00:14:04.645 [Executor task launch worker for task 0.0 in stage 22.0 (TID 66)] INFO  o.a.k.c.c.i.LegacyKafkaConsumer - [Consumer clientId=consumer-spark-kafka-source-43fffd83-d95f-4bf0-b9df-74d6a29c4095-1616614700-executor-61, groupId=spark-kafka-source-43fffd83-d95f-4bf0-b9df-74d6a29c4095-1616614700-executor] Seeking to offset 58517 for partition customer_events-1
2025-12-10 00:14:04.645 [Executor task launch worker for task 2.0 in stage 22.0 (TID 68)] INFO  o.a.k.c.c.i.SubscriptionState - [Consumer clientId=consumer-spark-kafka-source-43fffd83-d95f-4bf0-b9df-74d6a29c4095-1616614700-executor-63, groupId=spark-kafka-source-43fffd83-d95f-4bf0-b9df-74d6a29c4095-1616614700-executor] Resetting offset for partition customer_events-2 to position FetchPosition{offset=0, offsetEpoch=Optional.empty, currentLeader=LeaderAndEpoch{leader=Optional[localhost:9093 (id: 1 rack: null)], epoch=0}}.
2025-12-10 00:14:04.646 [Executor task launch worker for task 1.0 in stage 22.0 (TID 67)] INFO  o.a.k.c.c.i.LegacyKafkaConsumer - [Consumer clientId=consumer-spark-kafka-source-43fffd83-d95f-4bf0-b9df-74d6a29c4095-1616614700-executor-62, groupId=spark-kafka-source-43fffd83-d95f-4bf0-b9df-74d6a29c4095-1616614700-executor] Seeking to offset 59288 for partition customer_events-0
2025-12-10 00:14:04.647 [Executor task launch worker for task 0.0 in stage 22.0 (TID 66)] INFO  o.a.k.c.c.i.SubscriptionState - [Consumer clientId=consumer-spark-kafka-source-43fffd83-d95f-4bf0-b9df-74d6a29c4095-1616614700-executor-61, groupId=spark-kafka-source-43fffd83-d95f-4bf0-b9df-74d6a29c4095-1616614700-executor] Seeking to earliest offset of partition customer_events-1
2025-12-10 00:14:04.647 [Executor task launch worker for task 2.0 in stage 22.0 (TID 68)] INFO  o.a.k.c.c.i.SubscriptionState - [Consumer clientId=consumer-spark-kafka-source-43fffd83-d95f-4bf0-b9df-74d6a29c4095-1616614700-executor-63, groupId=spark-kafka-source-43fffd83-d95f-4bf0-b9df-74d6a29c4095-1616614700-executor] Seeking to latest offset of partition customer_events-2
2025-12-10 00:14:04.647 [Executor task launch worker for task 1.0 in stage 22.0 (TID 67)] INFO  o.a.k.c.c.i.SubscriptionState - [Consumer clientId=consumer-spark-kafka-source-43fffd83-d95f-4bf0-b9df-74d6a29c4095-1616614700-executor-62, groupId=spark-kafka-source-43fffd83-d95f-4bf0-b9df-74d6a29c4095-1616614700-executor] Seeking to earliest offset of partition customer_events-0
2025-12-10 00:14:04.647 [Executor task launch worker for task 0.0 in stage 22.0 (TID 66)] INFO  o.a.k.c.c.i.SubscriptionState - [Consumer clientId=consumer-spark-kafka-source-43fffd83-d95f-4bf0-b9df-74d6a29c4095-1616614700-executor-61, groupId=spark-kafka-source-43fffd83-d95f-4bf0-b9df-74d6a29c4095-1616614700-executor] Resetting offset for partition customer_events-1 to position FetchPosition{offset=0, offsetEpoch=Optional.empty, currentLeader=LeaderAndEpoch{leader=Optional[localhost:9094 (id: 2 rack: null)], epoch=0}}.
2025-12-10 00:14:04.648 [Executor task launch worker for task 0.0 in stage 22.0 (TID 66)] INFO  o.a.k.c.c.i.SubscriptionState - [Consumer clientId=consumer-spark-kafka-source-43fffd83-d95f-4bf0-b9df-74d6a29c4095-1616614700-executor-61, groupId=spark-kafka-source-43fffd83-d95f-4bf0-b9df-74d6a29c4095-1616614700-executor] Seeking to latest offset of partition customer_events-1
2025-12-10 00:14:04.647 [Executor task launch worker for task 2.0 in stage 22.0 (TID 68)] INFO  o.a.k.c.c.i.SubscriptionState - [Consumer clientId=consumer-spark-kafka-source-43fffd83-d95f-4bf0-b9df-74d6a29c4095-1616614700-executor-63, groupId=spark-kafka-source-43fffd83-d95f-4bf0-b9df-74d6a29c4095-1616614700-executor] Resetting offset for partition customer_events-2 to position FetchPosition{offset=60605, offsetEpoch=Optional.empty, currentLeader=LeaderAndEpoch{leader=Optional[localhost:9093 (id: 1 rack: null)], epoch=0}}.
2025-12-10 00:14:04.648 [Executor task launch worker for task 1.0 in stage 22.0 (TID 67)] INFO  o.a.k.c.c.i.SubscriptionState - [Consumer clientId=consumer-spark-kafka-source-43fffd83-d95f-4bf0-b9df-74d6a29c4095-1616614700-executor-62, groupId=spark-kafka-source-43fffd83-d95f-4bf0-b9df-74d6a29c4095-1616614700-executor] Resetting offset for partition customer_events-0 to position FetchPosition{offset=0, offsetEpoch=Optional.empty, currentLeader=LeaderAndEpoch{leader=Optional[localhost:9092 (id: 0 rack: null)], epoch=0}}.
2025-12-10 00:14:04.648 [Executor task launch worker for task 0.0 in stage 22.0 (TID 66)] INFO  o.a.k.c.c.i.SubscriptionState - [Consumer clientId=consumer-spark-kafka-source-43fffd83-d95f-4bf0-b9df-74d6a29c4095-1616614700-executor-61, groupId=spark-kafka-source-43fffd83-d95f-4bf0-b9df-74d6a29c4095-1616614700-executor] Resetting offset for partition customer_events-1 to position FetchPosition{offset=61358, offsetEpoch=Optional.empty, currentLeader=LeaderAndEpoch{leader=Optional[localhost:9094 (id: 2 rack: null)], epoch=0}}.
2025-12-10 00:14:04.648 [Executor task launch worker for task 1.0 in stage 22.0 (TID 67)] INFO  o.a.k.c.c.i.SubscriptionState - [Consumer clientId=consumer-spark-kafka-source-43fffd83-d95f-4bf0-b9df-74d6a29c4095-1616614700-executor-62, groupId=spark-kafka-source-43fffd83-d95f-4bf0-b9df-74d6a29c4095-1616614700-executor] Seeking to latest offset of partition customer_events-0
2025-12-10 00:14:04.650 [Executor task launch worker for task 1.0 in stage 22.0 (TID 67)] INFO  o.a.k.c.c.i.SubscriptionState - [Consumer clientId=consumer-spark-kafka-source-43fffd83-d95f-4bf0-b9df-74d6a29c4095-1616614700-executor-62, groupId=spark-kafka-source-43fffd83-d95f-4bf0-b9df-74d6a29c4095-1616614700-executor] Resetting offset for partition customer_events-0 to position FetchPosition{offset=61127, offsetEpoch=Optional.empty, currentLeader=LeaderAndEpoch{leader=Optional[localhost:9092 (id: 0 rack: null)], epoch=0}}.
2025-12-10 00:14:04.650 [Executor task launch worker for task 2.0 in stage 22.0 (TID 68)] INFO  o.a.k.c.c.i.LegacyKafkaConsumer - [Consumer clientId=consumer-spark-kafka-source-43fffd83-d95f-4bf0-b9df-74d6a29c4095-1616614700-executor-63, groupId=spark-kafka-source-43fffd83-d95f-4bf0-b9df-74d6a29c4095-1616614700-executor] Seeking to offset 58938 for partition customer_events-2
2025-12-10 00:14:04.650 [Executor task launch worker for task 0.0 in stage 22.0 (TID 66)] INFO  o.a.k.c.c.i.LegacyKafkaConsumer - [Consumer clientId=consumer-spark-kafka-source-43fffd83-d95f-4bf0-b9df-74d6a29c4095-1616614700-executor-61, groupId=spark-kafka-source-43fffd83-d95f-4bf0-b9df-74d6a29c4095-1616614700-executor] Seeking to offset 59017 for partition customer_events-1
2025-12-10 00:14:04.651 [Executor task launch worker for task 0.0 in stage 22.0 (TID 66)] INFO  o.a.k.c.c.i.SubscriptionState - [Consumer clientId=consumer-spark-kafka-source-43fffd83-d95f-4bf0-b9df-74d6a29c4095-1616614700-executor-61, groupId=spark-kafka-source-43fffd83-d95f-4bf0-b9df-74d6a29c4095-1616614700-executor] Seeking to earliest offset of partition customer_events-1
2025-12-10 00:14:04.651 [Executor task launch worker for task 1.0 in stage 22.0 (TID 67)] INFO  o.a.k.c.c.i.LegacyKafkaConsumer - [Consumer clientId=consumer-spark-kafka-source-43fffd83-d95f-4bf0-b9df-74d6a29c4095-1616614700-executor-62, groupId=spark-kafka-source-43fffd83-d95f-4bf0-b9df-74d6a29c4095-1616614700-executor] Seeking to offset 59788 for partition customer_events-0
2025-12-10 00:14:04.652 [Executor task launch worker for task 1.0 in stage 22.0 (TID 67)] INFO  o.a.k.c.c.i.SubscriptionState - [Consumer clientId=consumer-spark-kafka-source-43fffd83-d95f-4bf0-b9df-74d6a29c4095-1616614700-executor-62, groupId=spark-kafka-source-43fffd83-d95f-4bf0-b9df-74d6a29c4095-1616614700-executor] Seeking to earliest offset of partition customer_events-0
2025-12-10 00:14:04.652 [Executor task launch worker for task 2.0 in stage 22.0 (TID 68)] INFO  o.a.k.c.c.i.SubscriptionState - [Consumer clientId=consumer-spark-kafka-source-43fffd83-d95f-4bf0-b9df-74d6a29c4095-1616614700-executor-63, groupId=spark-kafka-source-43fffd83-d95f-4bf0-b9df-74d6a29c4095-1616614700-executor] Seeking to earliest offset of partition customer_events-2
2025-12-10 00:14:04.652 [Executor task launch worker for task 0.0 in stage 22.0 (TID 66)] INFO  o.a.k.c.c.i.SubscriptionState - [Consumer clientId=consumer-spark-kafka-source-43fffd83-d95f-4bf0-b9df-74d6a29c4095-1616614700-executor-61, groupId=spark-kafka-source-43fffd83-d95f-4bf0-b9df-74d6a29c4095-1616614700-executor] Resetting offset for partition customer_events-1 to position FetchPosition{offset=0, offsetEpoch=Optional.empty, currentLeader=LeaderAndEpoch{leader=Optional[localhost:9094 (id: 2 rack: null)], epoch=0}}.
2025-12-10 00:14:04.653 [Executor task launch worker for task 1.0 in stage 22.0 (TID 67)] INFO  o.a.k.c.c.i.SubscriptionState - [Consumer clientId=consumer-spark-kafka-source-43fffd83-d95f-4bf0-b9df-74d6a29c4095-1616614700-executor-62, groupId=spark-kafka-source-43fffd83-d95f-4bf0-b9df-74d6a29c4095-1616614700-executor] Resetting offset for partition customer_events-0 to position FetchPosition{offset=0, offsetEpoch=Optional.empty, currentLeader=LeaderAndEpoch{leader=Optional[localhost:9092 (id: 0 rack: null)], epoch=0}}.
2025-12-10 00:14:04.653 [Executor task launch worker for task 1.0 in stage 22.0 (TID 67)] INFO  o.a.k.c.c.i.SubscriptionState - [Consumer clientId=consumer-spark-kafka-source-43fffd83-d95f-4bf0-b9df-74d6a29c4095-1616614700-executor-62, groupId=spark-kafka-source-43fffd83-d95f-4bf0-b9df-74d6a29c4095-1616614700-executor] Seeking to latest offset of partition customer_events-0
2025-12-10 00:14:04.653 [Executor task launch worker for task 0.0 in stage 22.0 (TID 66)] INFO  o.a.k.c.c.i.SubscriptionState - [Consumer clientId=consumer-spark-kafka-source-43fffd83-d95f-4bf0-b9df-74d6a29c4095-1616614700-executor-61, groupId=spark-kafka-source-43fffd83-d95f-4bf0-b9df-74d6a29c4095-1616614700-executor] Seeking to latest offset of partition customer_events-1
2025-12-10 00:14:04.654 [Executor task launch worker for task 2.0 in stage 22.0 (TID 68)] INFO  o.a.k.c.c.i.SubscriptionState - [Consumer clientId=consumer-spark-kafka-source-43fffd83-d95f-4bf0-b9df-74d6a29c4095-1616614700-executor-63, groupId=spark-kafka-source-43fffd83-d95f-4bf0-b9df-74d6a29c4095-1616614700-executor] Resetting offset for partition customer_events-2 to position FetchPosition{offset=0, offsetEpoch=Optional.empty, currentLeader=LeaderAndEpoch{leader=Optional[localhost:9093 (id: 1 rack: null)], epoch=0}}.
2025-12-10 00:14:04.656 [Executor task launch worker for task 1.0 in stage 22.0 (TID 67)] INFO  o.a.k.c.c.i.SubscriptionState - [Consumer clientId=consumer-spark-kafka-source-43fffd83-d95f-4bf0-b9df-74d6a29c4095-1616614700-executor-62, groupId=spark-kafka-source-43fffd83-d95f-4bf0-b9df-74d6a29c4095-1616614700-executor] Resetting offset for partition customer_events-0 to position FetchPosition{offset=61127, offsetEpoch=Optional.empty, currentLeader=LeaderAndEpoch{leader=Optional[localhost:9092 (id: 0 rack: null)], epoch=0}}.
2025-12-10 00:14:04.658 [Executor task launch worker for task 2.0 in stage 22.0 (TID 68)] INFO  o.a.k.c.c.i.SubscriptionState - [Consumer clientId=consumer-spark-kafka-source-43fffd83-d95f-4bf0-b9df-74d6a29c4095-1616614700-executor-63, groupId=spark-kafka-source-43fffd83-d95f-4bf0-b9df-74d6a29c4095-1616614700-executor] Seeking to latest offset of partition customer_events-2
2025-12-10 00:14:04.657 [Executor task launch worker for task 0.0 in stage 22.0 (TID 66)] INFO  o.a.k.c.c.i.SubscriptionState - [Consumer clientId=consumer-spark-kafka-source-43fffd83-d95f-4bf0-b9df-74d6a29c4095-1616614700-executor-61, groupId=spark-kafka-source-43fffd83-d95f-4bf0-b9df-74d6a29c4095-1616614700-executor] Resetting offset for partition customer_events-1 to position FetchPosition{offset=61358, offsetEpoch=Optional.empty, currentLeader=LeaderAndEpoch{leader=Optional[localhost:9094 (id: 2 rack: null)], epoch=0}}.
2025-12-10 00:14:04.659 [Executor task launch worker for task 0.0 in stage 22.0 (TID 66)] INFO  o.a.k.c.c.i.LegacyKafkaConsumer - [Consumer clientId=consumer-spark-kafka-source-43fffd83-d95f-4bf0-b9df-74d6a29c4095-1616614700-executor-61, groupId=spark-kafka-source-43fffd83-d95f-4bf0-b9df-74d6a29c4095-1616614700-executor] Seeking to offset 59517 for partition customer_events-1
2025-12-10 00:14:04.659 [Executor task launch worker for task 2.0 in stage 22.0 (TID 68)] INFO  o.a.k.c.c.i.SubscriptionState - [Consumer clientId=consumer-spark-kafka-source-43fffd83-d95f-4bf0-b9df-74d6a29c4095-1616614700-executor-63, groupId=spark-kafka-source-43fffd83-d95f-4bf0-b9df-74d6a29c4095-1616614700-executor] Resetting offset for partition customer_events-2 to position FetchPosition{offset=60605, offsetEpoch=Optional.empty, currentLeader=LeaderAndEpoch{leader=Optional[localhost:9093 (id: 1 rack: null)], epoch=0}}.
2025-12-10 00:14:04.660 [Executor task launch worker for task 0.0 in stage 22.0 (TID 66)] INFO  o.a.k.c.c.i.SubscriptionState - [Consumer clientId=consumer-spark-kafka-source-43fffd83-d95f-4bf0-b9df-74d6a29c4095-1616614700-executor-61, groupId=spark-kafka-source-43fffd83-d95f-4bf0-b9df-74d6a29c4095-1616614700-executor] Seeking to earliest offset of partition customer_events-1
2025-12-10 00:14:04.661 [Executor task launch worker for task 0.0 in stage 22.0 (TID 66)] INFO  o.a.k.c.c.i.SubscriptionState - [Consumer clientId=consumer-spark-kafka-source-43fffd83-d95f-4bf0-b9df-74d6a29c4095-1616614700-executor-61, groupId=spark-kafka-source-43fffd83-d95f-4bf0-b9df-74d6a29c4095-1616614700-executor] Resetting offset for partition customer_events-1 to position FetchPosition{offset=0, offsetEpoch=Optional.empty, currentLeader=LeaderAndEpoch{leader=Optional[localhost:9094 (id: 2 rack: null)], epoch=0}}.
2025-12-10 00:14:04.661 [Executor task launch worker for task 0.0 in stage 22.0 (TID 66)] INFO  o.a.k.c.c.i.SubscriptionState - [Consumer clientId=consumer-spark-kafka-source-43fffd83-d95f-4bf0-b9df-74d6a29c4095-1616614700-executor-61, groupId=spark-kafka-source-43fffd83-d95f-4bf0-b9df-74d6a29c4095-1616614700-executor] Seeking to latest offset of partition customer_events-1
2025-12-10 00:14:04.661 [Executor task launch worker for task 1.0 in stage 22.0 (TID 67)] INFO  o.a.parquet.hadoop.codec.CodecConfig - Compression: SNAPPY
2025-12-10 00:14:04.662 [Executor task launch worker for task 0.0 in stage 22.0 (TID 66)] INFO  o.a.k.c.c.i.SubscriptionState - [Consumer clientId=consumer-spark-kafka-source-43fffd83-d95f-4bf0-b9df-74d6a29c4095-1616614700-executor-61, groupId=spark-kafka-source-43fffd83-d95f-4bf0-b9df-74d6a29c4095-1616614700-executor] Resetting offset for partition customer_events-1 to position FetchPosition{offset=61359, offsetEpoch=Optional.empty, currentLeader=LeaderAndEpoch{leader=Optional[localhost:9094 (id: 2 rack: null)], epoch=0}}.
2025-12-10 00:14:04.662 [Executor task launch worker for task 1.0 in stage 22.0 (TID 67)] INFO  o.a.parquet.hadoop.codec.CodecConfig - Compression: SNAPPY
2025-12-10 00:14:04.663 [Executor task launch worker for task 1.0 in stage 22.0 (TID 67)] INFO  o.a.p.hadoop.ParquetOutputFormat - ParquetRecordWriter [block size: 134217728b, row group padding size: 8388608b, validating: false]
2025-12-10 00:14:04.664 [Executor task launch worker for task 2.0 in stage 22.0 (TID 68)] INFO  o.a.parquet.hadoop.codec.CodecConfig - Compression: SNAPPY
2025-12-10 00:14:04.664 [Executor task launch worker for task 0.0 in stage 22.0 (TID 66)] INFO  o.a.k.c.c.i.LegacyKafkaConsumer - [Consumer clientId=consumer-spark-kafka-source-43fffd83-d95f-4bf0-b9df-74d6a29c4095-1616614700-executor-61, groupId=spark-kafka-source-43fffd83-d95f-4bf0-b9df-74d6a29c4095-1616614700-executor] Seeking to offset 60017 for partition customer_events-1
2025-12-10 00:14:04.665 [Executor task launch worker for task 2.0 in stage 22.0 (TID 68)] INFO  o.a.parquet.hadoop.codec.CodecConfig - Compression: SNAPPY
2025-12-10 00:14:04.665 [Executor task launch worker for task 0.0 in stage 22.0 (TID 66)] INFO  o.a.k.c.c.i.SubscriptionState - [Consumer clientId=consumer-spark-kafka-source-43fffd83-d95f-4bf0-b9df-74d6a29c4095-1616614700-executor-61, groupId=spark-kafka-source-43fffd83-d95f-4bf0-b9df-74d6a29c4095-1616614700-executor] Seeking to earliest offset of partition customer_events-1
2025-12-10 00:14:04.665 [Executor task launch worker for task 2.0 in stage 22.0 (TID 68)] INFO  o.a.p.hadoop.ParquetOutputFormat - ParquetRecordWriter [block size: 134217728b, row group padding size: 8388608b, validating: false]
2025-12-10 00:14:04.666 [Executor task launch worker for task 0.0 in stage 22.0 (TID 66)] INFO  o.a.k.c.c.i.SubscriptionState - [Consumer clientId=consumer-spark-kafka-source-43fffd83-d95f-4bf0-b9df-74d6a29c4095-1616614700-executor-61, groupId=spark-kafka-source-43fffd83-d95f-4bf0-b9df-74d6a29c4095-1616614700-executor] Resetting offset for partition customer_events-1 to position FetchPosition{offset=0, offsetEpoch=Optional.empty, currentLeader=LeaderAndEpoch{leader=Optional[localhost:9094 (id: 2 rack: null)], epoch=0}}.
2025-12-10 00:14:04.666 [Executor task launch worker for task 0.0 in stage 22.0 (TID 66)] INFO  o.a.k.c.c.i.SubscriptionState - [Consumer clientId=consumer-spark-kafka-source-43fffd83-d95f-4bf0-b9df-74d6a29c4095-1616614700-executor-61, groupId=spark-kafka-source-43fffd83-d95f-4bf0-b9df-74d6a29c4095-1616614700-executor] Seeking to latest offset of partition customer_events-1
2025-12-10 00:14:04.667 [Executor task launch worker for task 0.0 in stage 22.0 (TID 66)] INFO  o.a.k.c.c.i.SubscriptionState - [Consumer clientId=consumer-spark-kafka-source-43fffd83-d95f-4bf0-b9df-74d6a29c4095-1616614700-executor-61, groupId=spark-kafka-source-43fffd83-d95f-4bf0-b9df-74d6a29c4095-1616614700-executor] Resetting offset for partition customer_events-1 to position FetchPosition{offset=61359, offsetEpoch=Optional.empty, currentLeader=LeaderAndEpoch{leader=Optional[localhost:9094 (id: 2 rack: null)], epoch=0}}.
2025-12-10 00:14:04.670 [Executor task launch worker for task 0.0 in stage 22.0 (TID 66)] INFO  o.a.parquet.hadoop.codec.CodecConfig - Compression: SNAPPY
2025-12-10 00:14:04.670 [Executor task launch worker for task 0.0 in stage 22.0 (TID 66)] INFO  o.a.parquet.hadoop.codec.CodecConfig - Compression: SNAPPY
2025-12-10 00:14:04.671 [Executor task launch worker for task 0.0 in stage 22.0 (TID 66)] INFO  o.a.p.hadoop.ParquetOutputFormat - ParquetRecordWriter [block size: 134217728b, row group padding size: 8388608b, validating: false]
2025-12-10 00:14:21.214 [kafka-admin-client-thread | adminclient-1] INFO  o.apache.kafka.clients.NetworkClient - [AdminClient clientId=adminclient-1] Node 0 disconnected.
2025-12-10 00:14:28.542 [Executor task launch worker for task 2.0 in stage 23.0 (TID 71)] INFO  o.a.k.c.c.i.LegacyKafkaConsumer - [Consumer clientId=consumer-spark-kafka-source-43fffd83-d95f-4bf0-b9df-74d6a29c4095-1616614700-executor-63, groupId=spark-kafka-source-43fffd83-d95f-4bf0-b9df-74d6a29c4095-1616614700-executor] Seeking to offset 59438 for partition customer_events-2
2025-12-10 00:14:28.543 [Executor task launch worker for task 2.0 in stage 23.0 (TID 71)] INFO  o.a.k.c.c.i.SubscriptionState - [Consumer clientId=consumer-spark-kafka-source-43fffd83-d95f-4bf0-b9df-74d6a29c4095-1616614700-executor-63, groupId=spark-kafka-source-43fffd83-d95f-4bf0-b9df-74d6a29c4095-1616614700-executor] Seeking to earliest offset of partition customer_events-2
2025-12-10 00:14:28.543 [Executor task launch worker for task 0.0 in stage 23.0 (TID 69)] INFO  o.a.k.c.c.i.LegacyKafkaConsumer - [Consumer clientId=consumer-spark-kafka-source-43fffd83-d95f-4bf0-b9df-74d6a29c4095-1616614700-executor-61, groupId=spark-kafka-source-43fffd83-d95f-4bf0-b9df-74d6a29c4095-1616614700-executor] Seeking to offset 60517 for partition customer_events-1
2025-12-10 00:14:28.544 [Executor task launch worker for task 1.0 in stage 23.0 (TID 70)] INFO  o.a.k.c.c.i.LegacyKafkaConsumer - [Consumer clientId=consumer-spark-kafka-source-43fffd83-d95f-4bf0-b9df-74d6a29c4095-1616614700-executor-62, groupId=spark-kafka-source-43fffd83-d95f-4bf0-b9df-74d6a29c4095-1616614700-executor] Seeking to offset 60288 for partition customer_events-0
2025-12-10 00:14:28.545 [Executor task launch worker for task 2.0 in stage 23.0 (TID 71)] INFO  o.a.k.c.c.i.SubscriptionState - [Consumer clientId=consumer-spark-kafka-source-43fffd83-d95f-4bf0-b9df-74d6a29c4095-1616614700-executor-63, groupId=spark-kafka-source-43fffd83-d95f-4bf0-b9df-74d6a29c4095-1616614700-executor] Resetting offset for partition customer_events-2 to position FetchPosition{offset=0, offsetEpoch=Optional.empty, currentLeader=LeaderAndEpoch{leader=Optional[localhost:9093 (id: 1 rack: null)], epoch=0}}.
2025-12-10 00:14:28.546 [Executor task launch worker for task 2.0 in stage 23.0 (TID 71)] INFO  o.a.k.c.c.i.SubscriptionState - [Consumer clientId=consumer-spark-kafka-source-43fffd83-d95f-4bf0-b9df-74d6a29c4095-1616614700-executor-63, groupId=spark-kafka-source-43fffd83-d95f-4bf0-b9df-74d6a29c4095-1616614700-executor] Seeking to latest offset of partition customer_events-2
2025-12-10 00:14:28.547 [Executor task launch worker for task 2.0 in stage 23.0 (TID 71)] INFO  o.a.k.c.c.i.SubscriptionState - [Consumer clientId=consumer-spark-kafka-source-43fffd83-d95f-4bf0-b9df-74d6a29c4095-1616614700-executor-63, groupId=spark-kafka-source-43fffd83-d95f-4bf0-b9df-74d6a29c4095-1616614700-executor] Resetting offset for partition customer_events-2 to position FetchPosition{offset=60675, offsetEpoch=Optional.empty, currentLeader=LeaderAndEpoch{leader=Optional[localhost:9093 (id: 1 rack: null)], epoch=0}}.
2025-12-10 00:14:28.547 [Executor task launch worker for task 0.0 in stage 23.0 (TID 69)] INFO  o.a.k.c.c.i.SubscriptionState - [Consumer clientId=consumer-spark-kafka-source-43fffd83-d95f-4bf0-b9df-74d6a29c4095-1616614700-executor-61, groupId=spark-kafka-source-43fffd83-d95f-4bf0-b9df-74d6a29c4095-1616614700-executor] Seeking to earliest offset of partition customer_events-1
2025-12-10 00:14:28.549 [Executor task launch worker for task 1.0 in stage 23.0 (TID 70)] INFO  o.a.k.c.c.i.SubscriptionState - [Consumer clientId=consumer-spark-kafka-source-43fffd83-d95f-4bf0-b9df-74d6a29c4095-1616614700-executor-62, groupId=spark-kafka-source-43fffd83-d95f-4bf0-b9df-74d6a29c4095-1616614700-executor] Seeking to earliest offset of partition customer_events-0
2025-12-10 00:14:28.549 [Executor task launch worker for task 0.0 in stage 23.0 (TID 69)] INFO  o.a.k.c.c.i.SubscriptionState - [Consumer clientId=consumer-spark-kafka-source-43fffd83-d95f-4bf0-b9df-74d6a29c4095-1616614700-executor-61, groupId=spark-kafka-source-43fffd83-d95f-4bf0-b9df-74d6a29c4095-1616614700-executor] Resetting offset for partition customer_events-1 to position FetchPosition{offset=0, offsetEpoch=Optional.empty, currentLeader=LeaderAndEpoch{leader=Optional[localhost:9094 (id: 2 rack: null)], epoch=0}}.
2025-12-10 00:14:28.550 [Executor task launch worker for task 0.0 in stage 23.0 (TID 69)] INFO  o.a.k.c.c.i.SubscriptionState - [Consumer clientId=consumer-spark-kafka-source-43fffd83-d95f-4bf0-b9df-74d6a29c4095-1616614700-executor-61, groupId=spark-kafka-source-43fffd83-d95f-4bf0-b9df-74d6a29c4095-1616614700-executor] Seeking to latest offset of partition customer_events-1
2025-12-10 00:14:28.550 [Executor task launch worker for task 0.0 in stage 23.0 (TID 69)] INFO  o.a.k.c.c.i.SubscriptionState - [Consumer clientId=consumer-spark-kafka-source-43fffd83-d95f-4bf0-b9df-74d6a29c4095-1616614700-executor-61, groupId=spark-kafka-source-43fffd83-d95f-4bf0-b9df-74d6a29c4095-1616614700-executor] Resetting offset for partition customer_events-1 to position FetchPosition{offset=61436, offsetEpoch=Optional.empty, currentLeader=LeaderAndEpoch{leader=Optional[localhost:9094 (id: 2 rack: null)], epoch=0}}.
2025-12-10 00:14:28.550 [Executor task launch worker for task 2.0 in stage 23.0 (TID 71)] INFO  o.a.k.c.c.i.LegacyKafkaConsumer - [Consumer clientId=consumer-spark-kafka-source-43fffd83-d95f-4bf0-b9df-74d6a29c4095-1616614700-executor-63, groupId=spark-kafka-source-43fffd83-d95f-4bf0-b9df-74d6a29c4095-1616614700-executor] Seeking to offset 59938 for partition customer_events-2
2025-12-10 00:14:28.550 [Executor task launch worker for task 1.0 in stage 23.0 (TID 70)] INFO  o.a.k.c.c.i.SubscriptionState - [Consumer clientId=consumer-spark-kafka-source-43fffd83-d95f-4bf0-b9df-74d6a29c4095-1616614700-executor-62, groupId=spark-kafka-source-43fffd83-d95f-4bf0-b9df-74d6a29c4095-1616614700-executor] Resetting offset for partition customer_events-0 to position FetchPosition{offset=0, offsetEpoch=Optional.empty, currentLeader=LeaderAndEpoch{leader=Optional[localhost:9092 (id: 0 rack: null)], epoch=0}}.
2025-12-10 00:14:28.550 [Executor task launch worker for task 1.0 in stage 23.0 (TID 70)] INFO  o.a.k.c.c.i.SubscriptionState - [Consumer clientId=consumer-spark-kafka-source-43fffd83-d95f-4bf0-b9df-74d6a29c4095-1616614700-executor-62, groupId=spark-kafka-source-43fffd83-d95f-4bf0-b9df-74d6a29c4095-1616614700-executor] Seeking to latest offset of partition customer_events-0
2025-12-10 00:14:28.550 [Executor task launch worker for task 1.0 in stage 23.0 (TID 70)] INFO  o.a.k.c.c.i.SubscriptionState - [Consumer clientId=consumer-spark-kafka-source-43fffd83-d95f-4bf0-b9df-74d6a29c4095-1616614700-executor-62, groupId=spark-kafka-source-43fffd83-d95f-4bf0-b9df-74d6a29c4095-1616614700-executor] Resetting offset for partition customer_events-0 to position FetchPosition{offset=61218, offsetEpoch=Optional.empty, currentLeader=LeaderAndEpoch{leader=Optional[localhost:9092 (id: 0 rack: null)], epoch=0}}.
2025-12-10 00:14:28.551 [Executor task launch worker for task 0.0 in stage 23.0 (TID 69)] INFO  o.a.k.c.c.i.LegacyKafkaConsumer - [Consumer clientId=consumer-spark-kafka-source-43fffd83-d95f-4bf0-b9df-74d6a29c4095-1616614700-executor-61, groupId=spark-kafka-source-43fffd83-d95f-4bf0-b9df-74d6a29c4095-1616614700-executor] Seeking to offset 61017 for partition customer_events-1
2025-12-10 00:14:28.551 [Executor task launch worker for task 2.0 in stage 23.0 (TID 71)] INFO  o.a.k.c.c.i.SubscriptionState - [Consumer clientId=consumer-spark-kafka-source-43fffd83-d95f-4bf0-b9df-74d6a29c4095-1616614700-executor-63, groupId=spark-kafka-source-43fffd83-d95f-4bf0-b9df-74d6a29c4095-1616614700-executor] Seeking to earliest offset of partition customer_events-2
2025-12-10 00:14:28.552 [Executor task launch worker for task 2.0 in stage 23.0 (TID 71)] INFO  o.a.k.c.c.i.SubscriptionState - [Consumer clientId=consumer-spark-kafka-source-43fffd83-d95f-4bf0-b9df-74d6a29c4095-1616614700-executor-63, groupId=spark-kafka-source-43fffd83-d95f-4bf0-b9df-74d6a29c4095-1616614700-executor] Resetting offset for partition customer_events-2 to position FetchPosition{offset=0, offsetEpoch=Optional.empty, currentLeader=LeaderAndEpoch{leader=Optional[localhost:9093 (id: 1 rack: null)], epoch=0}}.
2025-12-10 00:14:28.552 [Executor task launch worker for task 2.0 in stage 23.0 (TID 71)] INFO  o.a.k.c.c.i.SubscriptionState - [Consumer clientId=consumer-spark-kafka-source-43fffd83-d95f-4bf0-b9df-74d6a29c4095-1616614700-executor-63, groupId=spark-kafka-source-43fffd83-d95f-4bf0-b9df-74d6a29c4095-1616614700-executor] Seeking to latest offset of partition customer_events-2
2025-12-10 00:14:28.552 [Executor task launch worker for task 1.0 in stage 23.0 (TID 70)] INFO  o.a.k.c.c.i.LegacyKafkaConsumer - [Consumer clientId=consumer-spark-kafka-source-43fffd83-d95f-4bf0-b9df-74d6a29c4095-1616614700-executor-62, groupId=spark-kafka-source-43fffd83-d95f-4bf0-b9df-74d6a29c4095-1616614700-executor] Seeking to offset 60788 for partition customer_events-0
2025-12-10 00:14:28.552 [Executor task launch worker for task 2.0 in stage 23.0 (TID 71)] INFO  o.a.k.c.c.i.SubscriptionState - [Consumer clientId=consumer-spark-kafka-source-43fffd83-d95f-4bf0-b9df-74d6a29c4095-1616614700-executor-63, groupId=spark-kafka-source-43fffd83-d95f-4bf0-b9df-74d6a29c4095-1616614700-executor] Resetting offset for partition customer_events-2 to position FetchPosition{offset=60675, offsetEpoch=Optional.empty, currentLeader=LeaderAndEpoch{leader=Optional[localhost:9093 (id: 1 rack: null)], epoch=0}}.
2025-12-10 00:14:28.552 [Executor task launch worker for task 0.0 in stage 23.0 (TID 69)] INFO  o.a.k.c.c.i.SubscriptionState - [Consumer clientId=consumer-spark-kafka-source-43fffd83-d95f-4bf0-b9df-74d6a29c4095-1616614700-executor-61, groupId=spark-kafka-source-43fffd83-d95f-4bf0-b9df-74d6a29c4095-1616614700-executor] Seeking to earliest offset of partition customer_events-1
2025-12-10 00:14:28.554 [Executor task launch worker for task 1.0 in stage 23.0 (TID 70)] INFO  o.a.k.c.c.i.SubscriptionState - [Consumer clientId=consumer-spark-kafka-source-43fffd83-d95f-4bf0-b9df-74d6a29c4095-1616614700-executor-62, groupId=spark-kafka-source-43fffd83-d95f-4bf0-b9df-74d6a29c4095-1616614700-executor] Seeking to earliest offset of partition customer_events-0
2025-12-10 00:14:28.554 [Executor task launch worker for task 2.0 in stage 23.0 (TID 71)] INFO  o.a.k.c.c.i.LegacyKafkaConsumer - [Consumer clientId=consumer-spark-kafka-source-43fffd83-d95f-4bf0-b9df-74d6a29c4095-1616614700-executor-63, groupId=spark-kafka-source-43fffd83-d95f-4bf0-b9df-74d6a29c4095-1616614700-executor] Seeking to offset 60438 for partition customer_events-2
2025-12-10 00:14:28.555 [Executor task launch worker for task 0.0 in stage 23.0 (TID 69)] INFO  o.a.k.c.c.i.SubscriptionState - [Consumer clientId=consumer-spark-kafka-source-43fffd83-d95f-4bf0-b9df-74d6a29c4095-1616614700-executor-61, groupId=spark-kafka-source-43fffd83-d95f-4bf0-b9df-74d6a29c4095-1616614700-executor] Resetting offset for partition customer_events-1 to position FetchPosition{offset=0, offsetEpoch=Optional.empty, currentLeader=LeaderAndEpoch{leader=Optional[localhost:9094 (id: 2 rack: null)], epoch=0}}.
2025-12-10 00:14:28.555 [Executor task launch worker for task 2.0 in stage 23.0 (TID 71)] INFO  o.a.k.c.c.i.SubscriptionState - [Consumer clientId=consumer-spark-kafka-source-43fffd83-d95f-4bf0-b9df-74d6a29c4095-1616614700-executor-63, groupId=spark-kafka-source-43fffd83-d95f-4bf0-b9df-74d6a29c4095-1616614700-executor] Seeking to earliest offset of partition customer_events-2
2025-12-10 00:14:28.555 [Executor task launch worker for task 0.0 in stage 23.0 (TID 69)] INFO  o.a.k.c.c.i.SubscriptionState - [Consumer clientId=consumer-spark-kafka-source-43fffd83-d95f-4bf0-b9df-74d6a29c4095-1616614700-executor-61, groupId=spark-kafka-source-43fffd83-d95f-4bf0-b9df-74d6a29c4095-1616614700-executor] Seeking to latest offset of partition customer_events-1
2025-12-10 00:14:28.555 [Executor task launch worker for task 0.0 in stage 23.0 (TID 69)] INFO  o.a.k.c.c.i.SubscriptionState - [Consumer clientId=consumer-spark-kafka-source-43fffd83-d95f-4bf0-b9df-74d6a29c4095-1616614700-executor-61, groupId=spark-kafka-source-43fffd83-d95f-4bf0-b9df-74d6a29c4095-1616614700-executor] Resetting offset for partition customer_events-1 to position FetchPosition{offset=61436, offsetEpoch=Optional.empty, currentLeader=LeaderAndEpoch{leader=Optional[localhost:9094 (id: 2 rack: null)], epoch=0}}.
2025-12-10 00:14:28.555 [Executor task launch worker for task 1.0 in stage 23.0 (TID 70)] INFO  o.a.k.c.c.i.SubscriptionState - [Consumer clientId=consumer-spark-kafka-source-43fffd83-d95f-4bf0-b9df-74d6a29c4095-1616614700-executor-62, groupId=spark-kafka-source-43fffd83-d95f-4bf0-b9df-74d6a29c4095-1616614700-executor] Resetting offset for partition customer_events-0 to position FetchPosition{offset=0, offsetEpoch=Optional.empty, currentLeader=LeaderAndEpoch{leader=Optional[localhost:9092 (id: 0 rack: null)], epoch=0}}.
2025-12-10 00:14:28.555 [Executor task launch worker for task 1.0 in stage 23.0 (TID 70)] INFO  o.a.k.c.c.i.SubscriptionState - [Consumer clientId=consumer-spark-kafka-source-43fffd83-d95f-4bf0-b9df-74d6a29c4095-1616614700-executor-62, groupId=spark-kafka-source-43fffd83-d95f-4bf0-b9df-74d6a29c4095-1616614700-executor] Seeking to latest offset of partition customer_events-0
2025-12-10 00:14:28.556 [Executor task launch worker for task 1.0 in stage 23.0 (TID 70)] INFO  o.a.k.c.c.i.SubscriptionState - [Consumer clientId=consumer-spark-kafka-source-43fffd83-d95f-4bf0-b9df-74d6a29c4095-1616614700-executor-62, groupId=spark-kafka-source-43fffd83-d95f-4bf0-b9df-74d6a29c4095-1616614700-executor] Resetting offset for partition customer_events-0 to position FetchPosition{offset=61218, offsetEpoch=Optional.empty, currentLeader=LeaderAndEpoch{leader=Optional[localhost:9092 (id: 0 rack: null)], epoch=0}}.
2025-12-10 00:14:28.557 [Executor task launch worker for task 1.0 in stage 23.0 (TID 70)] INFO  o.a.k.c.c.i.LegacyKafkaConsumer - [Consumer clientId=consumer-spark-kafka-source-43fffd83-d95f-4bf0-b9df-74d6a29c4095-1616614700-executor-62, groupId=spark-kafka-source-43fffd83-d95f-4bf0-b9df-74d6a29c4095-1616614700-executor] Seeking to offset 61127 for partition customer_events-0
2025-12-10 00:14:28.557 [Executor task launch worker for task 0.0 in stage 23.0 (TID 69)] INFO  o.a.k.c.c.i.LegacyKafkaConsumer - [Consumer clientId=consumer-spark-kafka-source-43fffd83-d95f-4bf0-b9df-74d6a29c4095-1616614700-executor-61, groupId=spark-kafka-source-43fffd83-d95f-4bf0-b9df-74d6a29c4095-1616614700-executor] Seeking to offset 61358 for partition customer_events-1
2025-12-10 00:14:28.558 [Executor task launch worker for task 1.0 in stage 23.0 (TID 70)] INFO  o.a.k.c.c.i.SubscriptionState - [Consumer clientId=consumer-spark-kafka-source-43fffd83-d95f-4bf0-b9df-74d6a29c4095-1616614700-executor-62, groupId=spark-kafka-source-43fffd83-d95f-4bf0-b9df-74d6a29c4095-1616614700-executor] Seeking to earliest offset of partition customer_events-0
2025-12-10 00:14:28.558 [Executor task launch worker for task 0.0 in stage 23.0 (TID 69)] INFO  o.a.k.c.c.i.SubscriptionState - [Consumer clientId=consumer-spark-kafka-source-43fffd83-d95f-4bf0-b9df-74d6a29c4095-1616614700-executor-61, groupId=spark-kafka-source-43fffd83-d95f-4bf0-b9df-74d6a29c4095-1616614700-executor] Seeking to earliest offset of partition customer_events-1
2025-12-10 00:14:28.559 [Executor task launch worker for task 2.0 in stage 23.0 (TID 71)] INFO  o.a.k.c.c.i.SubscriptionState - [Consumer clientId=consumer-spark-kafka-source-43fffd83-d95f-4bf0-b9df-74d6a29c4095-1616614700-executor-63, groupId=spark-kafka-source-43fffd83-d95f-4bf0-b9df-74d6a29c4095-1616614700-executor] Resetting offset for partition customer_events-2 to position FetchPosition{offset=0, offsetEpoch=Optional.empty, currentLeader=LeaderAndEpoch{leader=Optional[localhost:9093 (id: 1 rack: null)], epoch=0}}.
2025-12-10 00:14:28.559 [Executor task launch worker for task 2.0 in stage 23.0 (TID 71)] INFO  o.a.k.c.c.i.SubscriptionState - [Consumer clientId=consumer-spark-kafka-source-43fffd83-d95f-4bf0-b9df-74d6a29c4095-1616614700-executor-63, groupId=spark-kafka-source-43fffd83-d95f-4bf0-b9df-74d6a29c4095-1616614700-executor] Seeking to latest offset of partition customer_events-2
2025-12-10 00:14:28.560 [Executor task launch worker for task 2.0 in stage 23.0 (TID 71)] INFO  o.a.k.c.c.i.SubscriptionState - [Consumer clientId=consumer-spark-kafka-source-43fffd83-d95f-4bf0-b9df-74d6a29c4095-1616614700-executor-63, groupId=spark-kafka-source-43fffd83-d95f-4bf0-b9df-74d6a29c4095-1616614700-executor] Resetting offset for partition customer_events-2 to position FetchPosition{offset=60675, offsetEpoch=Optional.empty, currentLeader=LeaderAndEpoch{leader=Optional[localhost:9093 (id: 1 rack: null)], epoch=0}}.
2025-12-10 00:14:28.560 [Executor task launch worker for task 2.0 in stage 23.0 (TID 71)] INFO  o.a.k.c.c.i.LegacyKafkaConsumer - [Consumer clientId=consumer-spark-kafka-source-43fffd83-d95f-4bf0-b9df-74d6a29c4095-1616614700-executor-63, groupId=spark-kafka-source-43fffd83-d95f-4bf0-b9df-74d6a29c4095-1616614700-executor] Seeking to offset 60605 for partition customer_events-2
2025-12-10 00:14:28.560 [Executor task launch worker for task 2.0 in stage 23.0 (TID 71)] INFO  o.a.k.c.c.i.SubscriptionState - [Consumer clientId=consumer-spark-kafka-source-43fffd83-d95f-4bf0-b9df-74d6a29c4095-1616614700-executor-63, groupId=spark-kafka-source-43fffd83-d95f-4bf0-b9df-74d6a29c4095-1616614700-executor] Seeking to earliest offset of partition customer_events-2
2025-12-10 00:14:28.561 [Executor task launch worker for task 1.0 in stage 23.0 (TID 70)] INFO  o.a.k.c.c.i.SubscriptionState - [Consumer clientId=consumer-spark-kafka-source-43fffd83-d95f-4bf0-b9df-74d6a29c4095-1616614700-executor-62, groupId=spark-kafka-source-43fffd83-d95f-4bf0-b9df-74d6a29c4095-1616614700-executor] Resetting offset for partition customer_events-0 to position FetchPosition{offset=0, offsetEpoch=Optional.empty, currentLeader=LeaderAndEpoch{leader=Optional[localhost:9092 (id: 0 rack: null)], epoch=0}}.
2025-12-10 00:14:28.561 [Executor task launch worker for task 1.0 in stage 23.0 (TID 70)] INFO  o.a.k.c.c.i.SubscriptionState - [Consumer clientId=consumer-spark-kafka-source-43fffd83-d95f-4bf0-b9df-74d6a29c4095-1616614700-executor-62, groupId=spark-kafka-source-43fffd83-d95f-4bf0-b9df-74d6a29c4095-1616614700-executor] Seeking to latest offset of partition customer_events-0
2025-12-10 00:14:28.562 [Executor task launch worker for task 1.0 in stage 23.0 (TID 70)] INFO  o.a.k.c.c.i.SubscriptionState - [Consumer clientId=consumer-spark-kafka-source-43fffd83-d95f-4bf0-b9df-74d6a29c4095-1616614700-executor-62, groupId=spark-kafka-source-43fffd83-d95f-4bf0-b9df-74d6a29c4095-1616614700-executor] Resetting offset for partition customer_events-0 to position FetchPosition{offset=61219, offsetEpoch=Optional.empty, currentLeader=LeaderAndEpoch{leader=Optional[localhost:9092 (id: 0 rack: null)], epoch=0}}.
2025-12-10 00:14:28.565 [Executor task launch worker for task 1.0 in stage 23.0 (TID 70)] INFO  o.a.parquet.hadoop.codec.CodecConfig - Compression: SNAPPY
2025-12-10 00:14:28.565 [Executor task launch worker for task 1.0 in stage 23.0 (TID 70)] INFO  o.a.parquet.hadoop.codec.CodecConfig - Compression: SNAPPY
2025-12-10 00:14:28.565 [Executor task launch worker for task 1.0 in stage 23.0 (TID 70)] INFO  o.a.p.hadoop.ParquetOutputFormat - ParquetRecordWriter [block size: 134217728b, row group padding size: 8388608b, validating: false]
2025-12-10 00:14:28.661 [Executor task launch worker for task 2.0 in stage 23.0 (TID 71)] INFO  o.a.k.c.c.i.SubscriptionState - [Consumer clientId=consumer-spark-kafka-source-43fffd83-d95f-4bf0-b9df-74d6a29c4095-1616614700-executor-63, groupId=spark-kafka-source-43fffd83-d95f-4bf0-b9df-74d6a29c4095-1616614700-executor] Resetting offset for partition customer_events-2 to position FetchPosition{offset=0, offsetEpoch=Optional.empty, currentLeader=LeaderAndEpoch{leader=Optional[localhost:9093 (id: 1 rack: null)], epoch=0}}.
2025-12-10 00:14:28.661 [Executor task launch worker for task 2.0 in stage 23.0 (TID 71)] INFO  o.a.k.c.c.i.SubscriptionState - [Consumer clientId=consumer-spark-kafka-source-43fffd83-d95f-4bf0-b9df-74d6a29c4095-1616614700-executor-63, groupId=spark-kafka-source-43fffd83-d95f-4bf0-b9df-74d6a29c4095-1616614700-executor] Seeking to latest offset of partition customer_events-2
2025-12-10 00:14:28.662 [Executor task launch worker for task 2.0 in stage 23.0 (TID 71)] INFO  o.a.k.c.c.i.SubscriptionState - [Consumer clientId=consumer-spark-kafka-source-43fffd83-d95f-4bf0-b9df-74d6a29c4095-1616614700-executor-63, groupId=spark-kafka-source-43fffd83-d95f-4bf0-b9df-74d6a29c4095-1616614700-executor] Resetting offset for partition customer_events-2 to position FetchPosition{offset=60676, offsetEpoch=Optional.empty, currentLeader=LeaderAndEpoch{leader=Optional[localhost:9093 (id: 1 rack: null)], epoch=0}}.
2025-12-10 00:14:28.666 [Executor task launch worker for task 2.0 in stage 23.0 (TID 71)] INFO  o.a.parquet.hadoop.codec.CodecConfig - Compression: SNAPPY
2025-12-10 00:14:28.666 [Executor task launch worker for task 2.0 in stage 23.0 (TID 71)] INFO  o.a.parquet.hadoop.codec.CodecConfig - Compression: SNAPPY
2025-12-10 00:14:28.666 [Executor task launch worker for task 2.0 in stage 23.0 (TID 71)] INFO  o.a.p.hadoop.ParquetOutputFormat - ParquetRecordWriter [block size: 134217728b, row group padding size: 8388608b, validating: false]
2025-12-10 00:14:28.863 [Executor task launch worker for task 0.0 in stage 23.0 (TID 69)] INFO  o.a.k.c.c.i.SubscriptionState - [Consumer clientId=consumer-spark-kafka-source-43fffd83-d95f-4bf0-b9df-74d6a29c4095-1616614700-executor-61, groupId=spark-kafka-source-43fffd83-d95f-4bf0-b9df-74d6a29c4095-1616614700-executor] Resetting offset for partition customer_events-1 to position FetchPosition{offset=0, offsetEpoch=Optional.empty, currentLeader=LeaderAndEpoch{leader=Optional[localhost:9094 (id: 2 rack: null)], epoch=0}}.
2025-12-10 00:14:28.863 [Executor task launch worker for task 0.0 in stage 23.0 (TID 69)] INFO  o.a.k.c.c.i.SubscriptionState - [Consumer clientId=consumer-spark-kafka-source-43fffd83-d95f-4bf0-b9df-74d6a29c4095-1616614700-executor-61, groupId=spark-kafka-source-43fffd83-d95f-4bf0-b9df-74d6a29c4095-1616614700-executor] Seeking to latest offset of partition customer_events-1
2025-12-10 00:14:28.864 [Executor task launch worker for task 0.0 in stage 23.0 (TID 69)] INFO  o.a.k.c.c.i.SubscriptionState - [Consumer clientId=consumer-spark-kafka-source-43fffd83-d95f-4bf0-b9df-74d6a29c4095-1616614700-executor-61, groupId=spark-kafka-source-43fffd83-d95f-4bf0-b9df-74d6a29c4095-1616614700-executor] Resetting offset for partition customer_events-1 to position FetchPosition{offset=61437, offsetEpoch=Optional.empty, currentLeader=LeaderAndEpoch{leader=Optional[localhost:9094 (id: 2 rack: null)], epoch=0}}.
2025-12-10 00:14:28.869 [Executor task launch worker for task 0.0 in stage 23.0 (TID 69)] INFO  o.a.parquet.hadoop.codec.CodecConfig - Compression: SNAPPY
2025-12-10 00:14:28.869 [Executor task launch worker for task 0.0 in stage 23.0 (TID 69)] INFO  o.a.parquet.hadoop.codec.CodecConfig - Compression: SNAPPY
2025-12-10 00:14:28.869 [Executor task launch worker for task 0.0 in stage 23.0 (TID 69)] INFO  o.a.p.hadoop.ParquetOutputFormat - ParquetRecordWriter [block size: 134217728b, row group padding size: 8388608b, validating: false]
2025-12-10 00:14:30.651 [Executor task launch worker for task 1.0 in stage 23.0 (TID 70)] INFO  o.a.parquet.hadoop.codec.CodecConfig - Compression: SNAPPY
2025-12-10 00:14:30.651 [Executor task launch worker for task 1.0 in stage 23.0 (TID 70)] INFO  o.a.parquet.hadoop.codec.CodecConfig - Compression: SNAPPY
2025-12-10 00:14:30.652 [Executor task launch worker for task 1.0 in stage 23.0 (TID 70)] INFO  o.a.p.hadoop.ParquetOutputFormat - ParquetRecordWriter [block size: 134217728b, row group padding size: 8388608b, validating: false]
2025-12-10 00:14:30.714 [Executor task launch worker for task 2.0 in stage 23.0 (TID 71)] INFO  o.a.parquet.hadoop.codec.CodecConfig - Compression: SNAPPY
2025-12-10 00:14:30.714 [Executor task launch worker for task 2.0 in stage 23.0 (TID 71)] INFO  o.a.parquet.hadoop.codec.CodecConfig - Compression: SNAPPY
2025-12-10 00:14:30.715 [Executor task launch worker for task 2.0 in stage 23.0 (TID 71)] INFO  o.a.p.hadoop.ParquetOutputFormat - ParquetRecordWriter [block size: 134217728b, row group padding size: 8388608b, validating: false]
2025-12-10 00:14:31.112 [Executor task launch worker for task 0.0 in stage 23.0 (TID 69)] INFO  o.a.parquet.hadoop.codec.CodecConfig - Compression: SNAPPY
2025-12-10 00:14:31.113 [Executor task launch worker for task 0.0 in stage 23.0 (TID 69)] INFO  o.a.parquet.hadoop.codec.CodecConfig - Compression: SNAPPY
2025-12-10 00:14:31.113 [Executor task launch worker for task 0.0 in stage 23.0 (TID 69)] INFO  o.a.p.hadoop.ParquetOutputFormat - ParquetRecordWriter [block size: 134217728b, row group padding size: 8388608b, validating: false]
2025-12-10 00:15:08.512 [Executor task launch worker for task 2.0 in stage 24.0 (TID 74)] INFO  o.a.k.c.c.i.LegacyKafkaConsumer - [Consumer clientId=consumer-spark-kafka-source-43fffd83-d95f-4bf0-b9df-74d6a29c4095-1616614700-executor-63, groupId=spark-kafka-source-43fffd83-d95f-4bf0-b9df-74d6a29c4095-1616614700-executor] Seeking to offset 60675 for partition customer_events-2
2025-12-10 00:15:08.512 [Executor task launch worker for task 1.0 in stage 24.0 (TID 73)] INFO  o.a.k.c.c.i.LegacyKafkaConsumer - [Consumer clientId=consumer-spark-kafka-source-43fffd83-d95f-4bf0-b9df-74d6a29c4095-1616614700-executor-62, groupId=spark-kafka-source-43fffd83-d95f-4bf0-b9df-74d6a29c4095-1616614700-executor] Seeking to offset 61218 for partition customer_events-0
2025-12-10 00:15:08.512 [Executor task launch worker for task 0.0 in stage 24.0 (TID 72)] INFO  o.a.k.c.c.i.LegacyKafkaConsumer - [Consumer clientId=consumer-spark-kafka-source-43fffd83-d95f-4bf0-b9df-74d6a29c4095-1616614700-executor-61, groupId=spark-kafka-source-43fffd83-d95f-4bf0-b9df-74d6a29c4095-1616614700-executor] Seeking to offset 61436 for partition customer_events-1
2025-12-10 00:15:08.784 [Executor task launch worker for task 2.0 in stage 24.0 (TID 74)] INFO  o.a.k.c.c.i.SubscriptionState - [Consumer clientId=consumer-spark-kafka-source-43fffd83-d95f-4bf0-b9df-74d6a29c4095-1616614700-executor-63, groupId=spark-kafka-source-43fffd83-d95f-4bf0-b9df-74d6a29c4095-1616614700-executor] Seeking to earliest offset of partition customer_events-2
2025-12-10 00:15:08.786 [Executor task launch worker for task 1.0 in stage 24.0 (TID 73)] INFO  o.a.k.c.c.i.SubscriptionState - [Consumer clientId=consumer-spark-kafka-source-43fffd83-d95f-4bf0-b9df-74d6a29c4095-1616614700-executor-62, groupId=spark-kafka-source-43fffd83-d95f-4bf0-b9df-74d6a29c4095-1616614700-executor] Seeking to earliest offset of partition customer_events-0
2025-12-10 00:15:08.786 [Executor task launch worker for task 0.0 in stage 24.0 (TID 72)] INFO  o.a.k.c.c.i.SubscriptionState - [Consumer clientId=consumer-spark-kafka-source-43fffd83-d95f-4bf0-b9df-74d6a29c4095-1616614700-executor-61, groupId=spark-kafka-source-43fffd83-d95f-4bf0-b9df-74d6a29c4095-1616614700-executor] Seeking to earliest offset of partition customer_events-1
2025-12-10 00:15:08.787 [Executor task launch worker for task 2.0 in stage 24.0 (TID 74)] INFO  o.a.k.c.c.i.SubscriptionState - [Consumer clientId=consumer-spark-kafka-source-43fffd83-d95f-4bf0-b9df-74d6a29c4095-1616614700-executor-63, groupId=spark-kafka-source-43fffd83-d95f-4bf0-b9df-74d6a29c4095-1616614700-executor] Resetting offset for partition customer_events-2 to position FetchPosition{offset=0, offsetEpoch=Optional.empty, currentLeader=LeaderAndEpoch{leader=Optional[localhost:9093 (id: 1 rack: null)], epoch=0}}.
2025-12-10 00:15:08.787 [Executor task launch worker for task 2.0 in stage 24.0 (TID 74)] INFO  o.a.k.c.c.i.SubscriptionState - [Consumer clientId=consumer-spark-kafka-source-43fffd83-d95f-4bf0-b9df-74d6a29c4095-1616614700-executor-63, groupId=spark-kafka-source-43fffd83-d95f-4bf0-b9df-74d6a29c4095-1616614700-executor] Seeking to latest offset of partition customer_events-2
2025-12-10 00:15:08.790 [Executor task launch worker for task 2.0 in stage 24.0 (TID 74)] INFO  o.a.k.c.c.i.SubscriptionState - [Consumer clientId=consumer-spark-kafka-source-43fffd83-d95f-4bf0-b9df-74d6a29c4095-1616614700-executor-63, groupId=spark-kafka-source-43fffd83-d95f-4bf0-b9df-74d6a29c4095-1616614700-executor] Resetting offset for partition customer_events-2 to position FetchPosition{offset=60814, offsetEpoch=Optional.empty, currentLeader=LeaderAndEpoch{leader=Optional[localhost:9093 (id: 1 rack: null)], epoch=0}}.
2025-12-10 00:15:08.793 [Executor task launch worker for task 2.0 in stage 24.0 (TID 74)] INFO  o.a.k.c.c.i.LegacyKafkaConsumer - [Consumer clientId=consumer-spark-kafka-source-43fffd83-d95f-4bf0-b9df-74d6a29c4095-1616614700-executor-63, groupId=spark-kafka-source-43fffd83-d95f-4bf0-b9df-74d6a29c4095-1616614700-executor] Seeking to offset 60676 for partition customer_events-2
2025-12-10 00:15:08.794 [Executor task launch worker for task 1.0 in stage 24.0 (TID 73)] INFO  o.a.k.c.c.i.SubscriptionState - [Consumer clientId=consumer-spark-kafka-source-43fffd83-d95f-4bf0-b9df-74d6a29c4095-1616614700-executor-62, groupId=spark-kafka-source-43fffd83-d95f-4bf0-b9df-74d6a29c4095-1616614700-executor] Resetting offset for partition customer_events-0 to position FetchPosition{offset=0, offsetEpoch=Optional.empty, currentLeader=LeaderAndEpoch{leader=Optional[localhost:9092 (id: 0 rack: null)], epoch=0}}.
2025-12-10 00:15:08.794 [Executor task launch worker for task 1.0 in stage 24.0 (TID 73)] INFO  o.a.k.c.c.i.SubscriptionState - [Consumer clientId=consumer-spark-kafka-source-43fffd83-d95f-4bf0-b9df-74d6a29c4095-1616614700-executor-62, groupId=spark-kafka-source-43fffd83-d95f-4bf0-b9df-74d6a29c4095-1616614700-executor] Seeking to latest offset of partition customer_events-0
2025-12-10 00:15:08.795 [Executor task launch worker for task 2.0 in stage 24.0 (TID 74)] INFO  o.a.k.c.c.i.SubscriptionState - [Consumer clientId=consumer-spark-kafka-source-43fffd83-d95f-4bf0-b9df-74d6a29c4095-1616614700-executor-63, groupId=spark-kafka-source-43fffd83-d95f-4bf0-b9df-74d6a29c4095-1616614700-executor] Seeking to earliest offset of partition customer_events-2
2025-12-10 00:15:08.795 [Executor task launch worker for task 1.0 in stage 24.0 (TID 73)] INFO  o.a.k.c.c.i.SubscriptionState - [Consumer clientId=consumer-spark-kafka-source-43fffd83-d95f-4bf0-b9df-74d6a29c4095-1616614700-executor-62, groupId=spark-kafka-source-43fffd83-d95f-4bf0-b9df-74d6a29c4095-1616614700-executor] Resetting offset for partition customer_events-0 to position FetchPosition{offset=61348, offsetEpoch=Optional.empty, currentLeader=LeaderAndEpoch{leader=Optional[localhost:9092 (id: 0 rack: null)], epoch=0}}.
2025-12-10 00:15:08.796 [Executor task launch worker for task 1.0 in stage 24.0 (TID 73)] INFO  o.a.k.c.c.i.LegacyKafkaConsumer - [Consumer clientId=consumer-spark-kafka-source-43fffd83-d95f-4bf0-b9df-74d6a29c4095-1616614700-executor-62, groupId=spark-kafka-source-43fffd83-d95f-4bf0-b9df-74d6a29c4095-1616614700-executor] Seeking to offset 61219 for partition customer_events-0
2025-12-10 00:15:08.796 [Executor task launch worker for task 0.0 in stage 24.0 (TID 72)] INFO  o.a.k.c.c.i.SubscriptionState - [Consumer clientId=consumer-spark-kafka-source-43fffd83-d95f-4bf0-b9df-74d6a29c4095-1616614700-executor-61, groupId=spark-kafka-source-43fffd83-d95f-4bf0-b9df-74d6a29c4095-1616614700-executor] Resetting offset for partition customer_events-1 to position FetchPosition{offset=0, offsetEpoch=Optional.empty, currentLeader=LeaderAndEpoch{leader=Optional[localhost:9094 (id: 2 rack: null)], epoch=0}}.
2025-12-10 00:15:08.797 [Executor task launch worker for task 0.0 in stage 24.0 (TID 72)] INFO  o.a.k.c.c.i.SubscriptionState - [Consumer clientId=consumer-spark-kafka-source-43fffd83-d95f-4bf0-b9df-74d6a29c4095-1616614700-executor-61, groupId=spark-kafka-source-43fffd83-d95f-4bf0-b9df-74d6a29c4095-1616614700-executor] Seeking to latest offset of partition customer_events-1
2025-12-10 00:15:08.798 [Executor task launch worker for task 1.0 in stage 24.0 (TID 73)] INFO  o.a.k.c.c.i.SubscriptionState - [Consumer clientId=consumer-spark-kafka-source-43fffd83-d95f-4bf0-b9df-74d6a29c4095-1616614700-executor-62, groupId=spark-kafka-source-43fffd83-d95f-4bf0-b9df-74d6a29c4095-1616614700-executor] Seeking to earliest offset of partition customer_events-0
2025-12-10 00:15:08.798 [Executor task launch worker for task 0.0 in stage 24.0 (TID 72)] INFO  o.a.k.c.c.i.SubscriptionState - [Consumer clientId=consumer-spark-kafka-source-43fffd83-d95f-4bf0-b9df-74d6a29c4095-1616614700-executor-61, groupId=spark-kafka-source-43fffd83-d95f-4bf0-b9df-74d6a29c4095-1616614700-executor] Resetting offset for partition customer_events-1 to position FetchPosition{offset=61570, offsetEpoch=Optional.empty, currentLeader=LeaderAndEpoch{leader=Optional[localhost:9094 (id: 2 rack: null)], epoch=0}}.
2025-12-10 00:15:08.798 [Executor task launch worker for task 0.0 in stage 24.0 (TID 72)] INFO  o.a.k.c.c.i.LegacyKafkaConsumer - [Consumer clientId=consumer-spark-kafka-source-43fffd83-d95f-4bf0-b9df-74d6a29c4095-1616614700-executor-61, groupId=spark-kafka-source-43fffd83-d95f-4bf0-b9df-74d6a29c4095-1616614700-executor] Seeking to offset 61437 for partition customer_events-1
2025-12-10 00:15:08.800 [Executor task launch worker for task 0.0 in stage 24.0 (TID 72)] INFO  o.a.k.c.c.i.SubscriptionState - [Consumer clientId=consumer-spark-kafka-source-43fffd83-d95f-4bf0-b9df-74d6a29c4095-1616614700-executor-61, groupId=spark-kafka-source-43fffd83-d95f-4bf0-b9df-74d6a29c4095-1616614700-executor] Seeking to earliest offset of partition customer_events-1
2025-12-10 00:15:08.862 [Executor task launch worker for task 1.0 in stage 24.0 (TID 73)] INFO  o.a.k.c.c.i.SubscriptionState - [Consumer clientId=consumer-spark-kafka-source-43fffd83-d95f-4bf0-b9df-74d6a29c4095-1616614700-executor-62, groupId=spark-kafka-source-43fffd83-d95f-4bf0-b9df-74d6a29c4095-1616614700-executor] Resetting offset for partition customer_events-0 to position FetchPosition{offset=0, offsetEpoch=Optional.empty, currentLeader=LeaderAndEpoch{leader=Optional[localhost:9092 (id: 0 rack: null)], epoch=0}}.
2025-12-10 00:15:08.862 [Executor task launch worker for task 1.0 in stage 24.0 (TID 73)] INFO  o.a.k.c.c.i.SubscriptionState - [Consumer clientId=consumer-spark-kafka-source-43fffd83-d95f-4bf0-b9df-74d6a29c4095-1616614700-executor-62, groupId=spark-kafka-source-43fffd83-d95f-4bf0-b9df-74d6a29c4095-1616614700-executor] Seeking to latest offset of partition customer_events-0
2025-12-10 00:15:08.862 [Executor task launch worker for task 1.0 in stage 24.0 (TID 73)] INFO  o.a.k.c.c.i.SubscriptionState - [Consumer clientId=consumer-spark-kafka-source-43fffd83-d95f-4bf0-b9df-74d6a29c4095-1616614700-executor-62, groupId=spark-kafka-source-43fffd83-d95f-4bf0-b9df-74d6a29c4095-1616614700-executor] Resetting offset for partition customer_events-0 to position FetchPosition{offset=61349, offsetEpoch=Optional.empty, currentLeader=LeaderAndEpoch{leader=Optional[localhost:9092 (id: 0 rack: null)], epoch=0}}.
2025-12-10 00:15:08.872 [Executor task launch worker for task 1.0 in stage 24.0 (TID 73)] INFO  o.a.parquet.hadoop.codec.CodecConfig - Compression: SNAPPY
2025-12-10 00:15:08.872 [Executor task launch worker for task 1.0 in stage 24.0 (TID 73)] INFO  o.a.parquet.hadoop.codec.CodecConfig - Compression: SNAPPY
2025-12-10 00:15:08.873 [Executor task launch worker for task 1.0 in stage 24.0 (TID 73)] INFO  o.a.p.hadoop.ParquetOutputFormat - ParquetRecordWriter [block size: 134217728b, row group padding size: 8388608b, validating: false]
2025-12-10 00:15:08.962 [Executor task launch worker for task 0.0 in stage 24.0 (TID 72)] INFO  o.a.k.c.c.i.SubscriptionState - [Consumer clientId=consumer-spark-kafka-source-43fffd83-d95f-4bf0-b9df-74d6a29c4095-1616614700-executor-61, groupId=spark-kafka-source-43fffd83-d95f-4bf0-b9df-74d6a29c4095-1616614700-executor] Resetting offset for partition customer_events-1 to position FetchPosition{offset=0, offsetEpoch=Optional.empty, currentLeader=LeaderAndEpoch{leader=Optional[localhost:9094 (id: 2 rack: null)], epoch=0}}.
2025-12-10 00:15:08.963 [Executor task launch worker for task 0.0 in stage 24.0 (TID 72)] INFO  o.a.k.c.c.i.SubscriptionState - [Consumer clientId=consumer-spark-kafka-source-43fffd83-d95f-4bf0-b9df-74d6a29c4095-1616614700-executor-61, groupId=spark-kafka-source-43fffd83-d95f-4bf0-b9df-74d6a29c4095-1616614700-executor] Seeking to latest offset of partition customer_events-1
2025-12-10 00:15:08.963 [Executor task launch worker for task 0.0 in stage 24.0 (TID 72)] INFO  o.a.k.c.c.i.SubscriptionState - [Consumer clientId=consumer-spark-kafka-source-43fffd83-d95f-4bf0-b9df-74d6a29c4095-1616614700-executor-61, groupId=spark-kafka-source-43fffd83-d95f-4bf0-b9df-74d6a29c4095-1616614700-executor] Resetting offset for partition customer_events-1 to position FetchPosition{offset=61571, offsetEpoch=Optional.empty, currentLeader=LeaderAndEpoch{leader=Optional[localhost:9094 (id: 2 rack: null)], epoch=0}}.
2025-12-10 00:15:08.970 [Executor task launch worker for task 0.0 in stage 24.0 (TID 72)] INFO  o.a.parquet.hadoop.codec.CodecConfig - Compression: SNAPPY
2025-12-10 00:15:08.971 [Executor task launch worker for task 0.0 in stage 24.0 (TID 72)] INFO  o.a.parquet.hadoop.codec.CodecConfig - Compression: SNAPPY
2025-12-10 00:15:08.971 [Executor task launch worker for task 0.0 in stage 24.0 (TID 72)] INFO  o.a.p.hadoop.ParquetOutputFormat - ParquetRecordWriter [block size: 134217728b, row group padding size: 8388608b, validating: false]
2025-12-10 00:15:09.161 [Executor task launch worker for task 2.0 in stage 24.0 (TID 74)] INFO  o.a.k.c.c.i.SubscriptionState - [Consumer clientId=consumer-spark-kafka-source-43fffd83-d95f-4bf0-b9df-74d6a29c4095-1616614700-executor-63, groupId=spark-kafka-source-43fffd83-d95f-4bf0-b9df-74d6a29c4095-1616614700-executor] Resetting offset for partition customer_events-2 to position FetchPosition{offset=0, offsetEpoch=Optional.empty, currentLeader=LeaderAndEpoch{leader=Optional[localhost:9093 (id: 1 rack: null)], epoch=0}}.
2025-12-10 00:15:09.161 [Executor task launch worker for task 2.0 in stage 24.0 (TID 74)] INFO  o.a.k.c.c.i.SubscriptionState - [Consumer clientId=consumer-spark-kafka-source-43fffd83-d95f-4bf0-b9df-74d6a29c4095-1616614700-executor-63, groupId=spark-kafka-source-43fffd83-d95f-4bf0-b9df-74d6a29c4095-1616614700-executor] Seeking to latest offset of partition customer_events-2
2025-12-10 00:15:09.162 [Executor task launch worker for task 2.0 in stage 24.0 (TID 74)] INFO  o.a.k.c.c.i.SubscriptionState - [Consumer clientId=consumer-spark-kafka-source-43fffd83-d95f-4bf0-b9df-74d6a29c4095-1616614700-executor-63, groupId=spark-kafka-source-43fffd83-d95f-4bf0-b9df-74d6a29c4095-1616614700-executor] Resetting offset for partition customer_events-2 to position FetchPosition{offset=60815, offsetEpoch=Optional.empty, currentLeader=LeaderAndEpoch{leader=Optional[localhost:9093 (id: 1 rack: null)], epoch=0}}.
2025-12-10 00:15:09.174 [Executor task launch worker for task 2.0 in stage 24.0 (TID 74)] INFO  o.a.parquet.hadoop.codec.CodecConfig - Compression: SNAPPY
2025-12-10 00:15:09.174 [Executor task launch worker for task 2.0 in stage 24.0 (TID 74)] INFO  o.a.parquet.hadoop.codec.CodecConfig - Compression: SNAPPY
2025-12-10 00:15:09.175 [Executor task launch worker for task 2.0 in stage 24.0 (TID 74)] INFO  o.a.p.hadoop.ParquetOutputFormat - ParquetRecordWriter [block size: 134217728b, row group padding size: 8388608b, validating: false]
2025-12-10 00:21:04.785 [commons-pool-evictor] INFO  o.a.k.c.c.i.ConsumerCoordinator - [Consumer clientId=consumer-spark-kafka-source-43fffd83-d95f-4bf0-b9df-74d6a29c4095-1616614700-executor-61, groupId=spark-kafka-source-43fffd83-d95f-4bf0-b9df-74d6a29c4095-1616614700-executor] Resetting generation and member id due to: consumer pro-actively leaving the group
2025-12-10 00:21:04.792 [commons-pool-evictor] INFO  o.a.k.c.c.i.ConsumerCoordinator - [Consumer clientId=consumer-spark-kafka-source-43fffd83-d95f-4bf0-b9df-74d6a29c4095-1616614700-executor-61, groupId=spark-kafka-source-43fffd83-d95f-4bf0-b9df-74d6a29c4095-1616614700-executor] Request joining group due to: consumer pro-actively leaving the group
2025-12-10 00:21:04.821 [commons-pool-evictor] INFO  o.a.kafka.common.metrics.Metrics - Metrics scheduler closed
2025-12-10 00:21:04.821 [commons-pool-evictor] INFO  o.a.kafka.common.metrics.Metrics - Closing reporter org.apache.kafka.common.metrics.JmxReporter
2025-12-10 00:21:04.821 [commons-pool-evictor] INFO  o.a.kafka.common.metrics.Metrics - Closing reporter org.apache.kafka.common.telemetry.internals.ClientTelemetryReporter
2025-12-10 00:21:04.821 [commons-pool-evictor] INFO  o.a.kafka.common.metrics.Metrics - Metrics reporters closed
2025-12-10 00:21:04.837 [commons-pool-evictor] INFO  o.a.kafka.common.utils.AppInfoParser - App info kafka.consumer for consumer-spark-kafka-source-43fffd83-d95f-4bf0-b9df-74d6a29c4095-1616614700-executor-61 unregistered
2025-12-10 00:21:04.838 [commons-pool-evictor] INFO  o.a.k.c.c.i.ConsumerCoordinator - [Consumer clientId=consumer-spark-kafka-source-43fffd83-d95f-4bf0-b9df-74d6a29c4095-1616614700-executor-62, groupId=spark-kafka-source-43fffd83-d95f-4bf0-b9df-74d6a29c4095-1616614700-executor] Resetting generation and member id due to: consumer pro-actively leaving the group
2025-12-10 00:21:04.838 [commons-pool-evictor] INFO  o.a.k.c.c.i.ConsumerCoordinator - [Consumer clientId=consumer-spark-kafka-source-43fffd83-d95f-4bf0-b9df-74d6a29c4095-1616614700-executor-62, groupId=spark-kafka-source-43fffd83-d95f-4bf0-b9df-74d6a29c4095-1616614700-executor] Request joining group due to: consumer pro-actively leaving the group
2025-12-10 00:21:04.855 [commons-pool-evictor] INFO  o.a.kafka.common.metrics.Metrics - Metrics scheduler closed
2025-12-10 00:21:04.855 [commons-pool-evictor] INFO  o.a.kafka.common.metrics.Metrics - Closing reporter org.apache.kafka.common.metrics.JmxReporter
2025-12-10 00:21:04.868 [commons-pool-evictor] INFO  o.a.kafka.common.metrics.Metrics - Closing reporter org.apache.kafka.common.telemetry.internals.ClientTelemetryReporter
2025-12-10 00:21:04.871 [commons-pool-evictor] INFO  o.a.kafka.common.metrics.Metrics - Metrics reporters closed
2025-12-10 00:21:04.882 [commons-pool-evictor] INFO  o.a.kafka.common.utils.AppInfoParser - App info kafka.consumer for consumer-spark-kafka-source-43fffd83-d95f-4bf0-b9df-74d6a29c4095-1616614700-executor-62 unregistered
2025-12-10 00:21:04.882 [commons-pool-evictor] INFO  o.a.k.c.c.i.ConsumerCoordinator - [Consumer clientId=consumer-spark-kafka-source-43fffd83-d95f-4bf0-b9df-74d6a29c4095-1616614700-executor-63, groupId=spark-kafka-source-43fffd83-d95f-4bf0-b9df-74d6a29c4095-1616614700-executor] Resetting generation and member id due to: consumer pro-actively leaving the group
2025-12-10 00:21:04.883 [commons-pool-evictor] INFO  o.a.k.c.c.i.ConsumerCoordinator - [Consumer clientId=consumer-spark-kafka-source-43fffd83-d95f-4bf0-b9df-74d6a29c4095-1616614700-executor-63, groupId=spark-kafka-source-43fffd83-d95f-4bf0-b9df-74d6a29c4095-1616614700-executor] Request joining group due to: consumer pro-actively leaving the group
2025-12-10 00:21:04.900 [commons-pool-evictor] INFO  o.a.kafka.common.metrics.Metrics - Metrics scheduler closed
2025-12-10 00:21:04.900 [commons-pool-evictor] INFO  o.a.kafka.common.metrics.Metrics - Closing reporter org.apache.kafka.common.metrics.JmxReporter
2025-12-10 00:21:04.900 [commons-pool-evictor] INFO  o.a.kafka.common.metrics.Metrics - Closing reporter org.apache.kafka.common.telemetry.internals.ClientTelemetryReporter
2025-12-10 00:21:04.900 [commons-pool-evictor] INFO  o.a.kafka.common.metrics.Metrics - Metrics reporters closed
2025-12-10 00:21:04.907 [commons-pool-evictor] INFO  o.a.kafka.common.utils.AppInfoParser - App info kafka.consumer for consumer-spark-kafka-source-43fffd83-d95f-4bf0-b9df-74d6a29c4095-1616614700-executor-63 unregistered
2025-12-10 00:24:21.254 [kafka-admin-client-thread | adminclient-1] INFO  o.apache.kafka.clients.NetworkClient - [AdminClient clientId=adminclient-1] Node 0 disconnected.
2025-12-10 00:24:21.261 [kafka-admin-client-thread | adminclient-1] INFO  o.apache.kafka.clients.NetworkClient - [AdminClient clientId=adminclient-1] Node 2 disconnected.
2025-12-10 00:29:21.274 [kafka-admin-client-thread | adminclient-1] INFO  o.apache.kafka.clients.NetworkClient - [AdminClient clientId=adminclient-1] Node 1 disconnected.
2025-12-10 00:30:07.345 [Executor task launch worker for task 0.0 in stage 25.0 (TID 75)] INFO  o.a.k.c.consumer.ConsumerConfig - ConsumerConfig values: 
	allow.auto.create.topics = true
	auto.commit.interval.ms = 5000
	auto.include.jmx.reporter = true
	auto.offset.reset = none
	bootstrap.servers = [localhost:9092]
	check.crcs = true
	client.dns.lookup = use_all_dns_ips
	client.id = consumer-spark-kafka-source-43fffd83-d95f-4bf0-b9df-74d6a29c4095-1616614700-executor-66
	client.rack = 
	connections.max.idle.ms = 540000
	default.api.timeout.ms = 60000
	enable.auto.commit = false
	enable.metrics.push = true
	exclude.internal.topics = true
	fetch.max.bytes = 52428800
	fetch.max.wait.ms = 500
	fetch.min.bytes = 1
	group.id = spark-kafka-source-43fffd83-d95f-4bf0-b9df-74d6a29c4095-1616614700-executor
	group.instance.id = null
	group.protocol = classic
	group.remote.assignor = null
	heartbeat.interval.ms = 3000
	interceptor.classes = []
	internal.leave.group.on.close = true
	internal.throw.on.fetch.stable.offset.unsupported = false
	isolation.level = read_uncommitted
	key.deserializer = class org.apache.kafka.common.serialization.ByteArrayDeserializer
	max.partition.fetch.bytes = 1048576
	max.poll.interval.ms = 300000
	max.poll.records = 500
	metadata.max.age.ms = 300000
	metric.reporters = []
	metrics.num.samples = 2
	metrics.recording.level = INFO
	metrics.sample.window.ms = 30000
	partition.assignment.strategy = [class org.apache.kafka.clients.consumer.RangeAssignor, class org.apache.kafka.clients.consumer.CooperativeStickyAssignor]
	receive.buffer.bytes = 65536
	reconnect.backoff.max.ms = 1000
	reconnect.backoff.ms = 50
	request.timeout.ms = 30000
	retry.backoff.max.ms = 1000
	retry.backoff.ms = 100
	sasl.client.callback.handler.class = null
	sasl.jaas.config = null
	sasl.kerberos.kinit.cmd = /usr/bin/kinit
	sasl.kerberos.min.time.before.relogin = 60000
	sasl.kerberos.service.name = null
	sasl.kerberos.ticket.renew.jitter = 0.05
	sasl.kerberos.ticket.renew.window.factor = 0.8
	sasl.login.callback.handler.class = null
	sasl.login.class = null
	sasl.login.connect.timeout.ms = null
	sasl.login.read.timeout.ms = null
	sasl.login.refresh.buffer.seconds = 300
	sasl.login.refresh.min.period.seconds = 60
	sasl.login.refresh.window.factor = 0.8
	sasl.login.refresh.window.jitter = 0.05
	sasl.login.retry.backoff.max.ms = 10000
	sasl.login.retry.backoff.ms = 100
	sasl.mechanism = GSSAPI
	sasl.oauthbearer.clock.skew.seconds = 30
	sasl.oauthbearer.expected.audience = null
	sasl.oauthbearer.expected.issuer = null
	sasl.oauthbearer.jwks.endpoint.refresh.ms = 3600000
	sasl.oauthbearer.jwks.endpoint.retry.backoff.max.ms = 10000
	sasl.oauthbearer.jwks.endpoint.retry.backoff.ms = 100
	sasl.oauthbearer.jwks.endpoint.url = null
	sasl.oauthbearer.scope.claim.name = scope
	sasl.oauthbearer.sub.claim.name = sub
	sasl.oauthbearer.token.endpoint.url = null
	security.protocol = PLAINTEXT
	security.providers = null
	send.buffer.bytes = 131072
	session.timeout.ms = 45000
	socket.connection.setup.timeout.max.ms = 30000
	socket.connection.setup.timeout.ms = 10000
	ssl.cipher.suites = null
	ssl.enabled.protocols = [TLSv1.2, TLSv1.3]
	ssl.endpoint.identification.algorithm = https
	ssl.engine.factory.class = null
	ssl.key.password = null
	ssl.keymanager.algorithm = SunX509
	ssl.keystore.certificate.chain = null
	ssl.keystore.key = null
	ssl.keystore.location = null
	ssl.keystore.password = null
	ssl.keystore.type = JKS
	ssl.protocol = TLSv1.3
	ssl.provider = null
	ssl.secure.random.implementation = null
	ssl.trustmanager.algorithm = PKIX
	ssl.truststore.certificates = null
	ssl.truststore.location = null
	ssl.truststore.password = null
	ssl.truststore.type = JKS
	value.deserializer = class org.apache.kafka.common.serialization.ByteArrayDeserializer

2025-12-10 00:30:07.345 [Executor task launch worker for task 1.0 in stage 25.0 (TID 76)] INFO  o.a.k.c.consumer.ConsumerConfig - ConsumerConfig values: 
	allow.auto.create.topics = true
	auto.commit.interval.ms = 5000
	auto.include.jmx.reporter = true
	auto.offset.reset = none
	bootstrap.servers = [localhost:9092]
	check.crcs = true
	client.dns.lookup = use_all_dns_ips
	client.id = consumer-spark-kafka-source-43fffd83-d95f-4bf0-b9df-74d6a29c4095-1616614700-executor-64
	client.rack = 
	connections.max.idle.ms = 540000
	default.api.timeout.ms = 60000
	enable.auto.commit = false
	enable.metrics.push = true
	exclude.internal.topics = true
	fetch.max.bytes = 52428800
	fetch.max.wait.ms = 500
	fetch.min.bytes = 1
	group.id = spark-kafka-source-43fffd83-d95f-4bf0-b9df-74d6a29c4095-1616614700-executor
	group.instance.id = null
	group.protocol = classic
	group.remote.assignor = null
	heartbeat.interval.ms = 3000
	interceptor.classes = []
	internal.leave.group.on.close = true
	internal.throw.on.fetch.stable.offset.unsupported = false
	isolation.level = read_uncommitted
	key.deserializer = class org.apache.kafka.common.serialization.ByteArrayDeserializer
	max.partition.fetch.bytes = 1048576
	max.poll.interval.ms = 300000
	max.poll.records = 500
	metadata.max.age.ms = 300000
	metric.reporters = []
	metrics.num.samples = 2
	metrics.recording.level = INFO
	metrics.sample.window.ms = 30000
	partition.assignment.strategy = [class org.apache.kafka.clients.consumer.RangeAssignor, class org.apache.kafka.clients.consumer.CooperativeStickyAssignor]
	receive.buffer.bytes = 65536
	reconnect.backoff.max.ms = 1000
	reconnect.backoff.ms = 50
	request.timeout.ms = 30000
	retry.backoff.max.ms = 1000
	retry.backoff.ms = 100
	sasl.client.callback.handler.class = null
	sasl.jaas.config = null
	sasl.kerberos.kinit.cmd = /usr/bin/kinit
	sasl.kerberos.min.time.before.relogin = 60000
	sasl.kerberos.service.name = null
	sasl.kerberos.ticket.renew.jitter = 0.05
	sasl.kerberos.ticket.renew.window.factor = 0.8
	sasl.login.callback.handler.class = null
	sasl.login.class = null
	sasl.login.connect.timeout.ms = null
	sasl.login.read.timeout.ms = null
	sasl.login.refresh.buffer.seconds = 300
	sasl.login.refresh.min.period.seconds = 60
	sasl.login.refresh.window.factor = 0.8
	sasl.login.refresh.window.jitter = 0.05
	sasl.login.retry.backoff.max.ms = 10000
	sasl.login.retry.backoff.ms = 100
	sasl.mechanism = GSSAPI
	sasl.oauthbearer.clock.skew.seconds = 30
	sasl.oauthbearer.expected.audience = null
	sasl.oauthbearer.expected.issuer = null
	sasl.oauthbearer.jwks.endpoint.refresh.ms = 3600000
	sasl.oauthbearer.jwks.endpoint.retry.backoff.max.ms = 10000
	sasl.oauthbearer.jwks.endpoint.retry.backoff.ms = 100
	sasl.oauthbearer.jwks.endpoint.url = null
	sasl.oauthbearer.scope.claim.name = scope
	sasl.oauthbearer.sub.claim.name = sub
	sasl.oauthbearer.token.endpoint.url = null
	security.protocol = PLAINTEXT
	security.providers = null
	send.buffer.bytes = 131072
	session.timeout.ms = 45000
	socket.connection.setup.timeout.max.ms = 30000
	socket.connection.setup.timeout.ms = 10000
	ssl.cipher.suites = null
	ssl.enabled.protocols = [TLSv1.2, TLSv1.3]
	ssl.endpoint.identification.algorithm = https
	ssl.engine.factory.class = null
	ssl.key.password = null
	ssl.keymanager.algorithm = SunX509
	ssl.keystore.certificate.chain = null
	ssl.keystore.key = null
	ssl.keystore.location = null
	ssl.keystore.password = null
	ssl.keystore.type = JKS
	ssl.protocol = TLSv1.3
	ssl.provider = null
	ssl.secure.random.implementation = null
	ssl.trustmanager.algorithm = PKIX
	ssl.truststore.certificates = null
	ssl.truststore.location = null
	ssl.truststore.password = null
	ssl.truststore.type = JKS
	value.deserializer = class org.apache.kafka.common.serialization.ByteArrayDeserializer

2025-12-10 00:30:07.355 [Executor task launch worker for task 0.0 in stage 25.0 (TID 75)] INFO  o.a.k.c.t.i.KafkaMetricsCollector - initializing Kafka metrics collector
2025-12-10 00:30:07.357 [Executor task launch worker for task 1.0 in stage 25.0 (TID 76)] INFO  o.a.k.c.t.i.KafkaMetricsCollector - initializing Kafka metrics collector
2025-12-10 00:30:07.345 [Executor task launch worker for task 2.0 in stage 25.0 (TID 77)] INFO  o.a.k.c.consumer.ConsumerConfig - ConsumerConfig values: 
	allow.auto.create.topics = true
	auto.commit.interval.ms = 5000
	auto.include.jmx.reporter = true
	auto.offset.reset = none
	bootstrap.servers = [localhost:9092]
	check.crcs = true
	client.dns.lookup = use_all_dns_ips
	client.id = consumer-spark-kafka-source-43fffd83-d95f-4bf0-b9df-74d6a29c4095-1616614700-executor-65
	client.rack = 
	connections.max.idle.ms = 540000
	default.api.timeout.ms = 60000
	enable.auto.commit = false
	enable.metrics.push = true
	exclude.internal.topics = true
	fetch.max.bytes = 52428800
	fetch.max.wait.ms = 500
	fetch.min.bytes = 1
	group.id = spark-kafka-source-43fffd83-d95f-4bf0-b9df-74d6a29c4095-1616614700-executor
	group.instance.id = null
	group.protocol = classic
	group.remote.assignor = null
	heartbeat.interval.ms = 3000
	interceptor.classes = []
	internal.leave.group.on.close = true
	internal.throw.on.fetch.stable.offset.unsupported = false
	isolation.level = read_uncommitted
	key.deserializer = class org.apache.kafka.common.serialization.ByteArrayDeserializer
	max.partition.fetch.bytes = 1048576
	max.poll.interval.ms = 300000
	max.poll.records = 500
	metadata.max.age.ms = 300000
	metric.reporters = []
	metrics.num.samples = 2
	metrics.recording.level = INFO
	metrics.sample.window.ms = 30000
	partition.assignment.strategy = [class org.apache.kafka.clients.consumer.RangeAssignor, class org.apache.kafka.clients.consumer.CooperativeStickyAssignor]
	receive.buffer.bytes = 65536
	reconnect.backoff.max.ms = 1000
	reconnect.backoff.ms = 50
	request.timeout.ms = 30000
	retry.backoff.max.ms = 1000
	retry.backoff.ms = 100
	sasl.client.callback.handler.class = null
	sasl.jaas.config = null
	sasl.kerberos.kinit.cmd = /usr/bin/kinit
	sasl.kerberos.min.time.before.relogin = 60000
	sasl.kerberos.service.name = null
	sasl.kerberos.ticket.renew.jitter = 0.05
	sasl.kerberos.ticket.renew.window.factor = 0.8
	sasl.login.callback.handler.class = null
	sasl.login.class = null
	sasl.login.connect.timeout.ms = null
	sasl.login.read.timeout.ms = null
	sasl.login.refresh.buffer.seconds = 300
	sasl.login.refresh.min.period.seconds = 60
	sasl.login.refresh.window.factor = 0.8
	sasl.login.refresh.window.jitter = 0.05
	sasl.login.retry.backoff.max.ms = 10000
	sasl.login.retry.backoff.ms = 100
	sasl.mechanism = GSSAPI
	sasl.oauthbearer.clock.skew.seconds = 30
	sasl.oauthbearer.expected.audience = null
	sasl.oauthbearer.expected.issuer = null
	sasl.oauthbearer.jwks.endpoint.refresh.ms = 3600000
	sasl.oauthbearer.jwks.endpoint.retry.backoff.max.ms = 10000
	sasl.oauthbearer.jwks.endpoint.retry.backoff.ms = 100
	sasl.oauthbearer.jwks.endpoint.url = null
	sasl.oauthbearer.scope.claim.name = scope
	sasl.oauthbearer.sub.claim.name = sub
	sasl.oauthbearer.token.endpoint.url = null
	security.protocol = PLAINTEXT
	security.providers = null
	send.buffer.bytes = 131072
	session.timeout.ms = 45000
	socket.connection.setup.timeout.max.ms = 30000
	socket.connection.setup.timeout.ms = 10000
	ssl.cipher.suites = null
	ssl.enabled.protocols = [TLSv1.2, TLSv1.3]
	ssl.endpoint.identification.algorithm = https
	ssl.engine.factory.class = null
	ssl.key.password = null
	ssl.keymanager.algorithm = SunX509
	ssl.keystore.certificate.chain = null
	ssl.keystore.key = null
	ssl.keystore.location = null
	ssl.keystore.password = null
	ssl.keystore.type = JKS
	ssl.protocol = TLSv1.3
	ssl.provider = null
	ssl.secure.random.implementation = null
	ssl.trustmanager.algorithm = PKIX
	ssl.truststore.certificates = null
	ssl.truststore.location = null
	ssl.truststore.password = null
	ssl.truststore.type = JKS
	value.deserializer = class org.apache.kafka.common.serialization.ByteArrayDeserializer

2025-12-10 00:30:07.358 [Executor task launch worker for task 2.0 in stage 25.0 (TID 77)] INFO  o.a.k.c.t.i.KafkaMetricsCollector - initializing Kafka metrics collector
2025-12-10 00:30:07.365 [Executor task launch worker for task 1.0 in stage 25.0 (TID 76)] INFO  o.a.kafka.common.utils.AppInfoParser - Kafka version: 3.7.0
2025-12-10 00:30:07.365 [Executor task launch worker for task 1.0 in stage 25.0 (TID 76)] INFO  o.a.kafka.common.utils.AppInfoParser - Kafka commitId: 2ae524ed625438c5
2025-12-10 00:30:07.365 [Executor task launch worker for task 1.0 in stage 25.0 (TID 76)] INFO  o.a.kafka.common.utils.AppInfoParser - Kafka startTimeMs: 1765306807365
2025-12-10 00:30:07.401 [Executor task launch worker for task 2.0 in stage 25.0 (TID 77)] INFO  o.a.kafka.common.utils.AppInfoParser - Kafka version: 3.7.0
2025-12-10 00:30:07.401 [Executor task launch worker for task 1.0 in stage 25.0 (TID 76)] INFO  o.a.k.c.c.i.LegacyKafkaConsumer - [Consumer clientId=consumer-spark-kafka-source-43fffd83-d95f-4bf0-b9df-74d6a29c4095-1616614700-executor-64, groupId=spark-kafka-source-43fffd83-d95f-4bf0-b9df-74d6a29c4095-1616614700-executor] Assigned to partition(s): customer_events-0
2025-12-10 00:30:07.401 [Executor task launch worker for task 2.0 in stage 25.0 (TID 77)] INFO  o.a.kafka.common.utils.AppInfoParser - Kafka commitId: 2ae524ed625438c5
2025-12-10 00:30:07.401 [Executor task launch worker for task 2.0 in stage 25.0 (TID 77)] INFO  o.a.kafka.common.utils.AppInfoParser - Kafka startTimeMs: 1765306807367
2025-12-10 00:30:07.401 [Executor task launch worker for task 2.0 in stage 25.0 (TID 77)] INFO  o.a.k.c.c.i.LegacyKafkaConsumer - [Consumer clientId=consumer-spark-kafka-source-43fffd83-d95f-4bf0-b9df-74d6a29c4095-1616614700-executor-65, groupId=spark-kafka-source-43fffd83-d95f-4bf0-b9df-74d6a29c4095-1616614700-executor] Assigned to partition(s): customer_events-2
2025-12-10 00:30:07.401 [Executor task launch worker for task 1.0 in stage 25.0 (TID 76)] INFO  o.a.k.c.c.i.LegacyKafkaConsumer - [Consumer clientId=consumer-spark-kafka-source-43fffd83-d95f-4bf0-b9df-74d6a29c4095-1616614700-executor-64, groupId=spark-kafka-source-43fffd83-d95f-4bf0-b9df-74d6a29c4095-1616614700-executor] Seeking to offset 61314 for partition customer_events-0
2025-12-10 00:30:07.401 [Executor task launch worker for task 0.0 in stage 25.0 (TID 75)] INFO  o.a.kafka.common.utils.AppInfoParser - Kafka version: 3.7.0
2025-12-10 00:30:07.402 [Executor task launch worker for task 2.0 in stage 25.0 (TID 77)] INFO  o.a.k.c.c.i.LegacyKafkaConsumer - [Consumer clientId=consumer-spark-kafka-source-43fffd83-d95f-4bf0-b9df-74d6a29c4095-1616614700-executor-65, groupId=spark-kafka-source-43fffd83-d95f-4bf0-b9df-74d6a29c4095-1616614700-executor] Seeking to offset 60788 for partition customer_events-2
2025-12-10 00:30:07.402 [Executor task launch worker for task 0.0 in stage 25.0 (TID 75)] INFO  o.a.kafka.common.utils.AppInfoParser - Kafka commitId: 2ae524ed625438c5
2025-12-10 00:30:07.403 [Executor task launch worker for task 0.0 in stage 25.0 (TID 75)] INFO  o.a.kafka.common.utils.AppInfoParser - Kafka startTimeMs: 1765306807365
2025-12-10 00:30:07.403 [Executor task launch worker for task 0.0 in stage 25.0 (TID 75)] INFO  o.a.k.c.c.i.LegacyKafkaConsumer - [Consumer clientId=consumer-spark-kafka-source-43fffd83-d95f-4bf0-b9df-74d6a29c4095-1616614700-executor-66, groupId=spark-kafka-source-43fffd83-d95f-4bf0-b9df-74d6a29c4095-1616614700-executor] Assigned to partition(s): customer_events-1
2025-12-10 00:30:07.403 [Executor task launch worker for task 0.0 in stage 25.0 (TID 75)] INFO  o.a.k.c.c.i.LegacyKafkaConsumer - [Consumer clientId=consumer-spark-kafka-source-43fffd83-d95f-4bf0-b9df-74d6a29c4095-1616614700-executor-66, groupId=spark-kafka-source-43fffd83-d95f-4bf0-b9df-74d6a29c4095-1616614700-executor] Seeking to offset 61542 for partition customer_events-1
2025-12-10 00:30:07.410 [Executor task launch worker for task 2.0 in stage 25.0 (TID 77)] INFO  org.apache.kafka.clients.Metadata - [Consumer clientId=consumer-spark-kafka-source-43fffd83-d95f-4bf0-b9df-74d6a29c4095-1616614700-executor-65, groupId=spark-kafka-source-43fffd83-d95f-4bf0-b9df-74d6a29c4095-1616614700-executor] Cluster ID: utc3eCJxTsah_zGClk2_uQ
2025-12-10 00:30:07.410 [Executor task launch worker for task 1.0 in stage 25.0 (TID 76)] INFO  org.apache.kafka.clients.Metadata - [Consumer clientId=consumer-spark-kafka-source-43fffd83-d95f-4bf0-b9df-74d6a29c4095-1616614700-executor-64, groupId=spark-kafka-source-43fffd83-d95f-4bf0-b9df-74d6a29c4095-1616614700-executor] Cluster ID: utc3eCJxTsah_zGClk2_uQ
2025-12-10 00:30:07.411 [Executor task launch worker for task 0.0 in stage 25.0 (TID 75)] INFO  org.apache.kafka.clients.Metadata - [Consumer clientId=consumer-spark-kafka-source-43fffd83-d95f-4bf0-b9df-74d6a29c4095-1616614700-executor-66, groupId=spark-kafka-source-43fffd83-d95f-4bf0-b9df-74d6a29c4095-1616614700-executor] Cluster ID: utc3eCJxTsah_zGClk2_uQ
2025-12-10 00:30:07.429 [Executor task launch worker for task 1.0 in stage 25.0 (TID 76)] INFO  o.a.k.c.c.i.SubscriptionState - [Consumer clientId=consumer-spark-kafka-source-43fffd83-d95f-4bf0-b9df-74d6a29c4095-1616614700-executor-64, groupId=spark-kafka-source-43fffd83-d95f-4bf0-b9df-74d6a29c4095-1616614700-executor] Seeking to earliest offset of partition customer_events-0
2025-12-10 00:30:07.431 [Executor task launch worker for task 0.0 in stage 25.0 (TID 75)] INFO  o.a.k.c.c.i.SubscriptionState - [Consumer clientId=consumer-spark-kafka-source-43fffd83-d95f-4bf0-b9df-74d6a29c4095-1616614700-executor-66, groupId=spark-kafka-source-43fffd83-d95f-4bf0-b9df-74d6a29c4095-1616614700-executor] Seeking to earliest offset of partition customer_events-1
2025-12-10 00:30:07.431 [Executor task launch worker for task 2.0 in stage 25.0 (TID 77)] INFO  o.a.k.c.c.i.SubscriptionState - [Consumer clientId=consumer-spark-kafka-source-43fffd83-d95f-4bf0-b9df-74d6a29c4095-1616614700-executor-65, groupId=spark-kafka-source-43fffd83-d95f-4bf0-b9df-74d6a29c4095-1616614700-executor] Seeking to earliest offset of partition customer_events-2
2025-12-10 00:30:07.432 [Executor task launch worker for task 1.0 in stage 25.0 (TID 76)] INFO  o.a.k.c.c.i.SubscriptionState - [Consumer clientId=consumer-spark-kafka-source-43fffd83-d95f-4bf0-b9df-74d6a29c4095-1616614700-executor-64, groupId=spark-kafka-source-43fffd83-d95f-4bf0-b9df-74d6a29c4095-1616614700-executor] Resetting offset for partition customer_events-0 to position FetchPosition{offset=0, offsetEpoch=Optional.empty, currentLeader=LeaderAndEpoch{leader=Optional[localhost:9092 (id: 0 rack: null)], epoch=0}}.
2025-12-10 00:30:07.433 [Executor task launch worker for task 1.0 in stage 25.0 (TID 76)] INFO  o.a.k.c.c.i.SubscriptionState - [Consumer clientId=consumer-spark-kafka-source-43fffd83-d95f-4bf0-b9df-74d6a29c4095-1616614700-executor-64, groupId=spark-kafka-source-43fffd83-d95f-4bf0-b9df-74d6a29c4095-1616614700-executor] Seeking to latest offset of partition customer_events-0
2025-12-10 00:30:07.434 [Executor task launch worker for task 2.0 in stage 25.0 (TID 77)] INFO  o.a.k.c.c.i.SubscriptionState - [Consumer clientId=consumer-spark-kafka-source-43fffd83-d95f-4bf0-b9df-74d6a29c4095-1616614700-executor-65, groupId=spark-kafka-source-43fffd83-d95f-4bf0-b9df-74d6a29c4095-1616614700-executor] Resetting offset for partition customer_events-2 to position FetchPosition{offset=0, offsetEpoch=Optional.empty, currentLeader=LeaderAndEpoch{leader=Optional[localhost:9093 (id: 1 rack: null)], epoch=0}}.
2025-12-10 00:30:07.434 [Executor task launch worker for task 0.0 in stage 25.0 (TID 75)] INFO  o.a.k.c.c.i.SubscriptionState - [Consumer clientId=consumer-spark-kafka-source-43fffd83-d95f-4bf0-b9df-74d6a29c4095-1616614700-executor-66, groupId=spark-kafka-source-43fffd83-d95f-4bf0-b9df-74d6a29c4095-1616614700-executor] Resetting offset for partition customer_events-1 to position FetchPosition{offset=0, offsetEpoch=Optional.empty, currentLeader=LeaderAndEpoch{leader=Optional[localhost:9094 (id: 2 rack: null)], epoch=0}}.
2025-12-10 00:30:07.434 [Executor task launch worker for task 1.0 in stage 25.0 (TID 76)] INFO  o.a.k.c.c.i.SubscriptionState - [Consumer clientId=consumer-spark-kafka-source-43fffd83-d95f-4bf0-b9df-74d6a29c4095-1616614700-executor-64, groupId=spark-kafka-source-43fffd83-d95f-4bf0-b9df-74d6a29c4095-1616614700-executor] Resetting offset for partition customer_events-0 to position FetchPosition{offset=64284, offsetEpoch=Optional.empty, currentLeader=LeaderAndEpoch{leader=Optional[localhost:9092 (id: 0 rack: null)], epoch=0}}.
2025-12-10 00:30:07.435 [Executor task launch worker for task 2.0 in stage 25.0 (TID 77)] INFO  o.a.k.c.c.i.SubscriptionState - [Consumer clientId=consumer-spark-kafka-source-43fffd83-d95f-4bf0-b9df-74d6a29c4095-1616614700-executor-65, groupId=spark-kafka-source-43fffd83-d95f-4bf0-b9df-74d6a29c4095-1616614700-executor] Seeking to latest offset of partition customer_events-2
2025-12-10 00:30:07.435 [Executor task launch worker for task 0.0 in stage 25.0 (TID 75)] INFO  o.a.k.c.c.i.SubscriptionState - [Consumer clientId=consumer-spark-kafka-source-43fffd83-d95f-4bf0-b9df-74d6a29c4095-1616614700-executor-66, groupId=spark-kafka-source-43fffd83-d95f-4bf0-b9df-74d6a29c4095-1616614700-executor] Seeking to latest offset of partition customer_events-1
2025-12-10 00:30:07.436 [Executor task launch worker for task 0.0 in stage 25.0 (TID 75)] INFO  o.a.k.c.c.i.SubscriptionState - [Consumer clientId=consumer-spark-kafka-source-43fffd83-d95f-4bf0-b9df-74d6a29c4095-1616614700-executor-66, groupId=spark-kafka-source-43fffd83-d95f-4bf0-b9df-74d6a29c4095-1616614700-executor] Resetting offset for partition customer_events-1 to position FetchPosition{offset=64567, offsetEpoch=Optional.empty, currentLeader=LeaderAndEpoch{leader=Optional[localhost:9094 (id: 2 rack: null)], epoch=0}}.
2025-12-10 00:30:07.436 [Executor task launch worker for task 2.0 in stage 25.0 (TID 77)] INFO  o.a.k.c.c.i.SubscriptionState - [Consumer clientId=consumer-spark-kafka-source-43fffd83-d95f-4bf0-b9df-74d6a29c4095-1616614700-executor-65, groupId=spark-kafka-source-43fffd83-d95f-4bf0-b9df-74d6a29c4095-1616614700-executor] Resetting offset for partition customer_events-2 to position FetchPosition{offset=63867, offsetEpoch=Optional.empty, currentLeader=LeaderAndEpoch{leader=Optional[localhost:9093 (id: 1 rack: null)], epoch=0}}.
2025-12-10 00:30:07.444 [Executor task launch worker for task 1.0 in stage 25.0 (TID 76)] INFO  o.a.k.c.c.i.LegacyKafkaConsumer - [Consumer clientId=consumer-spark-kafka-source-43fffd83-d95f-4bf0-b9df-74d6a29c4095-1616614700-executor-64, groupId=spark-kafka-source-43fffd83-d95f-4bf0-b9df-74d6a29c4095-1616614700-executor] Seeking to offset 61814 for partition customer_events-0
2025-12-10 00:30:07.445 [Executor task launch worker for task 2.0 in stage 25.0 (TID 77)] INFO  o.a.k.c.c.i.LegacyKafkaConsumer - [Consumer clientId=consumer-spark-kafka-source-43fffd83-d95f-4bf0-b9df-74d6a29c4095-1616614700-executor-65, groupId=spark-kafka-source-43fffd83-d95f-4bf0-b9df-74d6a29c4095-1616614700-executor] Seeking to offset 61288 for partition customer_events-2
2025-12-10 00:30:07.445 [Executor task launch worker for task 0.0 in stage 25.0 (TID 75)] INFO  o.a.k.c.c.i.LegacyKafkaConsumer - [Consumer clientId=consumer-spark-kafka-source-43fffd83-d95f-4bf0-b9df-74d6a29c4095-1616614700-executor-66, groupId=spark-kafka-source-43fffd83-d95f-4bf0-b9df-74d6a29c4095-1616614700-executor] Seeking to offset 62042 for partition customer_events-1
2025-12-10 00:30:07.445 [Executor task launch worker for task 1.0 in stage 25.0 (TID 76)] INFO  o.a.k.c.c.i.SubscriptionState - [Consumer clientId=consumer-spark-kafka-source-43fffd83-d95f-4bf0-b9df-74d6a29c4095-1616614700-executor-64, groupId=spark-kafka-source-43fffd83-d95f-4bf0-b9df-74d6a29c4095-1616614700-executor] Seeking to earliest offset of partition customer_events-0
2025-12-10 00:30:07.446 [Executor task launch worker for task 0.0 in stage 25.0 (TID 75)] INFO  o.a.k.c.c.i.SubscriptionState - [Consumer clientId=consumer-spark-kafka-source-43fffd83-d95f-4bf0-b9df-74d6a29c4095-1616614700-executor-66, groupId=spark-kafka-source-43fffd83-d95f-4bf0-b9df-74d6a29c4095-1616614700-executor] Seeking to earliest offset of partition customer_events-1
2025-12-10 00:30:07.446 [Executor task launch worker for task 2.0 in stage 25.0 (TID 77)] INFO  o.a.k.c.c.i.SubscriptionState - [Consumer clientId=consumer-spark-kafka-source-43fffd83-d95f-4bf0-b9df-74d6a29c4095-1616614700-executor-65, groupId=spark-kafka-source-43fffd83-d95f-4bf0-b9df-74d6a29c4095-1616614700-executor] Seeking to earliest offset of partition customer_events-2
2025-12-10 00:30:07.446 [Executor task launch worker for task 0.0 in stage 25.0 (TID 75)] INFO  o.a.k.c.c.i.SubscriptionState - [Consumer clientId=consumer-spark-kafka-source-43fffd83-d95f-4bf0-b9df-74d6a29c4095-1616614700-executor-66, groupId=spark-kafka-source-43fffd83-d95f-4bf0-b9df-74d6a29c4095-1616614700-executor] Resetting offset for partition customer_events-1 to position FetchPosition{offset=0, offsetEpoch=Optional.empty, currentLeader=LeaderAndEpoch{leader=Optional[localhost:9094 (id: 2 rack: null)], epoch=0}}.
2025-12-10 00:30:07.446 [Executor task launch worker for task 2.0 in stage 25.0 (TID 77)] INFO  o.a.k.c.c.i.SubscriptionState - [Consumer clientId=consumer-spark-kafka-source-43fffd83-d95f-4bf0-b9df-74d6a29c4095-1616614700-executor-65, groupId=spark-kafka-source-43fffd83-d95f-4bf0-b9df-74d6a29c4095-1616614700-executor] Resetting offset for partition customer_events-2 to position FetchPosition{offset=0, offsetEpoch=Optional.empty, currentLeader=LeaderAndEpoch{leader=Optional[localhost:9093 (id: 1 rack: null)], epoch=0}}.
2025-12-10 00:30:07.446 [Executor task launch worker for task 1.0 in stage 25.0 (TID 76)] INFO  o.a.k.c.c.i.SubscriptionState - [Consumer clientId=consumer-spark-kafka-source-43fffd83-d95f-4bf0-b9df-74d6a29c4095-1616614700-executor-64, groupId=spark-kafka-source-43fffd83-d95f-4bf0-b9df-74d6a29c4095-1616614700-executor] Resetting offset for partition customer_events-0 to position FetchPosition{offset=0, offsetEpoch=Optional.empty, currentLeader=LeaderAndEpoch{leader=Optional[localhost:9092 (id: 0 rack: null)], epoch=0}}.
2025-12-10 00:30:07.446 [Executor task launch worker for task 0.0 in stage 25.0 (TID 75)] INFO  o.a.k.c.c.i.SubscriptionState - [Consumer clientId=consumer-spark-kafka-source-43fffd83-d95f-4bf0-b9df-74d6a29c4095-1616614700-executor-66, groupId=spark-kafka-source-43fffd83-d95f-4bf0-b9df-74d6a29c4095-1616614700-executor] Seeking to latest offset of partition customer_events-1
2025-12-10 00:30:07.446 [Executor task launch worker for task 2.0 in stage 25.0 (TID 77)] INFO  o.a.k.c.c.i.SubscriptionState - [Consumer clientId=consumer-spark-kafka-source-43fffd83-d95f-4bf0-b9df-74d6a29c4095-1616614700-executor-65, groupId=spark-kafka-source-43fffd83-d95f-4bf0-b9df-74d6a29c4095-1616614700-executor] Seeking to latest offset of partition customer_events-2
2025-12-10 00:30:07.446 [Executor task launch worker for task 1.0 in stage 25.0 (TID 76)] INFO  o.a.k.c.c.i.SubscriptionState - [Consumer clientId=consumer-spark-kafka-source-43fffd83-d95f-4bf0-b9df-74d6a29c4095-1616614700-executor-64, groupId=spark-kafka-source-43fffd83-d95f-4bf0-b9df-74d6a29c4095-1616614700-executor] Seeking to latest offset of partition customer_events-0
2025-12-10 00:30:07.447 [Executor task launch worker for task 0.0 in stage 25.0 (TID 75)] INFO  o.a.k.c.c.i.SubscriptionState - [Consumer clientId=consumer-spark-kafka-source-43fffd83-d95f-4bf0-b9df-74d6a29c4095-1616614700-executor-66, groupId=spark-kafka-source-43fffd83-d95f-4bf0-b9df-74d6a29c4095-1616614700-executor] Resetting offset for partition customer_events-1 to position FetchPosition{offset=64567, offsetEpoch=Optional.empty, currentLeader=LeaderAndEpoch{leader=Optional[localhost:9094 (id: 2 rack: null)], epoch=0}}.
2025-12-10 00:30:07.447 [Executor task launch worker for task 2.0 in stage 25.0 (TID 77)] INFO  o.a.k.c.c.i.SubscriptionState - [Consumer clientId=consumer-spark-kafka-source-43fffd83-d95f-4bf0-b9df-74d6a29c4095-1616614700-executor-65, groupId=spark-kafka-source-43fffd83-d95f-4bf0-b9df-74d6a29c4095-1616614700-executor] Resetting offset for partition customer_events-2 to position FetchPosition{offset=63867, offsetEpoch=Optional.empty, currentLeader=LeaderAndEpoch{leader=Optional[localhost:9093 (id: 1 rack: null)], epoch=0}}.
2025-12-10 00:30:07.447 [Executor task launch worker for task 1.0 in stage 25.0 (TID 76)] INFO  o.a.k.c.c.i.SubscriptionState - [Consumer clientId=consumer-spark-kafka-source-43fffd83-d95f-4bf0-b9df-74d6a29c4095-1616614700-executor-64, groupId=spark-kafka-source-43fffd83-d95f-4bf0-b9df-74d6a29c4095-1616614700-executor] Resetting offset for partition customer_events-0 to position FetchPosition{offset=64284, offsetEpoch=Optional.empty, currentLeader=LeaderAndEpoch{leader=Optional[localhost:9092 (id: 0 rack: null)], epoch=0}}.
2025-12-10 00:30:07.449 [Executor task launch worker for task 2.0 in stage 25.0 (TID 77)] INFO  o.a.k.c.c.i.LegacyKafkaConsumer - [Consumer clientId=consumer-spark-kafka-source-43fffd83-d95f-4bf0-b9df-74d6a29c4095-1616614700-executor-65, groupId=spark-kafka-source-43fffd83-d95f-4bf0-b9df-74d6a29c4095-1616614700-executor] Seeking to offset 61788 for partition customer_events-2
2025-12-10 00:30:07.449 [Executor task launch worker for task 0.0 in stage 25.0 (TID 75)] INFO  o.a.k.c.c.i.LegacyKafkaConsumer - [Consumer clientId=consumer-spark-kafka-source-43fffd83-d95f-4bf0-b9df-74d6a29c4095-1616614700-executor-66, groupId=spark-kafka-source-43fffd83-d95f-4bf0-b9df-74d6a29c4095-1616614700-executor] Seeking to offset 62542 for partition customer_events-1
2025-12-10 00:30:07.450 [Executor task launch worker for task 1.0 in stage 25.0 (TID 76)] INFO  o.a.k.c.c.i.LegacyKafkaConsumer - [Consumer clientId=consumer-spark-kafka-source-43fffd83-d95f-4bf0-b9df-74d6a29c4095-1616614700-executor-64, groupId=spark-kafka-source-43fffd83-d95f-4bf0-b9df-74d6a29c4095-1616614700-executor] Seeking to offset 62314 for partition customer_events-0
2025-12-10 00:30:07.450 [Executor task launch worker for task 2.0 in stage 25.0 (TID 77)] INFO  o.a.k.c.c.i.SubscriptionState - [Consumer clientId=consumer-spark-kafka-source-43fffd83-d95f-4bf0-b9df-74d6a29c4095-1616614700-executor-65, groupId=spark-kafka-source-43fffd83-d95f-4bf0-b9df-74d6a29c4095-1616614700-executor] Seeking to earliest offset of partition customer_events-2
2025-12-10 00:30:07.450 [Executor task launch worker for task 0.0 in stage 25.0 (TID 75)] INFO  o.a.k.c.c.i.SubscriptionState - [Consumer clientId=consumer-spark-kafka-source-43fffd83-d95f-4bf0-b9df-74d6a29c4095-1616614700-executor-66, groupId=spark-kafka-source-43fffd83-d95f-4bf0-b9df-74d6a29c4095-1616614700-executor] Seeking to earliest offset of partition customer_events-1
2025-12-10 00:30:07.450 [Executor task launch worker for task 1.0 in stage 25.0 (TID 76)] INFO  o.a.k.c.c.i.SubscriptionState - [Consumer clientId=consumer-spark-kafka-source-43fffd83-d95f-4bf0-b9df-74d6a29c4095-1616614700-executor-64, groupId=spark-kafka-source-43fffd83-d95f-4bf0-b9df-74d6a29c4095-1616614700-executor] Seeking to earliest offset of partition customer_events-0
2025-12-10 00:30:07.451 [Executor task launch worker for task 0.0 in stage 25.0 (TID 75)] INFO  o.a.k.c.c.i.SubscriptionState - [Consumer clientId=consumer-spark-kafka-source-43fffd83-d95f-4bf0-b9df-74d6a29c4095-1616614700-executor-66, groupId=spark-kafka-source-43fffd83-d95f-4bf0-b9df-74d6a29c4095-1616614700-executor] Resetting offset for partition customer_events-1 to position FetchPosition{offset=0, offsetEpoch=Optional.empty, currentLeader=LeaderAndEpoch{leader=Optional[localhost:9094 (id: 2 rack: null)], epoch=0}}.
2025-12-10 00:30:07.451 [Executor task launch worker for task 0.0 in stage 25.0 (TID 75)] INFO  o.a.k.c.c.i.SubscriptionState - [Consumer clientId=consumer-spark-kafka-source-43fffd83-d95f-4bf0-b9df-74d6a29c4095-1616614700-executor-66, groupId=spark-kafka-source-43fffd83-d95f-4bf0-b9df-74d6a29c4095-1616614700-executor] Seeking to latest offset of partition customer_events-1
2025-12-10 00:30:07.451 [Executor task launch worker for task 2.0 in stage 25.0 (TID 77)] INFO  o.a.k.c.c.i.SubscriptionState - [Consumer clientId=consumer-spark-kafka-source-43fffd83-d95f-4bf0-b9df-74d6a29c4095-1616614700-executor-65, groupId=spark-kafka-source-43fffd83-d95f-4bf0-b9df-74d6a29c4095-1616614700-executor] Resetting offset for partition customer_events-2 to position FetchPosition{offset=0, offsetEpoch=Optional.empty, currentLeader=LeaderAndEpoch{leader=Optional[localhost:9093 (id: 1 rack: null)], epoch=0}}.
2025-12-10 00:30:07.451 [Executor task launch worker for task 2.0 in stage 25.0 (TID 77)] INFO  o.a.k.c.c.i.SubscriptionState - [Consumer clientId=consumer-spark-kafka-source-43fffd83-d95f-4bf0-b9df-74d6a29c4095-1616614700-executor-65, groupId=spark-kafka-source-43fffd83-d95f-4bf0-b9df-74d6a29c4095-1616614700-executor] Seeking to latest offset of partition customer_events-2
2025-12-10 00:30:07.451 [Executor task launch worker for task 1.0 in stage 25.0 (TID 76)] INFO  o.a.k.c.c.i.SubscriptionState - [Consumer clientId=consumer-spark-kafka-source-43fffd83-d95f-4bf0-b9df-74d6a29c4095-1616614700-executor-64, groupId=spark-kafka-source-43fffd83-d95f-4bf0-b9df-74d6a29c4095-1616614700-executor] Resetting offset for partition customer_events-0 to position FetchPosition{offset=0, offsetEpoch=Optional.empty, currentLeader=LeaderAndEpoch{leader=Optional[localhost:9092 (id: 0 rack: null)], epoch=0}}.
2025-12-10 00:30:07.451 [Executor task launch worker for task 0.0 in stage 25.0 (TID 75)] INFO  o.a.k.c.c.i.SubscriptionState - [Consumer clientId=consumer-spark-kafka-source-43fffd83-d95f-4bf0-b9df-74d6a29c4095-1616614700-executor-66, groupId=spark-kafka-source-43fffd83-d95f-4bf0-b9df-74d6a29c4095-1616614700-executor] Resetting offset for partition customer_events-1 to position FetchPosition{offset=64567, offsetEpoch=Optional.empty, currentLeader=LeaderAndEpoch{leader=Optional[localhost:9094 (id: 2 rack: null)], epoch=0}}.
2025-12-10 00:30:07.451 [Executor task launch worker for task 1.0 in stage 25.0 (TID 76)] INFO  o.a.k.c.c.i.SubscriptionState - [Consumer clientId=consumer-spark-kafka-source-43fffd83-d95f-4bf0-b9df-74d6a29c4095-1616614700-executor-64, groupId=spark-kafka-source-43fffd83-d95f-4bf0-b9df-74d6a29c4095-1616614700-executor] Seeking to latest offset of partition customer_events-0
2025-12-10 00:30:07.451 [Executor task launch worker for task 2.0 in stage 25.0 (TID 77)] INFO  o.a.k.c.c.i.SubscriptionState - [Consumer clientId=consumer-spark-kafka-source-43fffd83-d95f-4bf0-b9df-74d6a29c4095-1616614700-executor-65, groupId=spark-kafka-source-43fffd83-d95f-4bf0-b9df-74d6a29c4095-1616614700-executor] Resetting offset for partition customer_events-2 to position FetchPosition{offset=63867, offsetEpoch=Optional.empty, currentLeader=LeaderAndEpoch{leader=Optional[localhost:9093 (id: 1 rack: null)], epoch=0}}.
2025-12-10 00:30:07.452 [Executor task launch worker for task 1.0 in stage 25.0 (TID 76)] INFO  o.a.k.c.c.i.SubscriptionState - [Consumer clientId=consumer-spark-kafka-source-43fffd83-d95f-4bf0-b9df-74d6a29c4095-1616614700-executor-64, groupId=spark-kafka-source-43fffd83-d95f-4bf0-b9df-74d6a29c4095-1616614700-executor] Resetting offset for partition customer_events-0 to position FetchPosition{offset=64284, offsetEpoch=Optional.empty, currentLeader=LeaderAndEpoch{leader=Optional[localhost:9092 (id: 0 rack: null)], epoch=0}}.
2025-12-10 00:30:07.453 [Executor task launch worker for task 0.0 in stage 25.0 (TID 75)] INFO  o.a.k.c.c.i.LegacyKafkaConsumer - [Consumer clientId=consumer-spark-kafka-source-43fffd83-d95f-4bf0-b9df-74d6a29c4095-1616614700-executor-66, groupId=spark-kafka-source-43fffd83-d95f-4bf0-b9df-74d6a29c4095-1616614700-executor] Seeking to offset 63042 for partition customer_events-1
2025-12-10 00:30:07.454 [Executor task launch worker for task 1.0 in stage 25.0 (TID 76)] INFO  o.a.k.c.c.i.LegacyKafkaConsumer - [Consumer clientId=consumer-spark-kafka-source-43fffd83-d95f-4bf0-b9df-74d6a29c4095-1616614700-executor-64, groupId=spark-kafka-source-43fffd83-d95f-4bf0-b9df-74d6a29c4095-1616614700-executor] Seeking to offset 62814 for partition customer_events-0
2025-12-10 00:30:07.454 [Executor task launch worker for task 2.0 in stage 25.0 (TID 77)] INFO  o.a.k.c.c.i.LegacyKafkaConsumer - [Consumer clientId=consumer-spark-kafka-source-43fffd83-d95f-4bf0-b9df-74d6a29c4095-1616614700-executor-65, groupId=spark-kafka-source-43fffd83-d95f-4bf0-b9df-74d6a29c4095-1616614700-executor] Seeking to offset 62288 for partition customer_events-2
2025-12-10 00:30:07.455 [Executor task launch worker for task 1.0 in stage 25.0 (TID 76)] INFO  o.a.k.c.c.i.SubscriptionState - [Consumer clientId=consumer-spark-kafka-source-43fffd83-d95f-4bf0-b9df-74d6a29c4095-1616614700-executor-64, groupId=spark-kafka-source-43fffd83-d95f-4bf0-b9df-74d6a29c4095-1616614700-executor] Seeking to earliest offset of partition customer_events-0
2025-12-10 00:30:07.455 [Executor task launch worker for task 0.0 in stage 25.0 (TID 75)] INFO  o.a.k.c.c.i.SubscriptionState - [Consumer clientId=consumer-spark-kafka-source-43fffd83-d95f-4bf0-b9df-74d6a29c4095-1616614700-executor-66, groupId=spark-kafka-source-43fffd83-d95f-4bf0-b9df-74d6a29c4095-1616614700-executor] Seeking to earliest offset of partition customer_events-1
2025-12-10 00:30:07.456 [Executor task launch worker for task 0.0 in stage 25.0 (TID 75)] INFO  o.a.k.c.c.i.SubscriptionState - [Consumer clientId=consumer-spark-kafka-source-43fffd83-d95f-4bf0-b9df-74d6a29c4095-1616614700-executor-66, groupId=spark-kafka-source-43fffd83-d95f-4bf0-b9df-74d6a29c4095-1616614700-executor] Resetting offset for partition customer_events-1 to position FetchPosition{offset=0, offsetEpoch=Optional.empty, currentLeader=LeaderAndEpoch{leader=Optional[localhost:9094 (id: 2 rack: null)], epoch=0}}.
2025-12-10 00:30:07.456 [Executor task launch worker for task 0.0 in stage 25.0 (TID 75)] INFO  o.a.k.c.c.i.SubscriptionState - [Consumer clientId=consumer-spark-kafka-source-43fffd83-d95f-4bf0-b9df-74d6a29c4095-1616614700-executor-66, groupId=spark-kafka-source-43fffd83-d95f-4bf0-b9df-74d6a29c4095-1616614700-executor] Seeking to latest offset of partition customer_events-1
2025-12-10 00:30:07.456 [Executor task launch worker for task 1.0 in stage 25.0 (TID 76)] INFO  o.a.k.c.c.i.SubscriptionState - [Consumer clientId=consumer-spark-kafka-source-43fffd83-d95f-4bf0-b9df-74d6a29c4095-1616614700-executor-64, groupId=spark-kafka-source-43fffd83-d95f-4bf0-b9df-74d6a29c4095-1616614700-executor] Resetting offset for partition customer_events-0 to position FetchPosition{offset=0, offsetEpoch=Optional.empty, currentLeader=LeaderAndEpoch{leader=Optional[localhost:9092 (id: 0 rack: null)], epoch=0}}.
2025-12-10 00:30:07.456 [Executor task launch worker for task 0.0 in stage 25.0 (TID 75)] INFO  o.a.k.c.c.i.SubscriptionState - [Consumer clientId=consumer-spark-kafka-source-43fffd83-d95f-4bf0-b9df-74d6a29c4095-1616614700-executor-66, groupId=spark-kafka-source-43fffd83-d95f-4bf0-b9df-74d6a29c4095-1616614700-executor] Resetting offset for partition customer_events-1 to position FetchPosition{offset=64567, offsetEpoch=Optional.empty, currentLeader=LeaderAndEpoch{leader=Optional[localhost:9094 (id: 2 rack: null)], epoch=0}}.
2025-12-10 00:30:07.456 [Executor task launch worker for task 1.0 in stage 25.0 (TID 76)] INFO  o.a.k.c.c.i.SubscriptionState - [Consumer clientId=consumer-spark-kafka-source-43fffd83-d95f-4bf0-b9df-74d6a29c4095-1616614700-executor-64, groupId=spark-kafka-source-43fffd83-d95f-4bf0-b9df-74d6a29c4095-1616614700-executor] Seeking to latest offset of partition customer_events-0
2025-12-10 00:30:07.456 [Executor task launch worker for task 2.0 in stage 25.0 (TID 77)] INFO  o.a.k.c.c.i.SubscriptionState - [Consumer clientId=consumer-spark-kafka-source-43fffd83-d95f-4bf0-b9df-74d6a29c4095-1616614700-executor-65, groupId=spark-kafka-source-43fffd83-d95f-4bf0-b9df-74d6a29c4095-1616614700-executor] Seeking to earliest offset of partition customer_events-2
2025-12-10 00:30:07.456 [Executor task launch worker for task 1.0 in stage 25.0 (TID 76)] INFO  o.a.k.c.c.i.SubscriptionState - [Consumer clientId=consumer-spark-kafka-source-43fffd83-d95f-4bf0-b9df-74d6a29c4095-1616614700-executor-64, groupId=spark-kafka-source-43fffd83-d95f-4bf0-b9df-74d6a29c4095-1616614700-executor] Resetting offset for partition customer_events-0 to position FetchPosition{offset=64284, offsetEpoch=Optional.empty, currentLeader=LeaderAndEpoch{leader=Optional[localhost:9092 (id: 0 rack: null)], epoch=0}}.
2025-12-10 00:30:07.456 [Executor task launch worker for task 2.0 in stage 25.0 (TID 77)] INFO  o.a.k.c.c.i.SubscriptionState - [Consumer clientId=consumer-spark-kafka-source-43fffd83-d95f-4bf0-b9df-74d6a29c4095-1616614700-executor-65, groupId=spark-kafka-source-43fffd83-d95f-4bf0-b9df-74d6a29c4095-1616614700-executor] Resetting offset for partition customer_events-2 to position FetchPosition{offset=0, offsetEpoch=Optional.empty, currentLeader=LeaderAndEpoch{leader=Optional[localhost:9093 (id: 1 rack: null)], epoch=0}}.
2025-12-10 00:30:07.456 [Executor task launch worker for task 2.0 in stage 25.0 (TID 77)] INFO  o.a.k.c.c.i.SubscriptionState - [Consumer clientId=consumer-spark-kafka-source-43fffd83-d95f-4bf0-b9df-74d6a29c4095-1616614700-executor-65, groupId=spark-kafka-source-43fffd83-d95f-4bf0-b9df-74d6a29c4095-1616614700-executor] Seeking to latest offset of partition customer_events-2
2025-12-10 00:30:07.457 [Executor task launch worker for task 2.0 in stage 25.0 (TID 77)] INFO  o.a.k.c.c.i.SubscriptionState - [Consumer clientId=consumer-spark-kafka-source-43fffd83-d95f-4bf0-b9df-74d6a29c4095-1616614700-executor-65, groupId=spark-kafka-source-43fffd83-d95f-4bf0-b9df-74d6a29c4095-1616614700-executor] Resetting offset for partition customer_events-2 to position FetchPosition{offset=63867, offsetEpoch=Optional.empty, currentLeader=LeaderAndEpoch{leader=Optional[localhost:9093 (id: 1 rack: null)], epoch=0}}.
2025-12-10 00:30:07.461 [Executor task launch worker for task 0.0 in stage 25.0 (TID 75)] INFO  o.a.k.c.c.i.LegacyKafkaConsumer - [Consumer clientId=consumer-spark-kafka-source-43fffd83-d95f-4bf0-b9df-74d6a29c4095-1616614700-executor-66, groupId=spark-kafka-source-43fffd83-d95f-4bf0-b9df-74d6a29c4095-1616614700-executor] Seeking to offset 63542 for partition customer_events-1
2025-12-10 00:30:07.462 [Executor task launch worker for task 1.0 in stage 25.0 (TID 76)] INFO  o.a.k.c.c.i.LegacyKafkaConsumer - [Consumer clientId=consumer-spark-kafka-source-43fffd83-d95f-4bf0-b9df-74d6a29c4095-1616614700-executor-64, groupId=spark-kafka-source-43fffd83-d95f-4bf0-b9df-74d6a29c4095-1616614700-executor] Seeking to offset 63314 for partition customer_events-0
2025-12-10 00:30:07.465 [Executor task launch worker for task 2.0 in stage 25.0 (TID 77)] INFO  o.a.k.c.c.i.LegacyKafkaConsumer - [Consumer clientId=consumer-spark-kafka-source-43fffd83-d95f-4bf0-b9df-74d6a29c4095-1616614700-executor-65, groupId=spark-kafka-source-43fffd83-d95f-4bf0-b9df-74d6a29c4095-1616614700-executor] Seeking to offset 62788 for partition customer_events-2
2025-12-10 00:30:07.465 [Executor task launch worker for task 0.0 in stage 25.0 (TID 75)] INFO  o.a.k.c.c.i.SubscriptionState - [Consumer clientId=consumer-spark-kafka-source-43fffd83-d95f-4bf0-b9df-74d6a29c4095-1616614700-executor-66, groupId=spark-kafka-source-43fffd83-d95f-4bf0-b9df-74d6a29c4095-1616614700-executor] Seeking to earliest offset of partition customer_events-1
2025-12-10 00:30:07.485 [Executor task launch worker for task 2.0 in stage 25.0 (TID 77)] INFO  o.a.k.c.c.i.SubscriptionState - [Consumer clientId=consumer-spark-kafka-source-43fffd83-d95f-4bf0-b9df-74d6a29c4095-1616614700-executor-65, groupId=spark-kafka-source-43fffd83-d95f-4bf0-b9df-74d6a29c4095-1616614700-executor] Seeking to earliest offset of partition customer_events-2
2025-12-10 00:30:07.486 [Executor task launch worker for task 1.0 in stage 25.0 (TID 76)] INFO  o.a.k.c.c.i.SubscriptionState - [Consumer clientId=consumer-spark-kafka-source-43fffd83-d95f-4bf0-b9df-74d6a29c4095-1616614700-executor-64, groupId=spark-kafka-source-43fffd83-d95f-4bf0-b9df-74d6a29c4095-1616614700-executor] Seeking to earliest offset of partition customer_events-0
2025-12-10 00:30:07.486 [Executor task launch worker for task 2.0 in stage 25.0 (TID 77)] INFO  o.a.k.c.c.i.SubscriptionState - [Consumer clientId=consumer-spark-kafka-source-43fffd83-d95f-4bf0-b9df-74d6a29c4095-1616614700-executor-65, groupId=spark-kafka-source-43fffd83-d95f-4bf0-b9df-74d6a29c4095-1616614700-executor] Resetting offset for partition customer_events-2 to position FetchPosition{offset=0, offsetEpoch=Optional.empty, currentLeader=LeaderAndEpoch{leader=Optional[localhost:9093 (id: 1 rack: null)], epoch=0}}.
2025-12-10 00:30:07.486 [Executor task launch worker for task 0.0 in stage 25.0 (TID 75)] INFO  o.a.k.c.c.i.SubscriptionState - [Consumer clientId=consumer-spark-kafka-source-43fffd83-d95f-4bf0-b9df-74d6a29c4095-1616614700-executor-66, groupId=spark-kafka-source-43fffd83-d95f-4bf0-b9df-74d6a29c4095-1616614700-executor] Resetting offset for partition customer_events-1 to position FetchPosition{offset=0, offsetEpoch=Optional.empty, currentLeader=LeaderAndEpoch{leader=Optional[localhost:9094 (id: 2 rack: null)], epoch=0}}.
2025-12-10 00:30:07.486 [Executor task launch worker for task 0.0 in stage 25.0 (TID 75)] INFO  o.a.k.c.c.i.SubscriptionState - [Consumer clientId=consumer-spark-kafka-source-43fffd83-d95f-4bf0-b9df-74d6a29c4095-1616614700-executor-66, groupId=spark-kafka-source-43fffd83-d95f-4bf0-b9df-74d6a29c4095-1616614700-executor] Seeking to latest offset of partition customer_events-1
2025-12-10 00:30:07.486 [Executor task launch worker for task 1.0 in stage 25.0 (TID 76)] INFO  o.a.k.c.c.i.SubscriptionState - [Consumer clientId=consumer-spark-kafka-source-43fffd83-d95f-4bf0-b9df-74d6a29c4095-1616614700-executor-64, groupId=spark-kafka-source-43fffd83-d95f-4bf0-b9df-74d6a29c4095-1616614700-executor] Resetting offset for partition customer_events-0 to position FetchPosition{offset=0, offsetEpoch=Optional.empty, currentLeader=LeaderAndEpoch{leader=Optional[localhost:9092 (id: 0 rack: null)], epoch=0}}.
2025-12-10 00:30:07.486 [Executor task launch worker for task 2.0 in stage 25.0 (TID 77)] INFO  o.a.k.c.c.i.SubscriptionState - [Consumer clientId=consumer-spark-kafka-source-43fffd83-d95f-4bf0-b9df-74d6a29c4095-1616614700-executor-65, groupId=spark-kafka-source-43fffd83-d95f-4bf0-b9df-74d6a29c4095-1616614700-executor] Seeking to latest offset of partition customer_events-2
2025-12-10 00:30:07.486 [Executor task launch worker for task 1.0 in stage 25.0 (TID 76)] INFO  o.a.k.c.c.i.SubscriptionState - [Consumer clientId=consumer-spark-kafka-source-43fffd83-d95f-4bf0-b9df-74d6a29c4095-1616614700-executor-64, groupId=spark-kafka-source-43fffd83-d95f-4bf0-b9df-74d6a29c4095-1616614700-executor] Seeking to latest offset of partition customer_events-0
2025-12-10 00:30:07.487 [Executor task launch worker for task 0.0 in stage 25.0 (TID 75)] INFO  o.a.k.c.c.i.SubscriptionState - [Consumer clientId=consumer-spark-kafka-source-43fffd83-d95f-4bf0-b9df-74d6a29c4095-1616614700-executor-66, groupId=spark-kafka-source-43fffd83-d95f-4bf0-b9df-74d6a29c4095-1616614700-executor] Resetting offset for partition customer_events-1 to position FetchPosition{offset=64568, offsetEpoch=Optional.empty, currentLeader=LeaderAndEpoch{leader=Optional[localhost:9094 (id: 2 rack: null)], epoch=0}}.
2025-12-10 00:30:07.487 [Executor task launch worker for task 2.0 in stage 25.0 (TID 77)] INFO  o.a.k.c.c.i.SubscriptionState - [Consumer clientId=consumer-spark-kafka-source-43fffd83-d95f-4bf0-b9df-74d6a29c4095-1616614700-executor-65, groupId=spark-kafka-source-43fffd83-d95f-4bf0-b9df-74d6a29c4095-1616614700-executor] Resetting offset for partition customer_events-2 to position FetchPosition{offset=63867, offsetEpoch=Optional.empty, currentLeader=LeaderAndEpoch{leader=Optional[localhost:9093 (id: 1 rack: null)], epoch=0}}.
2025-12-10 00:30:07.487 [Executor task launch worker for task 1.0 in stage 25.0 (TID 76)] INFO  o.a.k.c.c.i.SubscriptionState - [Consumer clientId=consumer-spark-kafka-source-43fffd83-d95f-4bf0-b9df-74d6a29c4095-1616614700-executor-64, groupId=spark-kafka-source-43fffd83-d95f-4bf0-b9df-74d6a29c4095-1616614700-executor] Resetting offset for partition customer_events-0 to position FetchPosition{offset=64284, offsetEpoch=Optional.empty, currentLeader=LeaderAndEpoch{leader=Optional[localhost:9092 (id: 0 rack: null)], epoch=0}}.
2025-12-10 00:30:07.491 [Executor task launch worker for task 0.0 in stage 25.0 (TID 75)] INFO  o.a.k.c.c.i.LegacyKafkaConsumer - [Consumer clientId=consumer-spark-kafka-source-43fffd83-d95f-4bf0-b9df-74d6a29c4095-1616614700-executor-66, groupId=spark-kafka-source-43fffd83-d95f-4bf0-b9df-74d6a29c4095-1616614700-executor] Seeking to offset 64042 for partition customer_events-1
2025-12-10 00:30:07.491 [Executor task launch worker for task 1.0 in stage 25.0 (TID 76)] INFO  o.a.k.c.c.i.LegacyKafkaConsumer - [Consumer clientId=consumer-spark-kafka-source-43fffd83-d95f-4bf0-b9df-74d6a29c4095-1616614700-executor-64, groupId=spark-kafka-source-43fffd83-d95f-4bf0-b9df-74d6a29c4095-1616614700-executor] Seeking to offset 63814 for partition customer_events-0
2025-12-10 00:30:07.492 [Executor task launch worker for task 2.0 in stage 25.0 (TID 77)] INFO  o.a.k.c.c.i.LegacyKafkaConsumer - [Consumer clientId=consumer-spark-kafka-source-43fffd83-d95f-4bf0-b9df-74d6a29c4095-1616614700-executor-65, groupId=spark-kafka-source-43fffd83-d95f-4bf0-b9df-74d6a29c4095-1616614700-executor] Seeking to offset 63288 for partition customer_events-2
2025-12-10 00:30:07.492 [Executor task launch worker for task 0.0 in stage 25.0 (TID 75)] INFO  o.a.k.c.c.i.SubscriptionState - [Consumer clientId=consumer-spark-kafka-source-43fffd83-d95f-4bf0-b9df-74d6a29c4095-1616614700-executor-66, groupId=spark-kafka-source-43fffd83-d95f-4bf0-b9df-74d6a29c4095-1616614700-executor] Seeking to earliest offset of partition customer_events-1
2025-12-10 00:30:07.493 [Executor task launch worker for task 0.0 in stage 25.0 (TID 75)] INFO  o.a.k.c.c.i.SubscriptionState - [Consumer clientId=consumer-spark-kafka-source-43fffd83-d95f-4bf0-b9df-74d6a29c4095-1616614700-executor-66, groupId=spark-kafka-source-43fffd83-d95f-4bf0-b9df-74d6a29c4095-1616614700-executor] Resetting offset for partition customer_events-1 to position FetchPosition{offset=0, offsetEpoch=Optional.empty, currentLeader=LeaderAndEpoch{leader=Optional[localhost:9094 (id: 2 rack: null)], epoch=0}}.
2025-12-10 00:30:07.493 [Executor task launch worker for task 1.0 in stage 25.0 (TID 76)] INFO  o.a.k.c.c.i.SubscriptionState - [Consumer clientId=consumer-spark-kafka-source-43fffd83-d95f-4bf0-b9df-74d6a29c4095-1616614700-executor-64, groupId=spark-kafka-source-43fffd83-d95f-4bf0-b9df-74d6a29c4095-1616614700-executor] Seeking to earliest offset of partition customer_events-0
2025-12-10 00:30:07.494 [Executor task launch worker for task 0.0 in stage 25.0 (TID 75)] INFO  o.a.k.c.c.i.SubscriptionState - [Consumer clientId=consumer-spark-kafka-source-43fffd83-d95f-4bf0-b9df-74d6a29c4095-1616614700-executor-66, groupId=spark-kafka-source-43fffd83-d95f-4bf0-b9df-74d6a29c4095-1616614700-executor] Seeking to latest offset of partition customer_events-1
2025-12-10 00:30:07.494 [Executor task launch worker for task 2.0 in stage 25.0 (TID 77)] INFO  o.a.k.c.c.i.SubscriptionState - [Consumer clientId=consumer-spark-kafka-source-43fffd83-d95f-4bf0-b9df-74d6a29c4095-1616614700-executor-65, groupId=spark-kafka-source-43fffd83-d95f-4bf0-b9df-74d6a29c4095-1616614700-executor] Seeking to earliest offset of partition customer_events-2
2025-12-10 00:30:07.494 [Executor task launch worker for task 0.0 in stage 25.0 (TID 75)] INFO  o.a.k.c.c.i.SubscriptionState - [Consumer clientId=consumer-spark-kafka-source-43fffd83-d95f-4bf0-b9df-74d6a29c4095-1616614700-executor-66, groupId=spark-kafka-source-43fffd83-d95f-4bf0-b9df-74d6a29c4095-1616614700-executor] Resetting offset for partition customer_events-1 to position FetchPosition{offset=64568, offsetEpoch=Optional.empty, currentLeader=LeaderAndEpoch{leader=Optional[localhost:9094 (id: 2 rack: null)], epoch=0}}.
2025-12-10 00:30:07.495 [Executor task launch worker for task 2.0 in stage 25.0 (TID 77)] INFO  o.a.k.c.c.i.SubscriptionState - [Consumer clientId=consumer-spark-kafka-source-43fffd83-d95f-4bf0-b9df-74d6a29c4095-1616614700-executor-65, groupId=spark-kafka-source-43fffd83-d95f-4bf0-b9df-74d6a29c4095-1616614700-executor] Resetting offset for partition customer_events-2 to position FetchPosition{offset=0, offsetEpoch=Optional.empty, currentLeader=LeaderAndEpoch{leader=Optional[localhost:9093 (id: 1 rack: null)], epoch=0}}.
2025-12-10 00:30:07.495 [Executor task launch worker for task 2.0 in stage 25.0 (TID 77)] INFO  o.a.k.c.c.i.SubscriptionState - [Consumer clientId=consumer-spark-kafka-source-43fffd83-d95f-4bf0-b9df-74d6a29c4095-1616614700-executor-65, groupId=spark-kafka-source-43fffd83-d95f-4bf0-b9df-74d6a29c4095-1616614700-executor] Seeking to latest offset of partition customer_events-2
2025-12-10 00:30:07.496 [Executor task launch worker for task 2.0 in stage 25.0 (TID 77)] INFO  o.a.k.c.c.i.SubscriptionState - [Consumer clientId=consumer-spark-kafka-source-43fffd83-d95f-4bf0-b9df-74d6a29c4095-1616614700-executor-65, groupId=spark-kafka-source-43fffd83-d95f-4bf0-b9df-74d6a29c4095-1616614700-executor] Resetting offset for partition customer_events-2 to position FetchPosition{offset=63867, offsetEpoch=Optional.empty, currentLeader=LeaderAndEpoch{leader=Optional[localhost:9093 (id: 1 rack: null)], epoch=0}}.
2025-12-10 00:30:07.501 [Executor task launch worker for task 2.0 in stage 25.0 (TID 77)] INFO  o.a.k.c.c.i.LegacyKafkaConsumer - [Consumer clientId=consumer-spark-kafka-source-43fffd83-d95f-4bf0-b9df-74d6a29c4095-1616614700-executor-65, groupId=spark-kafka-source-43fffd83-d95f-4bf0-b9df-74d6a29c4095-1616614700-executor] Seeking to offset 63788 for partition customer_events-2
2025-12-10 00:30:07.502 [Executor task launch worker for task 2.0 in stage 25.0 (TID 77)] INFO  o.a.k.c.c.i.SubscriptionState - [Consumer clientId=consumer-spark-kafka-source-43fffd83-d95f-4bf0-b9df-74d6a29c4095-1616614700-executor-65, groupId=spark-kafka-source-43fffd83-d95f-4bf0-b9df-74d6a29c4095-1616614700-executor] Seeking to earliest offset of partition customer_events-2
2025-12-10 00:30:07.507 [Executor task launch worker for task 0.0 in stage 25.0 (TID 75)] INFO  o.a.parquet.hadoop.codec.CodecConfig - Compression: SNAPPY
2025-12-10 00:30:07.507 [Executor task launch worker for task 0.0 in stage 25.0 (TID 75)] INFO  o.a.parquet.hadoop.codec.CodecConfig - Compression: SNAPPY
2025-12-10 00:30:07.508 [Executor task launch worker for task 0.0 in stage 25.0 (TID 75)] INFO  o.a.p.hadoop.ParquetOutputFormat - ParquetRecordWriter [block size: 134217728b, row group padding size: 8388608b, validating: false]
2025-12-10 00:30:07.660 [Executor task launch worker for task 2.0 in stage 25.0 (TID 77)] INFO  o.a.k.c.c.i.SubscriptionState - [Consumer clientId=consumer-spark-kafka-source-43fffd83-d95f-4bf0-b9df-74d6a29c4095-1616614700-executor-65, groupId=spark-kafka-source-43fffd83-d95f-4bf0-b9df-74d6a29c4095-1616614700-executor] Resetting offset for partition customer_events-2 to position FetchPosition{offset=0, offsetEpoch=Optional.empty, currentLeader=LeaderAndEpoch{leader=Optional[localhost:9093 (id: 1 rack: null)], epoch=0}}.
2025-12-10 00:30:07.661 [Executor task launch worker for task 2.0 in stage 25.0 (TID 77)] INFO  o.a.k.c.c.i.SubscriptionState - [Consumer clientId=consumer-spark-kafka-source-43fffd83-d95f-4bf0-b9df-74d6a29c4095-1616614700-executor-65, groupId=spark-kafka-source-43fffd83-d95f-4bf0-b9df-74d6a29c4095-1616614700-executor] Seeking to latest offset of partition customer_events-2
2025-12-10 00:30:07.666 [Executor task launch worker for task 2.0 in stage 25.0 (TID 77)] INFO  o.a.k.c.c.i.SubscriptionState - [Consumer clientId=consumer-spark-kafka-source-43fffd83-d95f-4bf0-b9df-74d6a29c4095-1616614700-executor-65, groupId=spark-kafka-source-43fffd83-d95f-4bf0-b9df-74d6a29c4095-1616614700-executor] Resetting offset for partition customer_events-2 to position FetchPosition{offset=63868, offsetEpoch=Optional.empty, currentLeader=LeaderAndEpoch{leader=Optional[localhost:9093 (id: 1 rack: null)], epoch=0}}.
2025-12-10 00:30:07.676 [Executor task launch worker for task 2.0 in stage 25.0 (TID 77)] INFO  o.a.parquet.hadoop.codec.CodecConfig - Compression: SNAPPY
2025-12-10 00:30:07.676 [Executor task launch worker for task 2.0 in stage 25.0 (TID 77)] INFO  o.a.parquet.hadoop.codec.CodecConfig - Compression: SNAPPY
2025-12-10 00:30:07.676 [Executor task launch worker for task 2.0 in stage 25.0 (TID 77)] INFO  o.a.p.hadoop.ParquetOutputFormat - ParquetRecordWriter [block size: 134217728b, row group padding size: 8388608b, validating: false]
2025-12-10 00:30:07.996 [Executor task launch worker for task 1.0 in stage 25.0 (TID 76)] INFO  o.a.k.c.c.i.SubscriptionState - [Consumer clientId=consumer-spark-kafka-source-43fffd83-d95f-4bf0-b9df-74d6a29c4095-1616614700-executor-64, groupId=spark-kafka-source-43fffd83-d95f-4bf0-b9df-74d6a29c4095-1616614700-executor] Resetting offset for partition customer_events-0 to position FetchPosition{offset=0, offsetEpoch=Optional.empty, currentLeader=LeaderAndEpoch{leader=Optional[localhost:9092 (id: 0 rack: null)], epoch=0}}.
2025-12-10 00:30:07.996 [Executor task launch worker for task 1.0 in stage 25.0 (TID 76)] INFO  o.a.k.c.c.i.SubscriptionState - [Consumer clientId=consumer-spark-kafka-source-43fffd83-d95f-4bf0-b9df-74d6a29c4095-1616614700-executor-64, groupId=spark-kafka-source-43fffd83-d95f-4bf0-b9df-74d6a29c4095-1616614700-executor] Seeking to latest offset of partition customer_events-0
2025-12-10 00:30:07.996 [Executor task launch worker for task 1.0 in stage 25.0 (TID 76)] INFO  o.a.k.c.c.i.SubscriptionState - [Consumer clientId=consumer-spark-kafka-source-43fffd83-d95f-4bf0-b9df-74d6a29c4095-1616614700-executor-64, groupId=spark-kafka-source-43fffd83-d95f-4bf0-b9df-74d6a29c4095-1616614700-executor] Resetting offset for partition customer_events-0 to position FetchPosition{offset=64284, offsetEpoch=Optional.empty, currentLeader=LeaderAndEpoch{leader=Optional[localhost:9092 (id: 0 rack: null)], epoch=0}}.
2025-12-10 00:30:08.011 [Executor task launch worker for task 1.0 in stage 25.0 (TID 76)] INFO  o.a.parquet.hadoop.codec.CodecConfig - Compression: SNAPPY
2025-12-10 00:30:08.012 [Executor task launch worker for task 1.0 in stage 25.0 (TID 76)] INFO  o.a.parquet.hadoop.codec.CodecConfig - Compression: SNAPPY
2025-12-10 00:30:08.013 [Executor task launch worker for task 1.0 in stage 25.0 (TID 76)] INFO  o.a.p.hadoop.ParquetOutputFormat - ParquetRecordWriter [block size: 134217728b, row group padding size: 8388608b, validating: false]
2025-12-10 00:36:04.974 [commons-pool-evictor] INFO  o.a.k.c.c.i.ConsumerCoordinator - [Consumer clientId=consumer-spark-kafka-source-43fffd83-d95f-4bf0-b9df-74d6a29c4095-1616614700-executor-65, groupId=spark-kafka-source-43fffd83-d95f-4bf0-b9df-74d6a29c4095-1616614700-executor] Resetting generation and member id due to: consumer pro-actively leaving the group
2025-12-10 00:36:04.976 [commons-pool-evictor] INFO  o.a.k.c.c.i.ConsumerCoordinator - [Consumer clientId=consumer-spark-kafka-source-43fffd83-d95f-4bf0-b9df-74d6a29c4095-1616614700-executor-65, groupId=spark-kafka-source-43fffd83-d95f-4bf0-b9df-74d6a29c4095-1616614700-executor] Request joining group due to: consumer pro-actively leaving the group
2025-12-10 00:36:04.988 [commons-pool-evictor] INFO  o.a.kafka.common.metrics.Metrics - Metrics scheduler closed
2025-12-10 00:36:04.988 [commons-pool-evictor] INFO  o.a.kafka.common.metrics.Metrics - Closing reporter org.apache.kafka.common.metrics.JmxReporter
2025-12-10 00:36:04.988 [commons-pool-evictor] INFO  o.a.kafka.common.metrics.Metrics - Closing reporter org.apache.kafka.common.telemetry.internals.ClientTelemetryReporter
2025-12-10 00:36:04.988 [commons-pool-evictor] INFO  o.a.kafka.common.metrics.Metrics - Metrics reporters closed
2025-12-10 00:36:04.993 [commons-pool-evictor] INFO  o.a.kafka.common.utils.AppInfoParser - App info kafka.consumer for consumer-spark-kafka-source-43fffd83-d95f-4bf0-b9df-74d6a29c4095-1616614700-executor-65 unregistered
2025-12-10 00:36:04.994 [commons-pool-evictor] INFO  o.a.k.c.c.i.ConsumerCoordinator - [Consumer clientId=consumer-spark-kafka-source-43fffd83-d95f-4bf0-b9df-74d6a29c4095-1616614700-executor-64, groupId=spark-kafka-source-43fffd83-d95f-4bf0-b9df-74d6a29c4095-1616614700-executor] Resetting generation and member id due to: consumer pro-actively leaving the group
2025-12-10 00:36:04.994 [commons-pool-evictor] INFO  o.a.k.c.c.i.ConsumerCoordinator - [Consumer clientId=consumer-spark-kafka-source-43fffd83-d95f-4bf0-b9df-74d6a29c4095-1616614700-executor-64, groupId=spark-kafka-source-43fffd83-d95f-4bf0-b9df-74d6a29c4095-1616614700-executor] Request joining group due to: consumer pro-actively leaving the group
2025-12-10 00:36:05.000 [commons-pool-evictor] INFO  o.a.kafka.common.metrics.Metrics - Metrics scheduler closed
2025-12-10 00:36:05.000 [commons-pool-evictor] INFO  o.a.kafka.common.metrics.Metrics - Closing reporter org.apache.kafka.common.metrics.JmxReporter
2025-12-10 00:36:05.000 [commons-pool-evictor] INFO  o.a.kafka.common.metrics.Metrics - Closing reporter org.apache.kafka.common.telemetry.internals.ClientTelemetryReporter
2025-12-10 00:36:05.000 [commons-pool-evictor] INFO  o.a.kafka.common.metrics.Metrics - Metrics reporters closed
2025-12-10 00:36:05.002 [commons-pool-evictor] INFO  o.a.kafka.common.utils.AppInfoParser - App info kafka.consumer for consumer-spark-kafka-source-43fffd83-d95f-4bf0-b9df-74d6a29c4095-1616614700-executor-64 unregistered
2025-12-10 00:36:05.003 [commons-pool-evictor] INFO  o.a.k.c.c.i.ConsumerCoordinator - [Consumer clientId=consumer-spark-kafka-source-43fffd83-d95f-4bf0-b9df-74d6a29c4095-1616614700-executor-66, groupId=spark-kafka-source-43fffd83-d95f-4bf0-b9df-74d6a29c4095-1616614700-executor] Resetting generation and member id due to: consumer pro-actively leaving the group
2025-12-10 00:36:05.003 [commons-pool-evictor] INFO  o.a.k.c.c.i.ConsumerCoordinator - [Consumer clientId=consumer-spark-kafka-source-43fffd83-d95f-4bf0-b9df-74d6a29c4095-1616614700-executor-66, groupId=spark-kafka-source-43fffd83-d95f-4bf0-b9df-74d6a29c4095-1616614700-executor] Request joining group due to: consumer pro-actively leaving the group
2025-12-10 00:36:05.008 [commons-pool-evictor] INFO  o.a.kafka.common.metrics.Metrics - Metrics scheduler closed
2025-12-10 00:36:05.008 [commons-pool-evictor] INFO  o.a.kafka.common.metrics.Metrics - Closing reporter org.apache.kafka.common.metrics.JmxReporter
2025-12-10 00:36:05.008 [commons-pool-evictor] INFO  o.a.kafka.common.metrics.Metrics - Closing reporter org.apache.kafka.common.telemetry.internals.ClientTelemetryReporter
2025-12-10 00:36:05.008 [commons-pool-evictor] INFO  o.a.kafka.common.metrics.Metrics - Metrics reporters closed
2025-12-10 00:36:05.009 [commons-pool-evictor] INFO  o.a.kafka.common.utils.AppInfoParser - App info kafka.consumer for consumer-spark-kafka-source-43fffd83-d95f-4bf0-b9df-74d6a29c4095-1616614700-executor-66 unregistered
2025-12-10 00:39:21.303 [kafka-admin-client-thread | adminclient-1] INFO  o.apache.kafka.clients.NetworkClient - [AdminClient clientId=adminclient-1] Node 0 disconnected.
2025-12-10 00:39:21.312 [kafka-admin-client-thread | adminclient-1] INFO  o.apache.kafka.clients.NetworkClient - [AdminClient clientId=adminclient-1] Node 2 disconnected.
2025-12-10 00:44:21.322 [kafka-admin-client-thread | adminclient-1] INFO  o.apache.kafka.clients.NetworkClient - [AdminClient clientId=adminclient-1] Node 1 disconnected.
2025-12-10 00:45:06.572 [Executor task launch worker for task 0.0 in stage 26.0 (TID 78)] INFO  o.a.k.c.consumer.ConsumerConfig - ConsumerConfig values: 
	allow.auto.create.topics = true
	auto.commit.interval.ms = 5000
	auto.include.jmx.reporter = true
	auto.offset.reset = none
	bootstrap.servers = [localhost:9092]
	check.crcs = true
	client.dns.lookup = use_all_dns_ips
	client.id = consumer-spark-kafka-source-43fffd83-d95f-4bf0-b9df-74d6a29c4095-1616614700-executor-69
	client.rack = 
	connections.max.idle.ms = 540000
	default.api.timeout.ms = 60000
	enable.auto.commit = false
	enable.metrics.push = true
	exclude.internal.topics = true
	fetch.max.bytes = 52428800
	fetch.max.wait.ms = 500
	fetch.min.bytes = 1
	group.id = spark-kafka-source-43fffd83-d95f-4bf0-b9df-74d6a29c4095-1616614700-executor
	group.instance.id = null
	group.protocol = classic
	group.remote.assignor = null
	heartbeat.interval.ms = 3000
	interceptor.classes = []
	internal.leave.group.on.close = true
	internal.throw.on.fetch.stable.offset.unsupported = false
	isolation.level = read_uncommitted
	key.deserializer = class org.apache.kafka.common.serialization.ByteArrayDeserializer
	max.partition.fetch.bytes = 1048576
	max.poll.interval.ms = 300000
	max.poll.records = 500
	metadata.max.age.ms = 300000
	metric.reporters = []
	metrics.num.samples = 2
	metrics.recording.level = INFO
	metrics.sample.window.ms = 30000
	partition.assignment.strategy = [class org.apache.kafka.clients.consumer.RangeAssignor, class org.apache.kafka.clients.consumer.CooperativeStickyAssignor]
	receive.buffer.bytes = 65536
	reconnect.backoff.max.ms = 1000
	reconnect.backoff.ms = 50
	request.timeout.ms = 30000
	retry.backoff.max.ms = 1000
	retry.backoff.ms = 100
	sasl.client.callback.handler.class = null
	sasl.jaas.config = null
	sasl.kerberos.kinit.cmd = /usr/bin/kinit
	sasl.kerberos.min.time.before.relogin = 60000
	sasl.kerberos.service.name = null
	sasl.kerberos.ticket.renew.jitter = 0.05
	sasl.kerberos.ticket.renew.window.factor = 0.8
	sasl.login.callback.handler.class = null
	sasl.login.class = null
	sasl.login.connect.timeout.ms = null
	sasl.login.read.timeout.ms = null
	sasl.login.refresh.buffer.seconds = 300
	sasl.login.refresh.min.period.seconds = 60
	sasl.login.refresh.window.factor = 0.8
	sasl.login.refresh.window.jitter = 0.05
	sasl.login.retry.backoff.max.ms = 10000
	sasl.login.retry.backoff.ms = 100
	sasl.mechanism = GSSAPI
	sasl.oauthbearer.clock.skew.seconds = 30
	sasl.oauthbearer.expected.audience = null
	sasl.oauthbearer.expected.issuer = null
	sasl.oauthbearer.jwks.endpoint.refresh.ms = 3600000
	sasl.oauthbearer.jwks.endpoint.retry.backoff.max.ms = 10000
	sasl.oauthbearer.jwks.endpoint.retry.backoff.ms = 100
	sasl.oauthbearer.jwks.endpoint.url = null
	sasl.oauthbearer.scope.claim.name = scope
	sasl.oauthbearer.sub.claim.name = sub
	sasl.oauthbearer.token.endpoint.url = null
	security.protocol = PLAINTEXT
	security.providers = null
	send.buffer.bytes = 131072
	session.timeout.ms = 45000
	socket.connection.setup.timeout.max.ms = 30000
	socket.connection.setup.timeout.ms = 10000
	ssl.cipher.suites = null
	ssl.enabled.protocols = [TLSv1.2, TLSv1.3]
	ssl.endpoint.identification.algorithm = https
	ssl.engine.factory.class = null
	ssl.key.password = null
	ssl.keymanager.algorithm = SunX509
	ssl.keystore.certificate.chain = null
	ssl.keystore.key = null
	ssl.keystore.location = null
	ssl.keystore.password = null
	ssl.keystore.type = JKS
	ssl.protocol = TLSv1.3
	ssl.provider = null
	ssl.secure.random.implementation = null
	ssl.trustmanager.algorithm = PKIX
	ssl.truststore.certificates = null
	ssl.truststore.location = null
	ssl.truststore.password = null
	ssl.truststore.type = JKS
	value.deserializer = class org.apache.kafka.common.serialization.ByteArrayDeserializer

2025-12-10 00:45:06.572 [Executor task launch worker for task 1.0 in stage 26.0 (TID 79)] INFO  o.a.k.c.consumer.ConsumerConfig - ConsumerConfig values: 
	allow.auto.create.topics = true
	auto.commit.interval.ms = 5000
	auto.include.jmx.reporter = true
	auto.offset.reset = none
	bootstrap.servers = [localhost:9092]
	check.crcs = true
	client.dns.lookup = use_all_dns_ips
	client.id = consumer-spark-kafka-source-43fffd83-d95f-4bf0-b9df-74d6a29c4095-1616614700-executor-68
	client.rack = 
	connections.max.idle.ms = 540000
	default.api.timeout.ms = 60000
	enable.auto.commit = false
	enable.metrics.push = true
	exclude.internal.topics = true
	fetch.max.bytes = 52428800
	fetch.max.wait.ms = 500
	fetch.min.bytes = 1
	group.id = spark-kafka-source-43fffd83-d95f-4bf0-b9df-74d6a29c4095-1616614700-executor
	group.instance.id = null
	group.protocol = classic
	group.remote.assignor = null
	heartbeat.interval.ms = 3000
	interceptor.classes = []
	internal.leave.group.on.close = true
	internal.throw.on.fetch.stable.offset.unsupported = false
	isolation.level = read_uncommitted
	key.deserializer = class org.apache.kafka.common.serialization.ByteArrayDeserializer
	max.partition.fetch.bytes = 1048576
	max.poll.interval.ms = 300000
	max.poll.records = 500
	metadata.max.age.ms = 300000
	metric.reporters = []
	metrics.num.samples = 2
	metrics.recording.level = INFO
	metrics.sample.window.ms = 30000
	partition.assignment.strategy = [class org.apache.kafka.clients.consumer.RangeAssignor, class org.apache.kafka.clients.consumer.CooperativeStickyAssignor]
	receive.buffer.bytes = 65536
	reconnect.backoff.max.ms = 1000
	reconnect.backoff.ms = 50
	request.timeout.ms = 30000
	retry.backoff.max.ms = 1000
	retry.backoff.ms = 100
	sasl.client.callback.handler.class = null
	sasl.jaas.config = null
	sasl.kerberos.kinit.cmd = /usr/bin/kinit
	sasl.kerberos.min.time.before.relogin = 60000
	sasl.kerberos.service.name = null
	sasl.kerberos.ticket.renew.jitter = 0.05
	sasl.kerberos.ticket.renew.window.factor = 0.8
	sasl.login.callback.handler.class = null
	sasl.login.class = null
	sasl.login.connect.timeout.ms = null
	sasl.login.read.timeout.ms = null
	sasl.login.refresh.buffer.seconds = 300
	sasl.login.refresh.min.period.seconds = 60
	sasl.login.refresh.window.factor = 0.8
	sasl.login.refresh.window.jitter = 0.05
	sasl.login.retry.backoff.max.ms = 10000
	sasl.login.retry.backoff.ms = 100
	sasl.mechanism = GSSAPI
	sasl.oauthbearer.clock.skew.seconds = 30
	sasl.oauthbearer.expected.audience = null
	sasl.oauthbearer.expected.issuer = null
	sasl.oauthbearer.jwks.endpoint.refresh.ms = 3600000
	sasl.oauthbearer.jwks.endpoint.retry.backoff.max.ms = 10000
	sasl.oauthbearer.jwks.endpoint.retry.backoff.ms = 100
	sasl.oauthbearer.jwks.endpoint.url = null
	sasl.oauthbearer.scope.claim.name = scope
	sasl.oauthbearer.sub.claim.name = sub
	sasl.oauthbearer.token.endpoint.url = null
	security.protocol = PLAINTEXT
	security.providers = null
	send.buffer.bytes = 131072
	session.timeout.ms = 45000
	socket.connection.setup.timeout.max.ms = 30000
	socket.connection.setup.timeout.ms = 10000
	ssl.cipher.suites = null
	ssl.enabled.protocols = [TLSv1.2, TLSv1.3]
	ssl.endpoint.identification.algorithm = https
	ssl.engine.factory.class = null
	ssl.key.password = null
	ssl.keymanager.algorithm = SunX509
	ssl.keystore.certificate.chain = null
	ssl.keystore.key = null
	ssl.keystore.location = null
	ssl.keystore.password = null
	ssl.keystore.type = JKS
	ssl.protocol = TLSv1.3
	ssl.provider = null
	ssl.secure.random.implementation = null
	ssl.trustmanager.algorithm = PKIX
	ssl.truststore.certificates = null
	ssl.truststore.location = null
	ssl.truststore.password = null
	ssl.truststore.type = JKS
	value.deserializer = class org.apache.kafka.common.serialization.ByteArrayDeserializer

2025-12-10 00:45:06.572 [Executor task launch worker for task 2.0 in stage 26.0 (TID 80)] INFO  o.a.k.c.consumer.ConsumerConfig - ConsumerConfig values: 
	allow.auto.create.topics = true
	auto.commit.interval.ms = 5000
	auto.include.jmx.reporter = true
	auto.offset.reset = none
	bootstrap.servers = [localhost:9092]
	check.crcs = true
	client.dns.lookup = use_all_dns_ips
	client.id = consumer-spark-kafka-source-43fffd83-d95f-4bf0-b9df-74d6a29c4095-1616614700-executor-67
	client.rack = 
	connections.max.idle.ms = 540000
	default.api.timeout.ms = 60000
	enable.auto.commit = false
	enable.metrics.push = true
	exclude.internal.topics = true
	fetch.max.bytes = 52428800
	fetch.max.wait.ms = 500
	fetch.min.bytes = 1
	group.id = spark-kafka-source-43fffd83-d95f-4bf0-b9df-74d6a29c4095-1616614700-executor
	group.instance.id = null
	group.protocol = classic
	group.remote.assignor = null
	heartbeat.interval.ms = 3000
	interceptor.classes = []
	internal.leave.group.on.close = true
	internal.throw.on.fetch.stable.offset.unsupported = false
	isolation.level = read_uncommitted
	key.deserializer = class org.apache.kafka.common.serialization.ByteArrayDeserializer
	max.partition.fetch.bytes = 1048576
	max.poll.interval.ms = 300000
	max.poll.records = 500
	metadata.max.age.ms = 300000
	metric.reporters = []
	metrics.num.samples = 2
	metrics.recording.level = INFO
	metrics.sample.window.ms = 30000
	partition.assignment.strategy = [class org.apache.kafka.clients.consumer.RangeAssignor, class org.apache.kafka.clients.consumer.CooperativeStickyAssignor]
	receive.buffer.bytes = 65536
	reconnect.backoff.max.ms = 1000
	reconnect.backoff.ms = 50
	request.timeout.ms = 30000
	retry.backoff.max.ms = 1000
	retry.backoff.ms = 100
	sasl.client.callback.handler.class = null
	sasl.jaas.config = null
	sasl.kerberos.kinit.cmd = /usr/bin/kinit
	sasl.kerberos.min.time.before.relogin = 60000
	sasl.kerberos.service.name = null
	sasl.kerberos.ticket.renew.jitter = 0.05
	sasl.kerberos.ticket.renew.window.factor = 0.8
	sasl.login.callback.handler.class = null
	sasl.login.class = null
	sasl.login.connect.timeout.ms = null
	sasl.login.read.timeout.ms = null
	sasl.login.refresh.buffer.seconds = 300
	sasl.login.refresh.min.period.seconds = 60
	sasl.login.refresh.window.factor = 0.8
	sasl.login.refresh.window.jitter = 0.05
	sasl.login.retry.backoff.max.ms = 10000
	sasl.login.retry.backoff.ms = 100
	sasl.mechanism = GSSAPI
	sasl.oauthbearer.clock.skew.seconds = 30
	sasl.oauthbearer.expected.audience = null
	sasl.oauthbearer.expected.issuer = null
	sasl.oauthbearer.jwks.endpoint.refresh.ms = 3600000
	sasl.oauthbearer.jwks.endpoint.retry.backoff.max.ms = 10000
	sasl.oauthbearer.jwks.endpoint.retry.backoff.ms = 100
	sasl.oauthbearer.jwks.endpoint.url = null
	sasl.oauthbearer.scope.claim.name = scope
	sasl.oauthbearer.sub.claim.name = sub
	sasl.oauthbearer.token.endpoint.url = null
	security.protocol = PLAINTEXT
	security.providers = null
	send.buffer.bytes = 131072
	session.timeout.ms = 45000
	socket.connection.setup.timeout.max.ms = 30000
	socket.connection.setup.timeout.ms = 10000
	ssl.cipher.suites = null
	ssl.enabled.protocols = [TLSv1.2, TLSv1.3]
	ssl.endpoint.identification.algorithm = https
	ssl.engine.factory.class = null
	ssl.key.password = null
	ssl.keymanager.algorithm = SunX509
	ssl.keystore.certificate.chain = null
	ssl.keystore.key = null
	ssl.keystore.location = null
	ssl.keystore.password = null
	ssl.keystore.type = JKS
	ssl.protocol = TLSv1.3
	ssl.provider = null
	ssl.secure.random.implementation = null
	ssl.trustmanager.algorithm = PKIX
	ssl.truststore.certificates = null
	ssl.truststore.location = null
	ssl.truststore.password = null
	ssl.truststore.type = JKS
	value.deserializer = class org.apache.kafka.common.serialization.ByteArrayDeserializer

2025-12-10 00:45:06.576 [Executor task launch worker for task 0.0 in stage 26.0 (TID 78)] INFO  o.a.k.c.t.i.KafkaMetricsCollector - initializing Kafka metrics collector
2025-12-10 00:45:06.582 [Executor task launch worker for task 2.0 in stage 26.0 (TID 80)] INFO  o.a.k.c.t.i.KafkaMetricsCollector - initializing Kafka metrics collector
2025-12-10 00:45:06.577 [Executor task launch worker for task 1.0 in stage 26.0 (TID 79)] INFO  o.a.k.c.t.i.KafkaMetricsCollector - initializing Kafka metrics collector
2025-12-10 00:45:06.586 [Executor task launch worker for task 0.0 in stage 26.0 (TID 78)] INFO  o.a.kafka.common.utils.AppInfoParser - Kafka version: 3.7.0
2025-12-10 00:45:06.586 [Executor task launch worker for task 0.0 in stage 26.0 (TID 78)] INFO  o.a.kafka.common.utils.AppInfoParser - Kafka commitId: 2ae524ed625438c5
2025-12-10 00:45:06.586 [Executor task launch worker for task 0.0 in stage 26.0 (TID 78)] INFO  o.a.kafka.common.utils.AppInfoParser - Kafka startTimeMs: 1765307706586
2025-12-10 00:45:06.587 [Executor task launch worker for task 2.0 in stage 26.0 (TID 80)] INFO  o.a.kafka.common.utils.AppInfoParser - Kafka version: 3.7.0
2025-12-10 00:45:06.587 [Executor task launch worker for task 0.0 in stage 26.0 (TID 78)] INFO  o.a.k.c.c.i.LegacyKafkaConsumer - [Consumer clientId=consumer-spark-kafka-source-43fffd83-d95f-4bf0-b9df-74d6a29c4095-1616614700-executor-69, groupId=spark-kafka-source-43fffd83-d95f-4bf0-b9df-74d6a29c4095-1616614700-executor] Assigned to partition(s): customer_events-1
2025-12-10 00:45:06.587 [Executor task launch worker for task 2.0 in stage 26.0 (TID 80)] INFO  o.a.kafka.common.utils.AppInfoParser - Kafka commitId: 2ae524ed625438c5
2025-12-10 00:45:06.587 [Executor task launch worker for task 2.0 in stage 26.0 (TID 80)] INFO  o.a.kafka.common.utils.AppInfoParser - Kafka startTimeMs: 1765307706586
2025-12-10 00:45:06.587 [Executor task launch worker for task 2.0 in stage 26.0 (TID 80)] INFO  o.a.k.c.c.i.LegacyKafkaConsumer - [Consumer clientId=consumer-spark-kafka-source-43fffd83-d95f-4bf0-b9df-74d6a29c4095-1616614700-executor-67, groupId=spark-kafka-source-43fffd83-d95f-4bf0-b9df-74d6a29c4095-1616614700-executor] Assigned to partition(s): customer_events-2
2025-12-10 00:45:06.587 [Executor task launch worker for task 1.0 in stage 26.0 (TID 79)] INFO  o.a.kafka.common.utils.AppInfoParser - Kafka version: 3.7.0
2025-12-10 00:45:06.587 [Executor task launch worker for task 0.0 in stage 26.0 (TID 78)] INFO  o.a.k.c.c.i.LegacyKafkaConsumer - [Consumer clientId=consumer-spark-kafka-source-43fffd83-d95f-4bf0-b9df-74d6a29c4095-1616614700-executor-69, groupId=spark-kafka-source-43fffd83-d95f-4bf0-b9df-74d6a29c4095-1616614700-executor] Seeking to offset 64542 for partition customer_events-1
2025-12-10 00:45:06.587 [Executor task launch worker for task 1.0 in stage 26.0 (TID 79)] INFO  o.a.kafka.common.utils.AppInfoParser - Kafka commitId: 2ae524ed625438c5
2025-12-10 00:45:06.587 [Executor task launch worker for task 2.0 in stage 26.0 (TID 80)] INFO  o.a.k.c.c.i.LegacyKafkaConsumer - [Consumer clientId=consumer-spark-kafka-source-43fffd83-d95f-4bf0-b9df-74d6a29c4095-1616614700-executor-67, groupId=spark-kafka-source-43fffd83-d95f-4bf0-b9df-74d6a29c4095-1616614700-executor] Seeking to offset 63836 for partition customer_events-2
2025-12-10 00:45:06.588 [Executor task launch worker for task 1.0 in stage 26.0 (TID 79)] INFO  o.a.kafka.common.utils.AppInfoParser - Kafka startTimeMs: 1765307706586
2025-12-10 00:45:06.588 [Executor task launch worker for task 1.0 in stage 26.0 (TID 79)] INFO  o.a.k.c.c.i.LegacyKafkaConsumer - [Consumer clientId=consumer-spark-kafka-source-43fffd83-d95f-4bf0-b9df-74d6a29c4095-1616614700-executor-68, groupId=spark-kafka-source-43fffd83-d95f-4bf0-b9df-74d6a29c4095-1616614700-executor] Assigned to partition(s): customer_events-0
2025-12-10 00:45:06.588 [Executor task launch worker for task 1.0 in stage 26.0 (TID 79)] INFO  o.a.k.c.c.i.LegacyKafkaConsumer - [Consumer clientId=consumer-spark-kafka-source-43fffd83-d95f-4bf0-b9df-74d6a29c4095-1616614700-executor-68, groupId=spark-kafka-source-43fffd83-d95f-4bf0-b9df-74d6a29c4095-1616614700-executor] Seeking to offset 64266 for partition customer_events-0
2025-12-10 00:45:06.594 [Executor task launch worker for task 1.0 in stage 26.0 (TID 79)] INFO  org.apache.kafka.clients.Metadata - [Consumer clientId=consumer-spark-kafka-source-43fffd83-d95f-4bf0-b9df-74d6a29c4095-1616614700-executor-68, groupId=spark-kafka-source-43fffd83-d95f-4bf0-b9df-74d6a29c4095-1616614700-executor] Cluster ID: utc3eCJxTsah_zGClk2_uQ
2025-12-10 00:45:06.594 [Executor task launch worker for task 0.0 in stage 26.0 (TID 78)] INFO  org.apache.kafka.clients.Metadata - [Consumer clientId=consumer-spark-kafka-source-43fffd83-d95f-4bf0-b9df-74d6a29c4095-1616614700-executor-69, groupId=spark-kafka-source-43fffd83-d95f-4bf0-b9df-74d6a29c4095-1616614700-executor] Cluster ID: utc3eCJxTsah_zGClk2_uQ
2025-12-10 00:45:06.594 [Executor task launch worker for task 2.0 in stage 26.0 (TID 80)] INFO  org.apache.kafka.clients.Metadata - [Consumer clientId=consumer-spark-kafka-source-43fffd83-d95f-4bf0-b9df-74d6a29c4095-1616614700-executor-67, groupId=spark-kafka-source-43fffd83-d95f-4bf0-b9df-74d6a29c4095-1616614700-executor] Cluster ID: utc3eCJxTsah_zGClk2_uQ
2025-12-10 00:45:06.602 [Executor task launch worker for task 1.0 in stage 26.0 (TID 79)] INFO  o.a.k.c.c.i.SubscriptionState - [Consumer clientId=consumer-spark-kafka-source-43fffd83-d95f-4bf0-b9df-74d6a29c4095-1616614700-executor-68, groupId=spark-kafka-source-43fffd83-d95f-4bf0-b9df-74d6a29c4095-1616614700-executor] Seeking to earliest offset of partition customer_events-0
2025-12-10 00:45:06.602 [Executor task launch worker for task 2.0 in stage 26.0 (TID 80)] INFO  o.a.k.c.c.i.SubscriptionState - [Consumer clientId=consumer-spark-kafka-source-43fffd83-d95f-4bf0-b9df-74d6a29c4095-1616614700-executor-67, groupId=spark-kafka-source-43fffd83-d95f-4bf0-b9df-74d6a29c4095-1616614700-executor] Seeking to earliest offset of partition customer_events-2
2025-12-10 00:45:06.605 [Executor task launch worker for task 0.0 in stage 26.0 (TID 78)] INFO  o.a.k.c.c.i.SubscriptionState - [Consumer clientId=consumer-spark-kafka-source-43fffd83-d95f-4bf0-b9df-74d6a29c4095-1616614700-executor-69, groupId=spark-kafka-source-43fffd83-d95f-4bf0-b9df-74d6a29c4095-1616614700-executor] Seeking to earliest offset of partition customer_events-1
2025-12-10 00:45:06.605 [Executor task launch worker for task 2.0 in stage 26.0 (TID 80)] INFO  o.a.k.c.c.i.SubscriptionState - [Consumer clientId=consumer-spark-kafka-source-43fffd83-d95f-4bf0-b9df-74d6a29c4095-1616614700-executor-67, groupId=spark-kafka-source-43fffd83-d95f-4bf0-b9df-74d6a29c4095-1616614700-executor] Resetting offset for partition customer_events-2 to position FetchPosition{offset=0, offsetEpoch=Optional.empty, currentLeader=LeaderAndEpoch{leader=Optional[localhost:9093 (id: 1 rack: null)], epoch=0}}.
2025-12-10 00:45:06.609 [Executor task launch worker for task 1.0 in stage 26.0 (TID 79)] INFO  o.a.k.c.c.i.SubscriptionState - [Consumer clientId=consumer-spark-kafka-source-43fffd83-d95f-4bf0-b9df-74d6a29c4095-1616614700-executor-68, groupId=spark-kafka-source-43fffd83-d95f-4bf0-b9df-74d6a29c4095-1616614700-executor] Resetting offset for partition customer_events-0 to position FetchPosition{offset=0, offsetEpoch=Optional.empty, currentLeader=LeaderAndEpoch{leader=Optional[localhost:9092 (id: 0 rack: null)], epoch=0}}.
2025-12-10 00:45:06.610 [Executor task launch worker for task 2.0 in stage 26.0 (TID 80)] INFO  o.a.k.c.c.i.SubscriptionState - [Consumer clientId=consumer-spark-kafka-source-43fffd83-d95f-4bf0-b9df-74d6a29c4095-1616614700-executor-67, groupId=spark-kafka-source-43fffd83-d95f-4bf0-b9df-74d6a29c4095-1616614700-executor] Seeking to latest offset of partition customer_events-2
2025-12-10 00:45:06.611 [Executor task launch worker for task 1.0 in stage 26.0 (TID 79)] INFO  o.a.k.c.c.i.SubscriptionState - [Consumer clientId=consumer-spark-kafka-source-43fffd83-d95f-4bf0-b9df-74d6a29c4095-1616614700-executor-68, groupId=spark-kafka-source-43fffd83-d95f-4bf0-b9df-74d6a29c4095-1616614700-executor] Seeking to latest offset of partition customer_events-0
2025-12-10 00:45:06.613 [Executor task launch worker for task 2.0 in stage 26.0 (TID 80)] INFO  o.a.k.c.c.i.SubscriptionState - [Consumer clientId=consumer-spark-kafka-source-43fffd83-d95f-4bf0-b9df-74d6a29c4095-1616614700-executor-67, groupId=spark-kafka-source-43fffd83-d95f-4bf0-b9df-74d6a29c4095-1616614700-executor] Resetting offset for partition customer_events-2 to position FetchPosition{offset=66802, offsetEpoch=Optional.empty, currentLeader=LeaderAndEpoch{leader=Optional[localhost:9093 (id: 1 rack: null)], epoch=0}}.
2025-12-10 00:45:06.613 [Executor task launch worker for task 1.0 in stage 26.0 (TID 79)] INFO  o.a.k.c.c.i.SubscriptionState - [Consumer clientId=consumer-spark-kafka-source-43fffd83-d95f-4bf0-b9df-74d6a29c4095-1616614700-executor-68, groupId=spark-kafka-source-43fffd83-d95f-4bf0-b9df-74d6a29c4095-1616614700-executor] Resetting offset for partition customer_events-0 to position FetchPosition{offset=67382, offsetEpoch=Optional.empty, currentLeader=LeaderAndEpoch{leader=Optional[localhost:9092 (id: 0 rack: null)], epoch=0}}.
2025-12-10 00:45:06.619 [Executor task launch worker for task 0.0 in stage 26.0 (TID 78)] INFO  o.a.k.c.c.i.SubscriptionState - [Consumer clientId=consumer-spark-kafka-source-43fffd83-d95f-4bf0-b9df-74d6a29c4095-1616614700-executor-69, groupId=spark-kafka-source-43fffd83-d95f-4bf0-b9df-74d6a29c4095-1616614700-executor] Resetting offset for partition customer_events-1 to position FetchPosition{offset=0, offsetEpoch=Optional.empty, currentLeader=LeaderAndEpoch{leader=Optional[localhost:9094 (id: 2 rack: null)], epoch=0}}.
2025-12-10 00:45:06.620 [Executor task launch worker for task 0.0 in stage 26.0 (TID 78)] INFO  o.a.k.c.c.i.SubscriptionState - [Consumer clientId=consumer-spark-kafka-source-43fffd83-d95f-4bf0-b9df-74d6a29c4095-1616614700-executor-69, groupId=spark-kafka-source-43fffd83-d95f-4bf0-b9df-74d6a29c4095-1616614700-executor] Seeking to latest offset of partition customer_events-1
2025-12-10 00:45:06.622 [Executor task launch worker for task 0.0 in stage 26.0 (TID 78)] INFO  o.a.k.c.c.i.SubscriptionState - [Consumer clientId=consumer-spark-kafka-source-43fffd83-d95f-4bf0-b9df-74d6a29c4095-1616614700-executor-69, groupId=spark-kafka-source-43fffd83-d95f-4bf0-b9df-74d6a29c4095-1616614700-executor] Resetting offset for partition customer_events-1 to position FetchPosition{offset=67526, offsetEpoch=Optional.empty, currentLeader=LeaderAndEpoch{leader=Optional[localhost:9094 (id: 2 rack: null)], epoch=0}}.
2025-12-10 00:45:06.629 [Executor task launch worker for task 1.0 in stage 26.0 (TID 79)] INFO  o.a.k.c.c.i.LegacyKafkaConsumer - [Consumer clientId=consumer-spark-kafka-source-43fffd83-d95f-4bf0-b9df-74d6a29c4095-1616614700-executor-68, groupId=spark-kafka-source-43fffd83-d95f-4bf0-b9df-74d6a29c4095-1616614700-executor] Seeking to offset 64766 for partition customer_events-0
2025-12-10 00:45:06.629 [Executor task launch worker for task 2.0 in stage 26.0 (TID 80)] INFO  o.a.k.c.c.i.LegacyKafkaConsumer - [Consumer clientId=consumer-spark-kafka-source-43fffd83-d95f-4bf0-b9df-74d6a29c4095-1616614700-executor-67, groupId=spark-kafka-source-43fffd83-d95f-4bf0-b9df-74d6a29c4095-1616614700-executor] Seeking to offset 64336 for partition customer_events-2
2025-12-10 00:45:06.632 [Executor task launch worker for task 1.0 in stage 26.0 (TID 79)] INFO  o.a.k.c.c.i.SubscriptionState - [Consumer clientId=consumer-spark-kafka-source-43fffd83-d95f-4bf0-b9df-74d6a29c4095-1616614700-executor-68, groupId=spark-kafka-source-43fffd83-d95f-4bf0-b9df-74d6a29c4095-1616614700-executor] Seeking to earliest offset of partition customer_events-0
2025-12-10 00:45:06.632 [Executor task launch worker for task 2.0 in stage 26.0 (TID 80)] INFO  o.a.k.c.c.i.SubscriptionState - [Consumer clientId=consumer-spark-kafka-source-43fffd83-d95f-4bf0-b9df-74d6a29c4095-1616614700-executor-67, groupId=spark-kafka-source-43fffd83-d95f-4bf0-b9df-74d6a29c4095-1616614700-executor] Seeking to earliest offset of partition customer_events-2
2025-12-10 00:45:06.633 [Executor task launch worker for task 1.0 in stage 26.0 (TID 79)] INFO  o.a.k.c.c.i.SubscriptionState - [Consumer clientId=consumer-spark-kafka-source-43fffd83-d95f-4bf0-b9df-74d6a29c4095-1616614700-executor-68, groupId=spark-kafka-source-43fffd83-d95f-4bf0-b9df-74d6a29c4095-1616614700-executor] Resetting offset for partition customer_events-0 to position FetchPosition{offset=0, offsetEpoch=Optional.empty, currentLeader=LeaderAndEpoch{leader=Optional[localhost:9092 (id: 0 rack: null)], epoch=0}}.
2025-12-10 00:45:06.633 [Executor task launch worker for task 2.0 in stage 26.0 (TID 80)] INFO  o.a.k.c.c.i.SubscriptionState - [Consumer clientId=consumer-spark-kafka-source-43fffd83-d95f-4bf0-b9df-74d6a29c4095-1616614700-executor-67, groupId=spark-kafka-source-43fffd83-d95f-4bf0-b9df-74d6a29c4095-1616614700-executor] Resetting offset for partition customer_events-2 to position FetchPosition{offset=0, offsetEpoch=Optional.empty, currentLeader=LeaderAndEpoch{leader=Optional[localhost:9093 (id: 1 rack: null)], epoch=0}}.
2025-12-10 00:45:06.633 [Executor task launch worker for task 0.0 in stage 26.0 (TID 78)] INFO  o.a.k.c.c.i.LegacyKafkaConsumer - [Consumer clientId=consumer-spark-kafka-source-43fffd83-d95f-4bf0-b9df-74d6a29c4095-1616614700-executor-69, groupId=spark-kafka-source-43fffd83-d95f-4bf0-b9df-74d6a29c4095-1616614700-executor] Seeking to offset 65042 for partition customer_events-1
2025-12-10 00:45:06.633 [Executor task launch worker for task 1.0 in stage 26.0 (TID 79)] INFO  o.a.k.c.c.i.SubscriptionState - [Consumer clientId=consumer-spark-kafka-source-43fffd83-d95f-4bf0-b9df-74d6a29c4095-1616614700-executor-68, groupId=spark-kafka-source-43fffd83-d95f-4bf0-b9df-74d6a29c4095-1616614700-executor] Seeking to latest offset of partition customer_events-0
2025-12-10 00:45:06.634 [Executor task launch worker for task 2.0 in stage 26.0 (TID 80)] INFO  o.a.k.c.c.i.SubscriptionState - [Consumer clientId=consumer-spark-kafka-source-43fffd83-d95f-4bf0-b9df-74d6a29c4095-1616614700-executor-67, groupId=spark-kafka-source-43fffd83-d95f-4bf0-b9df-74d6a29c4095-1616614700-executor] Seeking to latest offset of partition customer_events-2
2025-12-10 00:45:06.635 [Executor task launch worker for task 0.0 in stage 26.0 (TID 78)] INFO  o.a.k.c.c.i.SubscriptionState - [Consumer clientId=consumer-spark-kafka-source-43fffd83-d95f-4bf0-b9df-74d6a29c4095-1616614700-executor-69, groupId=spark-kafka-source-43fffd83-d95f-4bf0-b9df-74d6a29c4095-1616614700-executor] Seeking to earliest offset of partition customer_events-1
2025-12-10 00:45:06.635 [Executor task launch worker for task 1.0 in stage 26.0 (TID 79)] INFO  o.a.k.c.c.i.SubscriptionState - [Consumer clientId=consumer-spark-kafka-source-43fffd83-d95f-4bf0-b9df-74d6a29c4095-1616614700-executor-68, groupId=spark-kafka-source-43fffd83-d95f-4bf0-b9df-74d6a29c4095-1616614700-executor] Resetting offset for partition customer_events-0 to position FetchPosition{offset=67382, offsetEpoch=Optional.empty, currentLeader=LeaderAndEpoch{leader=Optional[localhost:9092 (id: 0 rack: null)], epoch=0}}.
2025-12-10 00:45:06.635 [Executor task launch worker for task 2.0 in stage 26.0 (TID 80)] INFO  o.a.k.c.c.i.SubscriptionState - [Consumer clientId=consumer-spark-kafka-source-43fffd83-d95f-4bf0-b9df-74d6a29c4095-1616614700-executor-67, groupId=spark-kafka-source-43fffd83-d95f-4bf0-b9df-74d6a29c4095-1616614700-executor] Resetting offset for partition customer_events-2 to position FetchPosition{offset=66802, offsetEpoch=Optional.empty, currentLeader=LeaderAndEpoch{leader=Optional[localhost:9093 (id: 1 rack: null)], epoch=0}}.
2025-12-10 00:45:06.636 [Executor task launch worker for task 0.0 in stage 26.0 (TID 78)] INFO  o.a.k.c.c.i.SubscriptionState - [Consumer clientId=consumer-spark-kafka-source-43fffd83-d95f-4bf0-b9df-74d6a29c4095-1616614700-executor-69, groupId=spark-kafka-source-43fffd83-d95f-4bf0-b9df-74d6a29c4095-1616614700-executor] Resetting offset for partition customer_events-1 to position FetchPosition{offset=0, offsetEpoch=Optional.empty, currentLeader=LeaderAndEpoch{leader=Optional[localhost:9094 (id: 2 rack: null)], epoch=0}}.
2025-12-10 00:45:06.637 [Executor task launch worker for task 0.0 in stage 26.0 (TID 78)] INFO  o.a.k.c.c.i.SubscriptionState - [Consumer clientId=consumer-spark-kafka-source-43fffd83-d95f-4bf0-b9df-74d6a29c4095-1616614700-executor-69, groupId=spark-kafka-source-43fffd83-d95f-4bf0-b9df-74d6a29c4095-1616614700-executor] Seeking to latest offset of partition customer_events-1
2025-12-10 00:45:06.638 [Executor task launch worker for task 0.0 in stage 26.0 (TID 78)] INFO  o.a.k.c.c.i.SubscriptionState - [Consumer clientId=consumer-spark-kafka-source-43fffd83-d95f-4bf0-b9df-74d6a29c4095-1616614700-executor-69, groupId=spark-kafka-source-43fffd83-d95f-4bf0-b9df-74d6a29c4095-1616614700-executor] Resetting offset for partition customer_events-1 to position FetchPosition{offset=67526, offsetEpoch=Optional.empty, currentLeader=LeaderAndEpoch{leader=Optional[localhost:9094 (id: 2 rack: null)], epoch=0}}.
2025-12-10 00:45:06.639 [Executor task launch worker for task 2.0 in stage 26.0 (TID 80)] INFO  o.a.k.c.c.i.LegacyKafkaConsumer - [Consumer clientId=consumer-spark-kafka-source-43fffd83-d95f-4bf0-b9df-74d6a29c4095-1616614700-executor-67, groupId=spark-kafka-source-43fffd83-d95f-4bf0-b9df-74d6a29c4095-1616614700-executor] Seeking to offset 64836 for partition customer_events-2
2025-12-10 00:45:06.639 [Executor task launch worker for task 1.0 in stage 26.0 (TID 79)] INFO  o.a.k.c.c.i.LegacyKafkaConsumer - [Consumer clientId=consumer-spark-kafka-source-43fffd83-d95f-4bf0-b9df-74d6a29c4095-1616614700-executor-68, groupId=spark-kafka-source-43fffd83-d95f-4bf0-b9df-74d6a29c4095-1616614700-executor] Seeking to offset 65266 for partition customer_events-0
2025-12-10 00:45:06.641 [Executor task launch worker for task 2.0 in stage 26.0 (TID 80)] INFO  o.a.k.c.c.i.SubscriptionState - [Consumer clientId=consumer-spark-kafka-source-43fffd83-d95f-4bf0-b9df-74d6a29c4095-1616614700-executor-67, groupId=spark-kafka-source-43fffd83-d95f-4bf0-b9df-74d6a29c4095-1616614700-executor] Seeking to earliest offset of partition customer_events-2
2025-12-10 00:45:06.641 [Executor task launch worker for task 1.0 in stage 26.0 (TID 79)] INFO  o.a.k.c.c.i.SubscriptionState - [Consumer clientId=consumer-spark-kafka-source-43fffd83-d95f-4bf0-b9df-74d6a29c4095-1616614700-executor-68, groupId=spark-kafka-source-43fffd83-d95f-4bf0-b9df-74d6a29c4095-1616614700-executor] Seeking to earliest offset of partition customer_events-0
2025-12-10 00:45:06.642 [Executor task launch worker for task 2.0 in stage 26.0 (TID 80)] INFO  o.a.k.c.c.i.SubscriptionState - [Consumer clientId=consumer-spark-kafka-source-43fffd83-d95f-4bf0-b9df-74d6a29c4095-1616614700-executor-67, groupId=spark-kafka-source-43fffd83-d95f-4bf0-b9df-74d6a29c4095-1616614700-executor] Resetting offset for partition customer_events-2 to position FetchPosition{offset=0, offsetEpoch=Optional.empty, currentLeader=LeaderAndEpoch{leader=Optional[localhost:9093 (id: 1 rack: null)], epoch=0}}.
2025-12-10 00:45:06.642 [Executor task launch worker for task 0.0 in stage 26.0 (TID 78)] INFO  o.a.k.c.c.i.LegacyKafkaConsumer - [Consumer clientId=consumer-spark-kafka-source-43fffd83-d95f-4bf0-b9df-74d6a29c4095-1616614700-executor-69, groupId=spark-kafka-source-43fffd83-d95f-4bf0-b9df-74d6a29c4095-1616614700-executor] Seeking to offset 65542 for partition customer_events-1
2025-12-10 00:45:06.642 [Executor task launch worker for task 1.0 in stage 26.0 (TID 79)] INFO  o.a.k.c.c.i.SubscriptionState - [Consumer clientId=consumer-spark-kafka-source-43fffd83-d95f-4bf0-b9df-74d6a29c4095-1616614700-executor-68, groupId=spark-kafka-source-43fffd83-d95f-4bf0-b9df-74d6a29c4095-1616614700-executor] Resetting offset for partition customer_events-0 to position FetchPosition{offset=0, offsetEpoch=Optional.empty, currentLeader=LeaderAndEpoch{leader=Optional[localhost:9092 (id: 0 rack: null)], epoch=0}}.
2025-12-10 00:45:06.642 [Executor task launch worker for task 2.0 in stage 26.0 (TID 80)] INFO  o.a.k.c.c.i.SubscriptionState - [Consumer clientId=consumer-spark-kafka-source-43fffd83-d95f-4bf0-b9df-74d6a29c4095-1616614700-executor-67, groupId=spark-kafka-source-43fffd83-d95f-4bf0-b9df-74d6a29c4095-1616614700-executor] Seeking to latest offset of partition customer_events-2
2025-12-10 00:45:06.643 [Executor task launch worker for task 1.0 in stage 26.0 (TID 79)] INFO  o.a.k.c.c.i.SubscriptionState - [Consumer clientId=consumer-spark-kafka-source-43fffd83-d95f-4bf0-b9df-74d6a29c4095-1616614700-executor-68, groupId=spark-kafka-source-43fffd83-d95f-4bf0-b9df-74d6a29c4095-1616614700-executor] Seeking to latest offset of partition customer_events-0
2025-12-10 00:45:06.643 [Executor task launch worker for task 0.0 in stage 26.0 (TID 78)] INFO  o.a.k.c.c.i.SubscriptionState - [Consumer clientId=consumer-spark-kafka-source-43fffd83-d95f-4bf0-b9df-74d6a29c4095-1616614700-executor-69, groupId=spark-kafka-source-43fffd83-d95f-4bf0-b9df-74d6a29c4095-1616614700-executor] Seeking to earliest offset of partition customer_events-1
2025-12-10 00:45:06.643 [Executor task launch worker for task 1.0 in stage 26.0 (TID 79)] INFO  o.a.k.c.c.i.SubscriptionState - [Consumer clientId=consumer-spark-kafka-source-43fffd83-d95f-4bf0-b9df-74d6a29c4095-1616614700-executor-68, groupId=spark-kafka-source-43fffd83-d95f-4bf0-b9df-74d6a29c4095-1616614700-executor] Resetting offset for partition customer_events-0 to position FetchPosition{offset=67382, offsetEpoch=Optional.empty, currentLeader=LeaderAndEpoch{leader=Optional[localhost:9092 (id: 0 rack: null)], epoch=0}}.
2025-12-10 00:45:06.644 [Executor task launch worker for task 0.0 in stage 26.0 (TID 78)] INFO  o.a.k.c.c.i.SubscriptionState - [Consumer clientId=consumer-spark-kafka-source-43fffd83-d95f-4bf0-b9df-74d6a29c4095-1616614700-executor-69, groupId=spark-kafka-source-43fffd83-d95f-4bf0-b9df-74d6a29c4095-1616614700-executor] Resetting offset for partition customer_events-1 to position FetchPosition{offset=0, offsetEpoch=Optional.empty, currentLeader=LeaderAndEpoch{leader=Optional[localhost:9094 (id: 2 rack: null)], epoch=0}}.
2025-12-10 00:45:06.643 [Executor task launch worker for task 2.0 in stage 26.0 (TID 80)] INFO  o.a.k.c.c.i.SubscriptionState - [Consumer clientId=consumer-spark-kafka-source-43fffd83-d95f-4bf0-b9df-74d6a29c4095-1616614700-executor-67, groupId=spark-kafka-source-43fffd83-d95f-4bf0-b9df-74d6a29c4095-1616614700-executor] Resetting offset for partition customer_events-2 to position FetchPosition{offset=66802, offsetEpoch=Optional.empty, currentLeader=LeaderAndEpoch{leader=Optional[localhost:9093 (id: 1 rack: null)], epoch=0}}.
2025-12-10 00:45:06.645 [Executor task launch worker for task 0.0 in stage 26.0 (TID 78)] INFO  o.a.k.c.c.i.SubscriptionState - [Consumer clientId=consumer-spark-kafka-source-43fffd83-d95f-4bf0-b9df-74d6a29c4095-1616614700-executor-69, groupId=spark-kafka-source-43fffd83-d95f-4bf0-b9df-74d6a29c4095-1616614700-executor] Seeking to latest offset of partition customer_events-1
2025-12-10 00:45:06.646 [Executor task launch worker for task 0.0 in stage 26.0 (TID 78)] INFO  o.a.k.c.c.i.SubscriptionState - [Consumer clientId=consumer-spark-kafka-source-43fffd83-d95f-4bf0-b9df-74d6a29c4095-1616614700-executor-69, groupId=spark-kafka-source-43fffd83-d95f-4bf0-b9df-74d6a29c4095-1616614700-executor] Resetting offset for partition customer_events-1 to position FetchPosition{offset=67526, offsetEpoch=Optional.empty, currentLeader=LeaderAndEpoch{leader=Optional[localhost:9094 (id: 2 rack: null)], epoch=0}}.
2025-12-10 00:45:06.647 [Executor task launch worker for task 1.0 in stage 26.0 (TID 79)] INFO  o.a.k.c.c.i.LegacyKafkaConsumer - [Consumer clientId=consumer-spark-kafka-source-43fffd83-d95f-4bf0-b9df-74d6a29c4095-1616614700-executor-68, groupId=spark-kafka-source-43fffd83-d95f-4bf0-b9df-74d6a29c4095-1616614700-executor] Seeking to offset 65766 for partition customer_events-0
2025-12-10 00:45:06.647 [Executor task launch worker for task 2.0 in stage 26.0 (TID 80)] INFO  o.a.k.c.c.i.LegacyKafkaConsumer - [Consumer clientId=consumer-spark-kafka-source-43fffd83-d95f-4bf0-b9df-74d6a29c4095-1616614700-executor-67, groupId=spark-kafka-source-43fffd83-d95f-4bf0-b9df-74d6a29c4095-1616614700-executor] Seeking to offset 65336 for partition customer_events-2
2025-12-10 00:45:06.648 [Executor task launch worker for task 1.0 in stage 26.0 (TID 79)] INFO  o.a.k.c.c.i.SubscriptionState - [Consumer clientId=consumer-spark-kafka-source-43fffd83-d95f-4bf0-b9df-74d6a29c4095-1616614700-executor-68, groupId=spark-kafka-source-43fffd83-d95f-4bf0-b9df-74d6a29c4095-1616614700-executor] Seeking to earliest offset of partition customer_events-0
2025-12-10 00:45:06.648 [Executor task launch worker for task 2.0 in stage 26.0 (TID 80)] INFO  o.a.k.c.c.i.SubscriptionState - [Consumer clientId=consumer-spark-kafka-source-43fffd83-d95f-4bf0-b9df-74d6a29c4095-1616614700-executor-67, groupId=spark-kafka-source-43fffd83-d95f-4bf0-b9df-74d6a29c4095-1616614700-executor] Seeking to earliest offset of partition customer_events-2
2025-12-10 00:45:06.648 [Executor task launch worker for task 0.0 in stage 26.0 (TID 78)] INFO  o.a.k.c.c.i.LegacyKafkaConsumer - [Consumer clientId=consumer-spark-kafka-source-43fffd83-d95f-4bf0-b9df-74d6a29c4095-1616614700-executor-69, groupId=spark-kafka-source-43fffd83-d95f-4bf0-b9df-74d6a29c4095-1616614700-executor] Seeking to offset 66042 for partition customer_events-1
2025-12-10 00:45:06.649 [Executor task launch worker for task 1.0 in stage 26.0 (TID 79)] INFO  o.a.k.c.c.i.SubscriptionState - [Consumer clientId=consumer-spark-kafka-source-43fffd83-d95f-4bf0-b9df-74d6a29c4095-1616614700-executor-68, groupId=spark-kafka-source-43fffd83-d95f-4bf0-b9df-74d6a29c4095-1616614700-executor] Resetting offset for partition customer_events-0 to position FetchPosition{offset=0, offsetEpoch=Optional.empty, currentLeader=LeaderAndEpoch{leader=Optional[localhost:9092 (id: 0 rack: null)], epoch=0}}.
2025-12-10 00:45:06.649 [Executor task launch worker for task 2.0 in stage 26.0 (TID 80)] INFO  o.a.k.c.c.i.SubscriptionState - [Consumer clientId=consumer-spark-kafka-source-43fffd83-d95f-4bf0-b9df-74d6a29c4095-1616614700-executor-67, groupId=spark-kafka-source-43fffd83-d95f-4bf0-b9df-74d6a29c4095-1616614700-executor] Resetting offset for partition customer_events-2 to position FetchPosition{offset=0, offsetEpoch=Optional.empty, currentLeader=LeaderAndEpoch{leader=Optional[localhost:9093 (id: 1 rack: null)], epoch=0}}.
2025-12-10 00:45:06.649 [Executor task launch worker for task 0.0 in stage 26.0 (TID 78)] INFO  o.a.k.c.c.i.SubscriptionState - [Consumer clientId=consumer-spark-kafka-source-43fffd83-d95f-4bf0-b9df-74d6a29c4095-1616614700-executor-69, groupId=spark-kafka-source-43fffd83-d95f-4bf0-b9df-74d6a29c4095-1616614700-executor] Seeking to earliest offset of partition customer_events-1
2025-12-10 00:45:06.649 [Executor task launch worker for task 1.0 in stage 26.0 (TID 79)] INFO  o.a.k.c.c.i.SubscriptionState - [Consumer clientId=consumer-spark-kafka-source-43fffd83-d95f-4bf0-b9df-74d6a29c4095-1616614700-executor-68, groupId=spark-kafka-source-43fffd83-d95f-4bf0-b9df-74d6a29c4095-1616614700-executor] Seeking to latest offset of partition customer_events-0
2025-12-10 00:45:06.649 [Executor task launch worker for task 2.0 in stage 26.0 (TID 80)] INFO  o.a.k.c.c.i.SubscriptionState - [Consumer clientId=consumer-spark-kafka-source-43fffd83-d95f-4bf0-b9df-74d6a29c4095-1616614700-executor-67, groupId=spark-kafka-source-43fffd83-d95f-4bf0-b9df-74d6a29c4095-1616614700-executor] Seeking to latest offset of partition customer_events-2
2025-12-10 00:45:06.650 [Executor task launch worker for task 1.0 in stage 26.0 (TID 79)] INFO  o.a.k.c.c.i.SubscriptionState - [Consumer clientId=consumer-spark-kafka-source-43fffd83-d95f-4bf0-b9df-74d6a29c4095-1616614700-executor-68, groupId=spark-kafka-source-43fffd83-d95f-4bf0-b9df-74d6a29c4095-1616614700-executor] Resetting offset for partition customer_events-0 to position FetchPosition{offset=67382, offsetEpoch=Optional.empty, currentLeader=LeaderAndEpoch{leader=Optional[localhost:9092 (id: 0 rack: null)], epoch=0}}.
2025-12-10 00:45:06.650 [Executor task launch worker for task 0.0 in stage 26.0 (TID 78)] INFO  o.a.k.c.c.i.SubscriptionState - [Consumer clientId=consumer-spark-kafka-source-43fffd83-d95f-4bf0-b9df-74d6a29c4095-1616614700-executor-69, groupId=spark-kafka-source-43fffd83-d95f-4bf0-b9df-74d6a29c4095-1616614700-executor] Resetting offset for partition customer_events-1 to position FetchPosition{offset=0, offsetEpoch=Optional.empty, currentLeader=LeaderAndEpoch{leader=Optional[localhost:9094 (id: 2 rack: null)], epoch=0}}.
2025-12-10 00:45:06.650 [Executor task launch worker for task 2.0 in stage 26.0 (TID 80)] INFO  o.a.k.c.c.i.SubscriptionState - [Consumer clientId=consumer-spark-kafka-source-43fffd83-d95f-4bf0-b9df-74d6a29c4095-1616614700-executor-67, groupId=spark-kafka-source-43fffd83-d95f-4bf0-b9df-74d6a29c4095-1616614700-executor] Resetting offset for partition customer_events-2 to position FetchPosition{offset=66802, offsetEpoch=Optional.empty, currentLeader=LeaderAndEpoch{leader=Optional[localhost:9093 (id: 1 rack: null)], epoch=0}}.
2025-12-10 00:45:06.652 [Executor task launch worker for task 0.0 in stage 26.0 (TID 78)] INFO  o.a.k.c.c.i.SubscriptionState - [Consumer clientId=consumer-spark-kafka-source-43fffd83-d95f-4bf0-b9df-74d6a29c4095-1616614700-executor-69, groupId=spark-kafka-source-43fffd83-d95f-4bf0-b9df-74d6a29c4095-1616614700-executor] Seeking to latest offset of partition customer_events-1
2025-12-10 00:45:06.654 [Executor task launch worker for task 0.0 in stage 26.0 (TID 78)] INFO  o.a.k.c.c.i.SubscriptionState - [Consumer clientId=consumer-spark-kafka-source-43fffd83-d95f-4bf0-b9df-74d6a29c4095-1616614700-executor-69, groupId=spark-kafka-source-43fffd83-d95f-4bf0-b9df-74d6a29c4095-1616614700-executor] Resetting offset for partition customer_events-1 to position FetchPosition{offset=67526, offsetEpoch=Optional.empty, currentLeader=LeaderAndEpoch{leader=Optional[localhost:9094 (id: 2 rack: null)], epoch=0}}.
2025-12-10 00:45:06.658 [Executor task launch worker for task 1.0 in stage 26.0 (TID 79)] INFO  o.a.k.c.c.i.LegacyKafkaConsumer - [Consumer clientId=consumer-spark-kafka-source-43fffd83-d95f-4bf0-b9df-74d6a29c4095-1616614700-executor-68, groupId=spark-kafka-source-43fffd83-d95f-4bf0-b9df-74d6a29c4095-1616614700-executor] Seeking to offset 66266 for partition customer_events-0
2025-12-10 00:45:06.660 [Executor task launch worker for task 2.0 in stage 26.0 (TID 80)] INFO  o.a.k.c.c.i.LegacyKafkaConsumer - [Consumer clientId=consumer-spark-kafka-source-43fffd83-d95f-4bf0-b9df-74d6a29c4095-1616614700-executor-67, groupId=spark-kafka-source-43fffd83-d95f-4bf0-b9df-74d6a29c4095-1616614700-executor] Seeking to offset 65836 for partition customer_events-2
2025-12-10 00:45:06.664 [Executor task launch worker for task 1.0 in stage 26.0 (TID 79)] INFO  o.a.k.c.c.i.SubscriptionState - [Consumer clientId=consumer-spark-kafka-source-43fffd83-d95f-4bf0-b9df-74d6a29c4095-1616614700-executor-68, groupId=spark-kafka-source-43fffd83-d95f-4bf0-b9df-74d6a29c4095-1616614700-executor] Seeking to earliest offset of partition customer_events-0
2025-12-10 00:45:06.662 [Executor task launch worker for task 0.0 in stage 26.0 (TID 78)] INFO  o.a.k.c.c.i.LegacyKafkaConsumer - [Consumer clientId=consumer-spark-kafka-source-43fffd83-d95f-4bf0-b9df-74d6a29c4095-1616614700-executor-69, groupId=spark-kafka-source-43fffd83-d95f-4bf0-b9df-74d6a29c4095-1616614700-executor] Seeking to offset 66542 for partition customer_events-1
2025-12-10 00:45:06.664 [Executor task launch worker for task 2.0 in stage 26.0 (TID 80)] INFO  o.a.k.c.c.i.SubscriptionState - [Consumer clientId=consumer-spark-kafka-source-43fffd83-d95f-4bf0-b9df-74d6a29c4095-1616614700-executor-67, groupId=spark-kafka-source-43fffd83-d95f-4bf0-b9df-74d6a29c4095-1616614700-executor] Seeking to earliest offset of partition customer_events-2
2025-12-10 00:45:06.665 [Executor task launch worker for task 0.0 in stage 26.0 (TID 78)] INFO  o.a.k.c.c.i.SubscriptionState - [Consumer clientId=consumer-spark-kafka-source-43fffd83-d95f-4bf0-b9df-74d6a29c4095-1616614700-executor-69, groupId=spark-kafka-source-43fffd83-d95f-4bf0-b9df-74d6a29c4095-1616614700-executor] Seeking to earliest offset of partition customer_events-1
2025-12-10 00:45:06.665 [Executor task launch worker for task 1.0 in stage 26.0 (TID 79)] INFO  o.a.k.c.c.i.SubscriptionState - [Consumer clientId=consumer-spark-kafka-source-43fffd83-d95f-4bf0-b9df-74d6a29c4095-1616614700-executor-68, groupId=spark-kafka-source-43fffd83-d95f-4bf0-b9df-74d6a29c4095-1616614700-executor] Resetting offset for partition customer_events-0 to position FetchPosition{offset=0, offsetEpoch=Optional.empty, currentLeader=LeaderAndEpoch{leader=Optional[localhost:9092 (id: 0 rack: null)], epoch=0}}.
2025-12-10 00:45:06.665 [Executor task launch worker for task 1.0 in stage 26.0 (TID 79)] INFO  o.a.k.c.c.i.SubscriptionState - [Consumer clientId=consumer-spark-kafka-source-43fffd83-d95f-4bf0-b9df-74d6a29c4095-1616614700-executor-68, groupId=spark-kafka-source-43fffd83-d95f-4bf0-b9df-74d6a29c4095-1616614700-executor] Seeking to latest offset of partition customer_events-0
2025-12-10 00:45:06.666 [Executor task launch worker for task 2.0 in stage 26.0 (TID 80)] INFO  o.a.k.c.c.i.SubscriptionState - [Consumer clientId=consumer-spark-kafka-source-43fffd83-d95f-4bf0-b9df-74d6a29c4095-1616614700-executor-67, groupId=spark-kafka-source-43fffd83-d95f-4bf0-b9df-74d6a29c4095-1616614700-executor] Resetting offset for partition customer_events-2 to position FetchPosition{offset=0, offsetEpoch=Optional.empty, currentLeader=LeaderAndEpoch{leader=Optional[localhost:9093 (id: 1 rack: null)], epoch=0}}.
2025-12-10 00:45:06.666 [Executor task launch worker for task 0.0 in stage 26.0 (TID 78)] INFO  o.a.k.c.c.i.SubscriptionState - [Consumer clientId=consumer-spark-kafka-source-43fffd83-d95f-4bf0-b9df-74d6a29c4095-1616614700-executor-69, groupId=spark-kafka-source-43fffd83-d95f-4bf0-b9df-74d6a29c4095-1616614700-executor] Resetting offset for partition customer_events-1 to position FetchPosition{offset=0, offsetEpoch=Optional.empty, currentLeader=LeaderAndEpoch{leader=Optional[localhost:9094 (id: 2 rack: null)], epoch=0}}.
2025-12-10 00:45:06.666 [Executor task launch worker for task 1.0 in stage 26.0 (TID 79)] INFO  o.a.k.c.c.i.SubscriptionState - [Consumer clientId=consumer-spark-kafka-source-43fffd83-d95f-4bf0-b9df-74d6a29c4095-1616614700-executor-68, groupId=spark-kafka-source-43fffd83-d95f-4bf0-b9df-74d6a29c4095-1616614700-executor] Resetting offset for partition customer_events-0 to position FetchPosition{offset=67383, offsetEpoch=Optional.empty, currentLeader=LeaderAndEpoch{leader=Optional[localhost:9092 (id: 0 rack: null)], epoch=0}}.
2025-12-10 00:45:06.666 [Executor task launch worker for task 2.0 in stage 26.0 (TID 80)] INFO  o.a.k.c.c.i.SubscriptionState - [Consumer clientId=consumer-spark-kafka-source-43fffd83-d95f-4bf0-b9df-74d6a29c4095-1616614700-executor-67, groupId=spark-kafka-source-43fffd83-d95f-4bf0-b9df-74d6a29c4095-1616614700-executor] Seeking to latest offset of partition customer_events-2
2025-12-10 00:45:06.666 [Executor task launch worker for task 0.0 in stage 26.0 (TID 78)] INFO  o.a.k.c.c.i.SubscriptionState - [Consumer clientId=consumer-spark-kafka-source-43fffd83-d95f-4bf0-b9df-74d6a29c4095-1616614700-executor-69, groupId=spark-kafka-source-43fffd83-d95f-4bf0-b9df-74d6a29c4095-1616614700-executor] Seeking to latest offset of partition customer_events-1
2025-12-10 00:45:06.666 [Executor task launch worker for task 2.0 in stage 26.0 (TID 80)] INFO  o.a.k.c.c.i.SubscriptionState - [Consumer clientId=consumer-spark-kafka-source-43fffd83-d95f-4bf0-b9df-74d6a29c4095-1616614700-executor-67, groupId=spark-kafka-source-43fffd83-d95f-4bf0-b9df-74d6a29c4095-1616614700-executor] Resetting offset for partition customer_events-2 to position FetchPosition{offset=66802, offsetEpoch=Optional.empty, currentLeader=LeaderAndEpoch{leader=Optional[localhost:9093 (id: 1 rack: null)], epoch=0}}.
2025-12-10 00:45:06.666 [Executor task launch worker for task 0.0 in stage 26.0 (TID 78)] INFO  o.a.k.c.c.i.SubscriptionState - [Consumer clientId=consumer-spark-kafka-source-43fffd83-d95f-4bf0-b9df-74d6a29c4095-1616614700-executor-69, groupId=spark-kafka-source-43fffd83-d95f-4bf0-b9df-74d6a29c4095-1616614700-executor] Resetting offset for partition customer_events-1 to position FetchPosition{offset=67526, offsetEpoch=Optional.empty, currentLeader=LeaderAndEpoch{leader=Optional[localhost:9094 (id: 2 rack: null)], epoch=0}}.
2025-12-10 00:45:06.667 [Executor task launch worker for task 1.0 in stage 26.0 (TID 79)] INFO  o.a.k.c.c.i.LegacyKafkaConsumer - [Consumer clientId=consumer-spark-kafka-source-43fffd83-d95f-4bf0-b9df-74d6a29c4095-1616614700-executor-68, groupId=spark-kafka-source-43fffd83-d95f-4bf0-b9df-74d6a29c4095-1616614700-executor] Seeking to offset 66766 for partition customer_events-0
2025-12-10 00:45:06.667 [Executor task launch worker for task 1.0 in stage 26.0 (TID 79)] INFO  o.a.k.c.c.i.SubscriptionState - [Consumer clientId=consumer-spark-kafka-source-43fffd83-d95f-4bf0-b9df-74d6a29c4095-1616614700-executor-68, groupId=spark-kafka-source-43fffd83-d95f-4bf0-b9df-74d6a29c4095-1616614700-executor] Seeking to earliest offset of partition customer_events-0
2025-12-10 00:45:06.668 [Executor task launch worker for task 0.0 in stage 26.0 (TID 78)] INFO  o.a.k.c.c.i.LegacyKafkaConsumer - [Consumer clientId=consumer-spark-kafka-source-43fffd83-d95f-4bf0-b9df-74d6a29c4095-1616614700-executor-69, groupId=spark-kafka-source-43fffd83-d95f-4bf0-b9df-74d6a29c4095-1616614700-executor] Seeking to offset 67042 for partition customer_events-1
2025-12-10 00:45:06.668 [Executor task launch worker for task 1.0 in stage 26.0 (TID 79)] INFO  o.a.k.c.c.i.SubscriptionState - [Consumer clientId=consumer-spark-kafka-source-43fffd83-d95f-4bf0-b9df-74d6a29c4095-1616614700-executor-68, groupId=spark-kafka-source-43fffd83-d95f-4bf0-b9df-74d6a29c4095-1616614700-executor] Resetting offset for partition customer_events-0 to position FetchPosition{offset=0, offsetEpoch=Optional.empty, currentLeader=LeaderAndEpoch{leader=Optional[localhost:9092 (id: 0 rack: null)], epoch=0}}.
2025-12-10 00:45:06.668 [Executor task launch worker for task 2.0 in stage 26.0 (TID 80)] INFO  o.a.k.c.c.i.LegacyKafkaConsumer - [Consumer clientId=consumer-spark-kafka-source-43fffd83-d95f-4bf0-b9df-74d6a29c4095-1616614700-executor-67, groupId=spark-kafka-source-43fffd83-d95f-4bf0-b9df-74d6a29c4095-1616614700-executor] Seeking to offset 66336 for partition customer_events-2
2025-12-10 00:45:06.668 [Executor task launch worker for task 1.0 in stage 26.0 (TID 79)] INFO  o.a.k.c.c.i.SubscriptionState - [Consumer clientId=consumer-spark-kafka-source-43fffd83-d95f-4bf0-b9df-74d6a29c4095-1616614700-executor-68, groupId=spark-kafka-source-43fffd83-d95f-4bf0-b9df-74d6a29c4095-1616614700-executor] Seeking to latest offset of partition customer_events-0
2025-12-10 00:45:06.669 [Executor task launch worker for task 1.0 in stage 26.0 (TID 79)] INFO  o.a.k.c.c.i.SubscriptionState - [Consumer clientId=consumer-spark-kafka-source-43fffd83-d95f-4bf0-b9df-74d6a29c4095-1616614700-executor-68, groupId=spark-kafka-source-43fffd83-d95f-4bf0-b9df-74d6a29c4095-1616614700-executor] Resetting offset for partition customer_events-0 to position FetchPosition{offset=67383, offsetEpoch=Optional.empty, currentLeader=LeaderAndEpoch{leader=Optional[localhost:9092 (id: 0 rack: null)], epoch=0}}.
2025-12-10 00:45:06.669 [Executor task launch worker for task 0.0 in stage 26.0 (TID 78)] INFO  o.a.k.c.c.i.SubscriptionState - [Consumer clientId=consumer-spark-kafka-source-43fffd83-d95f-4bf0-b9df-74d6a29c4095-1616614700-executor-69, groupId=spark-kafka-source-43fffd83-d95f-4bf0-b9df-74d6a29c4095-1616614700-executor] Seeking to earliest offset of partition customer_events-1
2025-12-10 00:45:06.669 [Executor task launch worker for task 2.0 in stage 26.0 (TID 80)] INFO  o.a.k.c.c.i.SubscriptionState - [Consumer clientId=consumer-spark-kafka-source-43fffd83-d95f-4bf0-b9df-74d6a29c4095-1616614700-executor-67, groupId=spark-kafka-source-43fffd83-d95f-4bf0-b9df-74d6a29c4095-1616614700-executor] Seeking to earliest offset of partition customer_events-2
2025-12-10 00:45:06.670 [Executor task launch worker for task 1.0 in stage 26.0 (TID 79)] INFO  o.a.k.c.c.i.LegacyKafkaConsumer - [Consumer clientId=consumer-spark-kafka-source-43fffd83-d95f-4bf0-b9df-74d6a29c4095-1616614700-executor-68, groupId=spark-kafka-source-43fffd83-d95f-4bf0-b9df-74d6a29c4095-1616614700-executor] Seeking to offset 67266 for partition customer_events-0
2025-12-10 00:45:06.671 [Executor task launch worker for task 1.0 in stage 26.0 (TID 79)] INFO  o.a.k.c.c.i.SubscriptionState - [Consumer clientId=consumer-spark-kafka-source-43fffd83-d95f-4bf0-b9df-74d6a29c4095-1616614700-executor-68, groupId=spark-kafka-source-43fffd83-d95f-4bf0-b9df-74d6a29c4095-1616614700-executor] Seeking to earliest offset of partition customer_events-0
2025-12-10 00:45:06.671 [Executor task launch worker for task 1.0 in stage 26.0 (TID 79)] INFO  o.a.k.c.c.i.SubscriptionState - [Consumer clientId=consumer-spark-kafka-source-43fffd83-d95f-4bf0-b9df-74d6a29c4095-1616614700-executor-68, groupId=spark-kafka-source-43fffd83-d95f-4bf0-b9df-74d6a29c4095-1616614700-executor] Resetting offset for partition customer_events-0 to position FetchPosition{offset=0, offsetEpoch=Optional.empty, currentLeader=LeaderAndEpoch{leader=Optional[localhost:9092 (id: 0 rack: null)], epoch=0}}.
2025-12-10 00:45:06.672 [Executor task launch worker for task 1.0 in stage 26.0 (TID 79)] INFO  o.a.k.c.c.i.SubscriptionState - [Consumer clientId=consumer-spark-kafka-source-43fffd83-d95f-4bf0-b9df-74d6a29c4095-1616614700-executor-68, groupId=spark-kafka-source-43fffd83-d95f-4bf0-b9df-74d6a29c4095-1616614700-executor] Seeking to latest offset of partition customer_events-0
2025-12-10 00:45:06.672 [Executor task launch worker for task 1.0 in stage 26.0 (TID 79)] INFO  o.a.k.c.c.i.SubscriptionState - [Consumer clientId=consumer-spark-kafka-source-43fffd83-d95f-4bf0-b9df-74d6a29c4095-1616614700-executor-68, groupId=spark-kafka-source-43fffd83-d95f-4bf0-b9df-74d6a29c4095-1616614700-executor] Resetting offset for partition customer_events-0 to position FetchPosition{offset=67383, offsetEpoch=Optional.empty, currentLeader=LeaderAndEpoch{leader=Optional[localhost:9092 (id: 0 rack: null)], epoch=0}}.
2025-12-10 00:45:06.675 [Executor task launch worker for task 1.0 in stage 26.0 (TID 79)] INFO  o.a.parquet.hadoop.codec.CodecConfig - Compression: SNAPPY
2025-12-10 00:45:06.675 [Executor task launch worker for task 1.0 in stage 26.0 (TID 79)] INFO  o.a.parquet.hadoop.codec.CodecConfig - Compression: SNAPPY
2025-12-10 00:45:06.676 [Executor task launch worker for task 1.0 in stage 26.0 (TID 79)] INFO  o.a.p.hadoop.ParquetOutputFormat - ParquetRecordWriter [block size: 134217728b, row group padding size: 8388608b, validating: false]
2025-12-10 00:45:06.765 [Executor task launch worker for task 0.0 in stage 26.0 (TID 78)] INFO  o.a.k.c.c.i.SubscriptionState - [Consumer clientId=consumer-spark-kafka-source-43fffd83-d95f-4bf0-b9df-74d6a29c4095-1616614700-executor-69, groupId=spark-kafka-source-43fffd83-d95f-4bf0-b9df-74d6a29c4095-1616614700-executor] Resetting offset for partition customer_events-1 to position FetchPosition{offset=0, offsetEpoch=Optional.empty, currentLeader=LeaderAndEpoch{leader=Optional[localhost:9094 (id: 2 rack: null)], epoch=0}}.
2025-12-10 00:45:06.765 [Executor task launch worker for task 0.0 in stage 26.0 (TID 78)] INFO  o.a.k.c.c.i.SubscriptionState - [Consumer clientId=consumer-spark-kafka-source-43fffd83-d95f-4bf0-b9df-74d6a29c4095-1616614700-executor-69, groupId=spark-kafka-source-43fffd83-d95f-4bf0-b9df-74d6a29c4095-1616614700-executor] Seeking to latest offset of partition customer_events-1
2025-12-10 00:45:06.765 [Executor task launch worker for task 0.0 in stage 26.0 (TID 78)] INFO  o.a.k.c.c.i.SubscriptionState - [Consumer clientId=consumer-spark-kafka-source-43fffd83-d95f-4bf0-b9df-74d6a29c4095-1616614700-executor-69, groupId=spark-kafka-source-43fffd83-d95f-4bf0-b9df-74d6a29c4095-1616614700-executor] Resetting offset for partition customer_events-1 to position FetchPosition{offset=67527, offsetEpoch=Optional.empty, currentLeader=LeaderAndEpoch{leader=Optional[localhost:9094 (id: 2 rack: null)], epoch=0}}.
2025-12-10 00:45:06.773 [Executor task launch worker for task 0.0 in stage 26.0 (TID 78)] INFO  o.a.parquet.hadoop.codec.CodecConfig - Compression: SNAPPY
2025-12-10 00:45:06.773 [Executor task launch worker for task 0.0 in stage 26.0 (TID 78)] INFO  o.a.parquet.hadoop.codec.CodecConfig - Compression: SNAPPY
2025-12-10 00:45:06.774 [Executor task launch worker for task 0.0 in stage 26.0 (TID 78)] INFO  o.a.p.hadoop.ParquetOutputFormat - ParquetRecordWriter [block size: 134217728b, row group padding size: 8388608b, validating: false]
2025-12-10 00:45:06.963 [Executor task launch worker for task 2.0 in stage 26.0 (TID 80)] INFO  o.a.k.c.c.i.SubscriptionState - [Consumer clientId=consumer-spark-kafka-source-43fffd83-d95f-4bf0-b9df-74d6a29c4095-1616614700-executor-67, groupId=spark-kafka-source-43fffd83-d95f-4bf0-b9df-74d6a29c4095-1616614700-executor] Resetting offset for partition customer_events-2 to position FetchPosition{offset=0, offsetEpoch=Optional.empty, currentLeader=LeaderAndEpoch{leader=Optional[localhost:9093 (id: 1 rack: null)], epoch=0}}.
2025-12-10 00:45:06.963 [Executor task launch worker for task 2.0 in stage 26.0 (TID 80)] INFO  o.a.k.c.c.i.SubscriptionState - [Consumer clientId=consumer-spark-kafka-source-43fffd83-d95f-4bf0-b9df-74d6a29c4095-1616614700-executor-67, groupId=spark-kafka-source-43fffd83-d95f-4bf0-b9df-74d6a29c4095-1616614700-executor] Seeking to latest offset of partition customer_events-2
2025-12-10 00:45:06.964 [Executor task launch worker for task 2.0 in stage 26.0 (TID 80)] INFO  o.a.k.c.c.i.SubscriptionState - [Consumer clientId=consumer-spark-kafka-source-43fffd83-d95f-4bf0-b9df-74d6a29c4095-1616614700-executor-67, groupId=spark-kafka-source-43fffd83-d95f-4bf0-b9df-74d6a29c4095-1616614700-executor] Resetting offset for partition customer_events-2 to position FetchPosition{offset=66803, offsetEpoch=Optional.empty, currentLeader=LeaderAndEpoch{leader=Optional[localhost:9093 (id: 1 rack: null)], epoch=0}}.
2025-12-10 00:45:06.966 [Executor task launch worker for task 2.0 in stage 26.0 (TID 80)] INFO  o.a.parquet.hadoop.codec.CodecConfig - Compression: SNAPPY
2025-12-10 00:45:06.966 [Executor task launch worker for task 2.0 in stage 26.0 (TID 80)] INFO  o.a.parquet.hadoop.codec.CodecConfig - Compression: SNAPPY
2025-12-10 00:45:06.966 [Executor task launch worker for task 2.0 in stage 26.0 (TID 80)] INFO  o.a.p.hadoop.ParquetOutputFormat - ParquetRecordWriter [block size: 134217728b, row group padding size: 8388608b, validating: false]
2025-12-10 00:51:05.082 [commons-pool-evictor] INFO  o.a.k.c.c.i.ConsumerCoordinator - [Consumer clientId=consumer-spark-kafka-source-43fffd83-d95f-4bf0-b9df-74d6a29c4095-1616614700-executor-67, groupId=spark-kafka-source-43fffd83-d95f-4bf0-b9df-74d6a29c4095-1616614700-executor] Resetting generation and member id due to: consumer pro-actively leaving the group
2025-12-10 00:51:05.085 [commons-pool-evictor] INFO  o.a.k.c.c.i.ConsumerCoordinator - [Consumer clientId=consumer-spark-kafka-source-43fffd83-d95f-4bf0-b9df-74d6a29c4095-1616614700-executor-67, groupId=spark-kafka-source-43fffd83-d95f-4bf0-b9df-74d6a29c4095-1616614700-executor] Request joining group due to: consumer pro-actively leaving the group
2025-12-10 00:51:05.111 [commons-pool-evictor] INFO  o.a.kafka.common.metrics.Metrics - Metrics scheduler closed
2025-12-10 00:51:05.111 [commons-pool-evictor] INFO  o.a.kafka.common.metrics.Metrics - Closing reporter org.apache.kafka.common.metrics.JmxReporter
2025-12-10 00:51:05.112 [commons-pool-evictor] INFO  o.a.kafka.common.metrics.Metrics - Closing reporter org.apache.kafka.common.telemetry.internals.ClientTelemetryReporter
2025-12-10 00:51:05.112 [commons-pool-evictor] INFO  o.a.kafka.common.metrics.Metrics - Metrics reporters closed
2025-12-10 00:51:05.115 [commons-pool-evictor] INFO  o.a.kafka.common.utils.AppInfoParser - App info kafka.consumer for consumer-spark-kafka-source-43fffd83-d95f-4bf0-b9df-74d6a29c4095-1616614700-executor-67 unregistered
2025-12-10 00:51:05.115 [commons-pool-evictor] INFO  o.a.k.c.c.i.ConsumerCoordinator - [Consumer clientId=consumer-spark-kafka-source-43fffd83-d95f-4bf0-b9df-74d6a29c4095-1616614700-executor-68, groupId=spark-kafka-source-43fffd83-d95f-4bf0-b9df-74d6a29c4095-1616614700-executor] Resetting generation and member id due to: consumer pro-actively leaving the group
2025-12-10 00:51:05.115 [commons-pool-evictor] INFO  o.a.k.c.c.i.ConsumerCoordinator - [Consumer clientId=consumer-spark-kafka-source-43fffd83-d95f-4bf0-b9df-74d6a29c4095-1616614700-executor-68, groupId=spark-kafka-source-43fffd83-d95f-4bf0-b9df-74d6a29c4095-1616614700-executor] Request joining group due to: consumer pro-actively leaving the group
2025-12-10 00:51:05.126 [commons-pool-evictor] INFO  o.a.kafka.common.metrics.Metrics - Metrics scheduler closed
2025-12-10 00:51:05.126 [commons-pool-evictor] INFO  o.a.kafka.common.metrics.Metrics - Closing reporter org.apache.kafka.common.metrics.JmxReporter
2025-12-10 00:51:05.126 [commons-pool-evictor] INFO  o.a.kafka.common.metrics.Metrics - Closing reporter org.apache.kafka.common.telemetry.internals.ClientTelemetryReporter
2025-12-10 00:51:05.126 [commons-pool-evictor] INFO  o.a.kafka.common.metrics.Metrics - Metrics reporters closed
2025-12-10 00:51:05.128 [commons-pool-evictor] INFO  o.a.kafka.common.utils.AppInfoParser - App info kafka.consumer for consumer-spark-kafka-source-43fffd83-d95f-4bf0-b9df-74d6a29c4095-1616614700-executor-68 unregistered
2025-12-10 00:51:05.129 [commons-pool-evictor] INFO  o.a.k.c.c.i.ConsumerCoordinator - [Consumer clientId=consumer-spark-kafka-source-43fffd83-d95f-4bf0-b9df-74d6a29c4095-1616614700-executor-69, groupId=spark-kafka-source-43fffd83-d95f-4bf0-b9df-74d6a29c4095-1616614700-executor] Resetting generation and member id due to: consumer pro-actively leaving the group
2025-12-10 00:51:05.129 [commons-pool-evictor] INFO  o.a.k.c.c.i.ConsumerCoordinator - [Consumer clientId=consumer-spark-kafka-source-43fffd83-d95f-4bf0-b9df-74d6a29c4095-1616614700-executor-69, groupId=spark-kafka-source-43fffd83-d95f-4bf0-b9df-74d6a29c4095-1616614700-executor] Request joining group due to: consumer pro-actively leaving the group
2025-12-10 00:51:05.139 [commons-pool-evictor] INFO  o.a.kafka.common.metrics.Metrics - Metrics scheduler closed
2025-12-10 00:51:05.139 [commons-pool-evictor] INFO  o.a.kafka.common.metrics.Metrics - Closing reporter org.apache.kafka.common.metrics.JmxReporter
2025-12-10 00:51:05.139 [commons-pool-evictor] INFO  o.a.kafka.common.metrics.Metrics - Closing reporter org.apache.kafka.common.telemetry.internals.ClientTelemetryReporter
2025-12-10 00:51:05.139 [commons-pool-evictor] INFO  o.a.kafka.common.metrics.Metrics - Metrics reporters closed
2025-12-10 00:51:05.148 [commons-pool-evictor] INFO  o.a.kafka.common.utils.AppInfoParser - App info kafka.consumer for consumer-spark-kafka-source-43fffd83-d95f-4bf0-b9df-74d6a29c4095-1616614700-executor-69 unregistered
2025-12-10 00:54:21.344 [kafka-admin-client-thread | adminclient-1] INFO  o.apache.kafka.clients.NetworkClient - [AdminClient clientId=adminclient-1] Node 0 disconnected.
2025-12-10 00:54:21.357 [kafka-admin-client-thread | adminclient-1] INFO  o.apache.kafka.clients.NetworkClient - [AdminClient clientId=adminclient-1] Node 1 disconnected.
2025-12-10 00:59:21.370 [kafka-admin-client-thread | adminclient-1] INFO  o.apache.kafka.clients.NetworkClient - [AdminClient clientId=adminclient-1] Node 2 disconnected.
2025-12-10 01:00:06.543 [Executor task launch worker for task 0.0 in stage 27.0 (TID 81)] INFO  o.a.k.c.consumer.ConsumerConfig - ConsumerConfig values: 
	allow.auto.create.topics = true
	auto.commit.interval.ms = 5000
	auto.include.jmx.reporter = true
	auto.offset.reset = none
	bootstrap.servers = [localhost:9092]
	check.crcs = true
	client.dns.lookup = use_all_dns_ips
	client.id = consumer-spark-kafka-source-43fffd83-d95f-4bf0-b9df-74d6a29c4095-1616614700-executor-71
	client.rack = 
	connections.max.idle.ms = 540000
	default.api.timeout.ms = 60000
	enable.auto.commit = false
	enable.metrics.push = true
	exclude.internal.topics = true
	fetch.max.bytes = 52428800
	fetch.max.wait.ms = 500
	fetch.min.bytes = 1
	group.id = spark-kafka-source-43fffd83-d95f-4bf0-b9df-74d6a29c4095-1616614700-executor
	group.instance.id = null
	group.protocol = classic
	group.remote.assignor = null
	heartbeat.interval.ms = 3000
	interceptor.classes = []
	internal.leave.group.on.close = true
	internal.throw.on.fetch.stable.offset.unsupported = false
	isolation.level = read_uncommitted
	key.deserializer = class org.apache.kafka.common.serialization.ByteArrayDeserializer
	max.partition.fetch.bytes = 1048576
	max.poll.interval.ms = 300000
	max.poll.records = 500
	metadata.max.age.ms = 300000
	metric.reporters = []
	metrics.num.samples = 2
	metrics.recording.level = INFO
	metrics.sample.window.ms = 30000
	partition.assignment.strategy = [class org.apache.kafka.clients.consumer.RangeAssignor, class org.apache.kafka.clients.consumer.CooperativeStickyAssignor]
	receive.buffer.bytes = 65536
	reconnect.backoff.max.ms = 1000
	reconnect.backoff.ms = 50
	request.timeout.ms = 30000
	retry.backoff.max.ms = 1000
	retry.backoff.ms = 100
	sasl.client.callback.handler.class = null
	sasl.jaas.config = null
	sasl.kerberos.kinit.cmd = /usr/bin/kinit
	sasl.kerberos.min.time.before.relogin = 60000
	sasl.kerberos.service.name = null
	sasl.kerberos.ticket.renew.jitter = 0.05
	sasl.kerberos.ticket.renew.window.factor = 0.8
	sasl.login.callback.handler.class = null
	sasl.login.class = null
	sasl.login.connect.timeout.ms = null
	sasl.login.read.timeout.ms = null
	sasl.login.refresh.buffer.seconds = 300
	sasl.login.refresh.min.period.seconds = 60
	sasl.login.refresh.window.factor = 0.8
	sasl.login.refresh.window.jitter = 0.05
	sasl.login.retry.backoff.max.ms = 10000
	sasl.login.retry.backoff.ms = 100
	sasl.mechanism = GSSAPI
	sasl.oauthbearer.clock.skew.seconds = 30
	sasl.oauthbearer.expected.audience = null
	sasl.oauthbearer.expected.issuer = null
	sasl.oauthbearer.jwks.endpoint.refresh.ms = 3600000
	sasl.oauthbearer.jwks.endpoint.retry.backoff.max.ms = 10000
	sasl.oauthbearer.jwks.endpoint.retry.backoff.ms = 100
	sasl.oauthbearer.jwks.endpoint.url = null
	sasl.oauthbearer.scope.claim.name = scope
	sasl.oauthbearer.sub.claim.name = sub
	sasl.oauthbearer.token.endpoint.url = null
	security.protocol = PLAINTEXT
	security.providers = null
	send.buffer.bytes = 131072
	session.timeout.ms = 45000
	socket.connection.setup.timeout.max.ms = 30000
	socket.connection.setup.timeout.ms = 10000
	ssl.cipher.suites = null
	ssl.enabled.protocols = [TLSv1.2, TLSv1.3]
	ssl.endpoint.identification.algorithm = https
	ssl.engine.factory.class = null
	ssl.key.password = null
	ssl.keymanager.algorithm = SunX509
	ssl.keystore.certificate.chain = null
	ssl.keystore.key = null
	ssl.keystore.location = null
	ssl.keystore.password = null
	ssl.keystore.type = JKS
	ssl.protocol = TLSv1.3
	ssl.provider = null
	ssl.secure.random.implementation = null
	ssl.trustmanager.algorithm = PKIX
	ssl.truststore.certificates = null
	ssl.truststore.location = null
	ssl.truststore.password = null
	ssl.truststore.type = JKS
	value.deserializer = class org.apache.kafka.common.serialization.ByteArrayDeserializer

2025-12-10 01:00:06.543 [Executor task launch worker for task 2.0 in stage 27.0 (TID 83)] INFO  o.a.k.c.consumer.ConsumerConfig - ConsumerConfig values: 
	allow.auto.create.topics = true
	auto.commit.interval.ms = 5000
	auto.include.jmx.reporter = true
	auto.offset.reset = none
	bootstrap.servers = [localhost:9092]
	check.crcs = true
	client.dns.lookup = use_all_dns_ips
	client.id = consumer-spark-kafka-source-43fffd83-d95f-4bf0-b9df-74d6a29c4095-1616614700-executor-72
	client.rack = 
	connections.max.idle.ms = 540000
	default.api.timeout.ms = 60000
	enable.auto.commit = false
	enable.metrics.push = true
	exclude.internal.topics = true
	fetch.max.bytes = 52428800
	fetch.max.wait.ms = 500
	fetch.min.bytes = 1
	group.id = spark-kafka-source-43fffd83-d95f-4bf0-b9df-74d6a29c4095-1616614700-executor
	group.instance.id = null
	group.protocol = classic
	group.remote.assignor = null
	heartbeat.interval.ms = 3000
	interceptor.classes = []
	internal.leave.group.on.close = true
	internal.throw.on.fetch.stable.offset.unsupported = false
	isolation.level = read_uncommitted
	key.deserializer = class org.apache.kafka.common.serialization.ByteArrayDeserializer
	max.partition.fetch.bytes = 1048576
	max.poll.interval.ms = 300000
	max.poll.records = 500
	metadata.max.age.ms = 300000
	metric.reporters = []
	metrics.num.samples = 2
	metrics.recording.level = INFO
	metrics.sample.window.ms = 30000
	partition.assignment.strategy = [class org.apache.kafka.clients.consumer.RangeAssignor, class org.apache.kafka.clients.consumer.CooperativeStickyAssignor]
	receive.buffer.bytes = 65536
	reconnect.backoff.max.ms = 1000
	reconnect.backoff.ms = 50
	request.timeout.ms = 30000
	retry.backoff.max.ms = 1000
	retry.backoff.ms = 100
	sasl.client.callback.handler.class = null
	sasl.jaas.config = null
	sasl.kerberos.kinit.cmd = /usr/bin/kinit
	sasl.kerberos.min.time.before.relogin = 60000
	sasl.kerberos.service.name = null
	sasl.kerberos.ticket.renew.jitter = 0.05
	sasl.kerberos.ticket.renew.window.factor = 0.8
	sasl.login.callback.handler.class = null
	sasl.login.class = null
	sasl.login.connect.timeout.ms = null
	sasl.login.read.timeout.ms = null
	sasl.login.refresh.buffer.seconds = 300
	sasl.login.refresh.min.period.seconds = 60
	sasl.login.refresh.window.factor = 0.8
	sasl.login.refresh.window.jitter = 0.05
	sasl.login.retry.backoff.max.ms = 10000
	sasl.login.retry.backoff.ms = 100
	sasl.mechanism = GSSAPI
	sasl.oauthbearer.clock.skew.seconds = 30
	sasl.oauthbearer.expected.audience = null
	sasl.oauthbearer.expected.issuer = null
	sasl.oauthbearer.jwks.endpoint.refresh.ms = 3600000
	sasl.oauthbearer.jwks.endpoint.retry.backoff.max.ms = 10000
	sasl.oauthbearer.jwks.endpoint.retry.backoff.ms = 100
	sasl.oauthbearer.jwks.endpoint.url = null
	sasl.oauthbearer.scope.claim.name = scope
	sasl.oauthbearer.sub.claim.name = sub
	sasl.oauthbearer.token.endpoint.url = null
	security.protocol = PLAINTEXT
	security.providers = null
	send.buffer.bytes = 131072
	session.timeout.ms = 45000
	socket.connection.setup.timeout.max.ms = 30000
	socket.connection.setup.timeout.ms = 10000
	ssl.cipher.suites = null
	ssl.enabled.protocols = [TLSv1.2, TLSv1.3]
	ssl.endpoint.identification.algorithm = https
	ssl.engine.factory.class = null
	ssl.key.password = null
	ssl.keymanager.algorithm = SunX509
	ssl.keystore.certificate.chain = null
	ssl.keystore.key = null
	ssl.keystore.location = null
	ssl.keystore.password = null
	ssl.keystore.type = JKS
	ssl.protocol = TLSv1.3
	ssl.provider = null
	ssl.secure.random.implementation = null
	ssl.trustmanager.algorithm = PKIX
	ssl.truststore.certificates = null
	ssl.truststore.location = null
	ssl.truststore.password = null
	ssl.truststore.type = JKS
	value.deserializer = class org.apache.kafka.common.serialization.ByteArrayDeserializer

2025-12-10 01:00:06.543 [Executor task launch worker for task 1.0 in stage 27.0 (TID 82)] INFO  o.a.k.c.consumer.ConsumerConfig - ConsumerConfig values: 
	allow.auto.create.topics = true
	auto.commit.interval.ms = 5000
	auto.include.jmx.reporter = true
	auto.offset.reset = none
	bootstrap.servers = [localhost:9092]
	check.crcs = true
	client.dns.lookup = use_all_dns_ips
	client.id = consumer-spark-kafka-source-43fffd83-d95f-4bf0-b9df-74d6a29c4095-1616614700-executor-70
	client.rack = 
	connections.max.idle.ms = 540000
	default.api.timeout.ms = 60000
	enable.auto.commit = false
	enable.metrics.push = true
	exclude.internal.topics = true
	fetch.max.bytes = 52428800
	fetch.max.wait.ms = 500
	fetch.min.bytes = 1
	group.id = spark-kafka-source-43fffd83-d95f-4bf0-b9df-74d6a29c4095-1616614700-executor
	group.instance.id = null
	group.protocol = classic
	group.remote.assignor = null
	heartbeat.interval.ms = 3000
	interceptor.classes = []
	internal.leave.group.on.close = true
	internal.throw.on.fetch.stable.offset.unsupported = false
	isolation.level = read_uncommitted
	key.deserializer = class org.apache.kafka.common.serialization.ByteArrayDeserializer
	max.partition.fetch.bytes = 1048576
	max.poll.interval.ms = 300000
	max.poll.records = 500
	metadata.max.age.ms = 300000
	metric.reporters = []
	metrics.num.samples = 2
	metrics.recording.level = INFO
	metrics.sample.window.ms = 30000
	partition.assignment.strategy = [class org.apache.kafka.clients.consumer.RangeAssignor, class org.apache.kafka.clients.consumer.CooperativeStickyAssignor]
	receive.buffer.bytes = 65536
	reconnect.backoff.max.ms = 1000
	reconnect.backoff.ms = 50
	request.timeout.ms = 30000
	retry.backoff.max.ms = 1000
	retry.backoff.ms = 100
	sasl.client.callback.handler.class = null
	sasl.jaas.config = null
	sasl.kerberos.kinit.cmd = /usr/bin/kinit
	sasl.kerberos.min.time.before.relogin = 60000
	sasl.kerberos.service.name = null
	sasl.kerberos.ticket.renew.jitter = 0.05
	sasl.kerberos.ticket.renew.window.factor = 0.8
	sasl.login.callback.handler.class = null
	sasl.login.class = null
	sasl.login.connect.timeout.ms = null
	sasl.login.read.timeout.ms = null
	sasl.login.refresh.buffer.seconds = 300
	sasl.login.refresh.min.period.seconds = 60
	sasl.login.refresh.window.factor = 0.8
	sasl.login.refresh.window.jitter = 0.05
	sasl.login.retry.backoff.max.ms = 10000
	sasl.login.retry.backoff.ms = 100
	sasl.mechanism = GSSAPI
	sasl.oauthbearer.clock.skew.seconds = 30
	sasl.oauthbearer.expected.audience = null
	sasl.oauthbearer.expected.issuer = null
	sasl.oauthbearer.jwks.endpoint.refresh.ms = 3600000
	sasl.oauthbearer.jwks.endpoint.retry.backoff.max.ms = 10000
	sasl.oauthbearer.jwks.endpoint.retry.backoff.ms = 100
	sasl.oauthbearer.jwks.endpoint.url = null
	sasl.oauthbearer.scope.claim.name = scope
	sasl.oauthbearer.sub.claim.name = sub
	sasl.oauthbearer.token.endpoint.url = null
	security.protocol = PLAINTEXT
	security.providers = null
	send.buffer.bytes = 131072
	session.timeout.ms = 45000
	socket.connection.setup.timeout.max.ms = 30000
	socket.connection.setup.timeout.ms = 10000
	ssl.cipher.suites = null
	ssl.enabled.protocols = [TLSv1.2, TLSv1.3]
	ssl.endpoint.identification.algorithm = https
	ssl.engine.factory.class = null
	ssl.key.password = null
	ssl.keymanager.algorithm = SunX509
	ssl.keystore.certificate.chain = null
	ssl.keystore.key = null
	ssl.keystore.location = null
	ssl.keystore.password = null
	ssl.keystore.type = JKS
	ssl.protocol = TLSv1.3
	ssl.provider = null
	ssl.secure.random.implementation = null
	ssl.trustmanager.algorithm = PKIX
	ssl.truststore.certificates = null
	ssl.truststore.location = null
	ssl.truststore.password = null
	ssl.truststore.type = JKS
	value.deserializer = class org.apache.kafka.common.serialization.ByteArrayDeserializer

2025-12-10 01:00:06.547 [Executor task launch worker for task 0.0 in stage 27.0 (TID 81)] INFO  o.a.k.c.t.i.KafkaMetricsCollector - initializing Kafka metrics collector
2025-12-10 01:00:06.548 [Executor task launch worker for task 2.0 in stage 27.0 (TID 83)] INFO  o.a.k.c.t.i.KafkaMetricsCollector - initializing Kafka metrics collector
2025-12-10 01:00:06.549 [Executor task launch worker for task 1.0 in stage 27.0 (TID 82)] INFO  o.a.k.c.t.i.KafkaMetricsCollector - initializing Kafka metrics collector
2025-12-10 01:00:06.553 [Executor task launch worker for task 2.0 in stage 27.0 (TID 83)] INFO  o.a.kafka.common.utils.AppInfoParser - Kafka version: 3.7.0
2025-12-10 01:00:06.553 [Executor task launch worker for task 2.0 in stage 27.0 (TID 83)] INFO  o.a.kafka.common.utils.AppInfoParser - Kafka commitId: 2ae524ed625438c5
2025-12-10 01:00:06.554 [Executor task launch worker for task 2.0 in stage 27.0 (TID 83)] INFO  o.a.kafka.common.utils.AppInfoParser - Kafka startTimeMs: 1765308606553
2025-12-10 01:00:06.554 [Executor task launch worker for task 1.0 in stage 27.0 (TID 82)] INFO  o.a.kafka.common.utils.AppInfoParser - Kafka version: 3.7.0
2025-12-10 01:00:06.554 [Executor task launch worker for task 2.0 in stage 27.0 (TID 83)] INFO  o.a.k.c.c.i.LegacyKafkaConsumer - [Consumer clientId=consumer-spark-kafka-source-43fffd83-d95f-4bf0-b9df-74d6a29c4095-1616614700-executor-72, groupId=spark-kafka-source-43fffd83-d95f-4bf0-b9df-74d6a29c4095-1616614700-executor] Assigned to partition(s): customer_events-2
2025-12-10 01:00:06.554 [Executor task launch worker for task 1.0 in stage 27.0 (TID 82)] INFO  o.a.kafka.common.utils.AppInfoParser - Kafka commitId: 2ae524ed625438c5
2025-12-10 01:00:06.554 [Executor task launch worker for task 1.0 in stage 27.0 (TID 82)] INFO  o.a.kafka.common.utils.AppInfoParser - Kafka startTimeMs: 1765308606553
2025-12-10 01:00:06.554 [Executor task launch worker for task 2.0 in stage 27.0 (TID 83)] INFO  o.a.k.c.c.i.LegacyKafkaConsumer - [Consumer clientId=consumer-spark-kafka-source-43fffd83-d95f-4bf0-b9df-74d6a29c4095-1616614700-executor-72, groupId=spark-kafka-source-43fffd83-d95f-4bf0-b9df-74d6a29c4095-1616614700-executor] Seeking to offset 66784 for partition customer_events-2
2025-12-10 01:00:06.554 [Executor task launch worker for task 1.0 in stage 27.0 (TID 82)] INFO  o.a.k.c.c.i.LegacyKafkaConsumer - [Consumer clientId=consumer-spark-kafka-source-43fffd83-d95f-4bf0-b9df-74d6a29c4095-1616614700-executor-70, groupId=spark-kafka-source-43fffd83-d95f-4bf0-b9df-74d6a29c4095-1616614700-executor] Assigned to partition(s): customer_events-0
2025-12-10 01:00:06.554 [Executor task launch worker for task 0.0 in stage 27.0 (TID 81)] INFO  o.a.kafka.common.utils.AppInfoParser - Kafka version: 3.7.0
2025-12-10 01:00:06.554 [Executor task launch worker for task 1.0 in stage 27.0 (TID 82)] INFO  o.a.k.c.c.i.LegacyKafkaConsumer - [Consumer clientId=consumer-spark-kafka-source-43fffd83-d95f-4bf0-b9df-74d6a29c4095-1616614700-executor-70, groupId=spark-kafka-source-43fffd83-d95f-4bf0-b9df-74d6a29c4095-1616614700-executor] Seeking to offset 67357 for partition customer_events-0
2025-12-10 01:00:06.554 [Executor task launch worker for task 0.0 in stage 27.0 (TID 81)] INFO  o.a.kafka.common.utils.AppInfoParser - Kafka commitId: 2ae524ed625438c5
2025-12-10 01:00:06.555 [Executor task launch worker for task 0.0 in stage 27.0 (TID 81)] INFO  o.a.kafka.common.utils.AppInfoParser - Kafka startTimeMs: 1765308606553
2025-12-10 01:00:06.555 [Executor task launch worker for task 0.0 in stage 27.0 (TID 81)] INFO  o.a.k.c.c.i.LegacyKafkaConsumer - [Consumer clientId=consumer-spark-kafka-source-43fffd83-d95f-4bf0-b9df-74d6a29c4095-1616614700-executor-71, groupId=spark-kafka-source-43fffd83-d95f-4bf0-b9df-74d6a29c4095-1616614700-executor] Assigned to partition(s): customer_events-1
2025-12-10 01:00:06.555 [Executor task launch worker for task 0.0 in stage 27.0 (TID 81)] INFO  o.a.k.c.c.i.LegacyKafkaConsumer - [Consumer clientId=consumer-spark-kafka-source-43fffd83-d95f-4bf0-b9df-74d6a29c4095-1616614700-executor-71, groupId=spark-kafka-source-43fffd83-d95f-4bf0-b9df-74d6a29c4095-1616614700-executor] Seeking to offset 67503 for partition customer_events-1
2025-12-10 01:00:06.559 [Executor task launch worker for task 2.0 in stage 27.0 (TID 83)] INFO  org.apache.kafka.clients.Metadata - [Consumer clientId=consumer-spark-kafka-source-43fffd83-d95f-4bf0-b9df-74d6a29c4095-1616614700-executor-72, groupId=spark-kafka-source-43fffd83-d95f-4bf0-b9df-74d6a29c4095-1616614700-executor] Cluster ID: utc3eCJxTsah_zGClk2_uQ
2025-12-10 01:00:06.559 [Executor task launch worker for task 0.0 in stage 27.0 (TID 81)] INFO  org.apache.kafka.clients.Metadata - [Consumer clientId=consumer-spark-kafka-source-43fffd83-d95f-4bf0-b9df-74d6a29c4095-1616614700-executor-71, groupId=spark-kafka-source-43fffd83-d95f-4bf0-b9df-74d6a29c4095-1616614700-executor] Cluster ID: utc3eCJxTsah_zGClk2_uQ
2025-12-10 01:00:06.559 [Executor task launch worker for task 1.0 in stage 27.0 (TID 82)] INFO  org.apache.kafka.clients.Metadata - [Consumer clientId=consumer-spark-kafka-source-43fffd83-d95f-4bf0-b9df-74d6a29c4095-1616614700-executor-70, groupId=spark-kafka-source-43fffd83-d95f-4bf0-b9df-74d6a29c4095-1616614700-executor] Cluster ID: utc3eCJxTsah_zGClk2_uQ
2025-12-10 01:00:06.567 [Executor task launch worker for task 1.0 in stage 27.0 (TID 82)] INFO  o.a.k.c.c.i.SubscriptionState - [Consumer clientId=consumer-spark-kafka-source-43fffd83-d95f-4bf0-b9df-74d6a29c4095-1616614700-executor-70, groupId=spark-kafka-source-43fffd83-d95f-4bf0-b9df-74d6a29c4095-1616614700-executor] Seeking to earliest offset of partition customer_events-0
2025-12-10 01:00:06.568 [Executor task launch worker for task 0.0 in stage 27.0 (TID 81)] INFO  o.a.k.c.c.i.SubscriptionState - [Consumer clientId=consumer-spark-kafka-source-43fffd83-d95f-4bf0-b9df-74d6a29c4095-1616614700-executor-71, groupId=spark-kafka-source-43fffd83-d95f-4bf0-b9df-74d6a29c4095-1616614700-executor] Seeking to earliest offset of partition customer_events-1
2025-12-10 01:00:06.568 [Executor task launch worker for task 2.0 in stage 27.0 (TID 83)] INFO  o.a.k.c.c.i.SubscriptionState - [Consumer clientId=consumer-spark-kafka-source-43fffd83-d95f-4bf0-b9df-74d6a29c4095-1616614700-executor-72, groupId=spark-kafka-source-43fffd83-d95f-4bf0-b9df-74d6a29c4095-1616614700-executor] Seeking to earliest offset of partition customer_events-2
2025-12-10 01:00:06.569 [Executor task launch worker for task 1.0 in stage 27.0 (TID 82)] INFO  o.a.k.c.c.i.SubscriptionState - [Consumer clientId=consumer-spark-kafka-source-43fffd83-d95f-4bf0-b9df-74d6a29c4095-1616614700-executor-70, groupId=spark-kafka-source-43fffd83-d95f-4bf0-b9df-74d6a29c4095-1616614700-executor] Resetting offset for partition customer_events-0 to position FetchPosition{offset=0, offsetEpoch=Optional.empty, currentLeader=LeaderAndEpoch{leader=Optional[localhost:9092 (id: 0 rack: null)], epoch=0}}.
2025-12-10 01:00:06.569 [Executor task launch worker for task 1.0 in stage 27.0 (TID 82)] INFO  o.a.k.c.c.i.SubscriptionState - [Consumer clientId=consumer-spark-kafka-source-43fffd83-d95f-4bf0-b9df-74d6a29c4095-1616614700-executor-70, groupId=spark-kafka-source-43fffd83-d95f-4bf0-b9df-74d6a29c4095-1616614700-executor] Seeking to latest offset of partition customer_events-0
2025-12-10 01:00:06.569 [Executor task launch worker for task 1.0 in stage 27.0 (TID 82)] INFO  o.a.k.c.c.i.SubscriptionState - [Consumer clientId=consumer-spark-kafka-source-43fffd83-d95f-4bf0-b9df-74d6a29c4095-1616614700-executor-70, groupId=spark-kafka-source-43fffd83-d95f-4bf0-b9df-74d6a29c4095-1616614700-executor] Resetting offset for partition customer_events-0 to position FetchPosition{offset=70426, offsetEpoch=Optional.empty, currentLeader=LeaderAndEpoch{leader=Optional[localhost:9092 (id: 0 rack: null)], epoch=0}}.
2025-12-10 01:00:06.570 [Executor task launch worker for task 2.0 in stage 27.0 (TID 83)] INFO  o.a.k.c.c.i.SubscriptionState - [Consumer clientId=consumer-spark-kafka-source-43fffd83-d95f-4bf0-b9df-74d6a29c4095-1616614700-executor-72, groupId=spark-kafka-source-43fffd83-d95f-4bf0-b9df-74d6a29c4095-1616614700-executor] Resetting offset for partition customer_events-2 to position FetchPosition{offset=0, offsetEpoch=Optional.empty, currentLeader=LeaderAndEpoch{leader=Optional[localhost:9093 (id: 1 rack: null)], epoch=0}}.
2025-12-10 01:00:06.571 [Executor task launch worker for task 2.0 in stage 27.0 (TID 83)] INFO  o.a.k.c.c.i.SubscriptionState - [Consumer clientId=consumer-spark-kafka-source-43fffd83-d95f-4bf0-b9df-74d6a29c4095-1616614700-executor-72, groupId=spark-kafka-source-43fffd83-d95f-4bf0-b9df-74d6a29c4095-1616614700-executor] Seeking to latest offset of partition customer_events-2
2025-12-10 01:00:06.572 [Executor task launch worker for task 2.0 in stage 27.0 (TID 83)] INFO  o.a.k.c.c.i.SubscriptionState - [Consumer clientId=consumer-spark-kafka-source-43fffd83-d95f-4bf0-b9df-74d6a29c4095-1616614700-executor-72, groupId=spark-kafka-source-43fffd83-d95f-4bf0-b9df-74d6a29c4095-1616614700-executor] Resetting offset for partition customer_events-2 to position FetchPosition{offset=69782, offsetEpoch=Optional.empty, currentLeader=LeaderAndEpoch{leader=Optional[localhost:9093 (id: 1 rack: null)], epoch=0}}.
2025-12-10 01:00:06.572 [Executor task launch worker for task 0.0 in stage 27.0 (TID 81)] INFO  o.a.k.c.c.i.SubscriptionState - [Consumer clientId=consumer-spark-kafka-source-43fffd83-d95f-4bf0-b9df-74d6a29c4095-1616614700-executor-71, groupId=spark-kafka-source-43fffd83-d95f-4bf0-b9df-74d6a29c4095-1616614700-executor] Resetting offset for partition customer_events-1 to position FetchPosition{offset=0, offsetEpoch=Optional.empty, currentLeader=LeaderAndEpoch{leader=Optional[localhost:9094 (id: 2 rack: null)], epoch=0}}.
2025-12-10 01:00:06.572 [Executor task launch worker for task 0.0 in stage 27.0 (TID 81)] INFO  o.a.k.c.c.i.SubscriptionState - [Consumer clientId=consumer-spark-kafka-source-43fffd83-d95f-4bf0-b9df-74d6a29c4095-1616614700-executor-71, groupId=spark-kafka-source-43fffd83-d95f-4bf0-b9df-74d6a29c4095-1616614700-executor] Seeking to latest offset of partition customer_events-1
2025-12-10 01:00:06.573 [Executor task launch worker for task 0.0 in stage 27.0 (TID 81)] INFO  o.a.k.c.c.i.SubscriptionState - [Consumer clientId=consumer-spark-kafka-source-43fffd83-d95f-4bf0-b9df-74d6a29c4095-1616614700-executor-71, groupId=spark-kafka-source-43fffd83-d95f-4bf0-b9df-74d6a29c4095-1616614700-executor] Resetting offset for partition customer_events-1 to position FetchPosition{offset=70502, offsetEpoch=Optional.empty, currentLeader=LeaderAndEpoch{leader=Optional[localhost:9094 (id: 2 rack: null)], epoch=0}}.
2025-12-10 01:00:06.578 [Executor task launch worker for task 2.0 in stage 27.0 (TID 83)] INFO  o.a.k.c.c.i.LegacyKafkaConsumer - [Consumer clientId=consumer-spark-kafka-source-43fffd83-d95f-4bf0-b9df-74d6a29c4095-1616614700-executor-72, groupId=spark-kafka-source-43fffd83-d95f-4bf0-b9df-74d6a29c4095-1616614700-executor] Seeking to offset 67284 for partition customer_events-2
2025-12-10 01:00:06.578 [Executor task launch worker for task 0.0 in stage 27.0 (TID 81)] INFO  o.a.k.c.c.i.LegacyKafkaConsumer - [Consumer clientId=consumer-spark-kafka-source-43fffd83-d95f-4bf0-b9df-74d6a29c4095-1616614700-executor-71, groupId=spark-kafka-source-43fffd83-d95f-4bf0-b9df-74d6a29c4095-1616614700-executor] Seeking to offset 68003 for partition customer_events-1
2025-12-10 01:00:06.579 [Executor task launch worker for task 1.0 in stage 27.0 (TID 82)] INFO  o.a.k.c.c.i.LegacyKafkaConsumer - [Consumer clientId=consumer-spark-kafka-source-43fffd83-d95f-4bf0-b9df-74d6a29c4095-1616614700-executor-70, groupId=spark-kafka-source-43fffd83-d95f-4bf0-b9df-74d6a29c4095-1616614700-executor] Seeking to offset 67857 for partition customer_events-0
2025-12-10 01:00:06.579 [Executor task launch worker for task 2.0 in stage 27.0 (TID 83)] INFO  o.a.k.c.c.i.SubscriptionState - [Consumer clientId=consumer-spark-kafka-source-43fffd83-d95f-4bf0-b9df-74d6a29c4095-1616614700-executor-72, groupId=spark-kafka-source-43fffd83-d95f-4bf0-b9df-74d6a29c4095-1616614700-executor] Seeking to earliest offset of partition customer_events-2
2025-12-10 01:00:06.579 [Executor task launch worker for task 0.0 in stage 27.0 (TID 81)] INFO  o.a.k.c.c.i.SubscriptionState - [Consumer clientId=consumer-spark-kafka-source-43fffd83-d95f-4bf0-b9df-74d6a29c4095-1616614700-executor-71, groupId=spark-kafka-source-43fffd83-d95f-4bf0-b9df-74d6a29c4095-1616614700-executor] Seeking to earliest offset of partition customer_events-1
2025-12-10 01:00:06.579 [Executor task launch worker for task 1.0 in stage 27.0 (TID 82)] INFO  o.a.k.c.c.i.SubscriptionState - [Consumer clientId=consumer-spark-kafka-source-43fffd83-d95f-4bf0-b9df-74d6a29c4095-1616614700-executor-70, groupId=spark-kafka-source-43fffd83-d95f-4bf0-b9df-74d6a29c4095-1616614700-executor] Seeking to earliest offset of partition customer_events-0
2025-12-10 01:00:06.579 [Executor task launch worker for task 2.0 in stage 27.0 (TID 83)] INFO  o.a.k.c.c.i.SubscriptionState - [Consumer clientId=consumer-spark-kafka-source-43fffd83-d95f-4bf0-b9df-74d6a29c4095-1616614700-executor-72, groupId=spark-kafka-source-43fffd83-d95f-4bf0-b9df-74d6a29c4095-1616614700-executor] Resetting offset for partition customer_events-2 to position FetchPosition{offset=0, offsetEpoch=Optional.empty, currentLeader=LeaderAndEpoch{leader=Optional[localhost:9093 (id: 1 rack: null)], epoch=0}}.
2025-12-10 01:00:06.579 [Executor task launch worker for task 0.0 in stage 27.0 (TID 81)] INFO  o.a.k.c.c.i.SubscriptionState - [Consumer clientId=consumer-spark-kafka-source-43fffd83-d95f-4bf0-b9df-74d6a29c4095-1616614700-executor-71, groupId=spark-kafka-source-43fffd83-d95f-4bf0-b9df-74d6a29c4095-1616614700-executor] Resetting offset for partition customer_events-1 to position FetchPosition{offset=0, offsetEpoch=Optional.empty, currentLeader=LeaderAndEpoch{leader=Optional[localhost:9094 (id: 2 rack: null)], epoch=0}}.
2025-12-10 01:00:06.579 [Executor task launch worker for task 1.0 in stage 27.0 (TID 82)] INFO  o.a.k.c.c.i.SubscriptionState - [Consumer clientId=consumer-spark-kafka-source-43fffd83-d95f-4bf0-b9df-74d6a29c4095-1616614700-executor-70, groupId=spark-kafka-source-43fffd83-d95f-4bf0-b9df-74d6a29c4095-1616614700-executor] Resetting offset for partition customer_events-0 to position FetchPosition{offset=0, offsetEpoch=Optional.empty, currentLeader=LeaderAndEpoch{leader=Optional[localhost:9092 (id: 0 rack: null)], epoch=0}}.
2025-12-10 01:00:06.579 [Executor task launch worker for task 2.0 in stage 27.0 (TID 83)] INFO  o.a.k.c.c.i.SubscriptionState - [Consumer clientId=consumer-spark-kafka-source-43fffd83-d95f-4bf0-b9df-74d6a29c4095-1616614700-executor-72, groupId=spark-kafka-source-43fffd83-d95f-4bf0-b9df-74d6a29c4095-1616614700-executor] Seeking to latest offset of partition customer_events-2
2025-12-10 01:00:06.580 [Executor task launch worker for task 1.0 in stage 27.0 (TID 82)] INFO  o.a.k.c.c.i.SubscriptionState - [Consumer clientId=consumer-spark-kafka-source-43fffd83-d95f-4bf0-b9df-74d6a29c4095-1616614700-executor-70, groupId=spark-kafka-source-43fffd83-d95f-4bf0-b9df-74d6a29c4095-1616614700-executor] Seeking to latest offset of partition customer_events-0
2025-12-10 01:00:06.579 [Executor task launch worker for task 0.0 in stage 27.0 (TID 81)] INFO  o.a.k.c.c.i.SubscriptionState - [Consumer clientId=consumer-spark-kafka-source-43fffd83-d95f-4bf0-b9df-74d6a29c4095-1616614700-executor-71, groupId=spark-kafka-source-43fffd83-d95f-4bf0-b9df-74d6a29c4095-1616614700-executor] Seeking to latest offset of partition customer_events-1
2025-12-10 01:00:06.580 [Executor task launch worker for task 1.0 in stage 27.0 (TID 82)] INFO  o.a.k.c.c.i.SubscriptionState - [Consumer clientId=consumer-spark-kafka-source-43fffd83-d95f-4bf0-b9df-74d6a29c4095-1616614700-executor-70, groupId=spark-kafka-source-43fffd83-d95f-4bf0-b9df-74d6a29c4095-1616614700-executor] Resetting offset for partition customer_events-0 to position FetchPosition{offset=70426, offsetEpoch=Optional.empty, currentLeader=LeaderAndEpoch{leader=Optional[localhost:9092 (id: 0 rack: null)], epoch=0}}.
2025-12-10 01:00:06.580 [Executor task launch worker for task 2.0 in stage 27.0 (TID 83)] INFO  o.a.k.c.c.i.SubscriptionState - [Consumer clientId=consumer-spark-kafka-source-43fffd83-d95f-4bf0-b9df-74d6a29c4095-1616614700-executor-72, groupId=spark-kafka-source-43fffd83-d95f-4bf0-b9df-74d6a29c4095-1616614700-executor] Resetting offset for partition customer_events-2 to position FetchPosition{offset=69782, offsetEpoch=Optional.empty, currentLeader=LeaderAndEpoch{leader=Optional[localhost:9093 (id: 1 rack: null)], epoch=0}}.
2025-12-10 01:00:06.581 [Executor task launch worker for task 0.0 in stage 27.0 (TID 81)] INFO  o.a.k.c.c.i.SubscriptionState - [Consumer clientId=consumer-spark-kafka-source-43fffd83-d95f-4bf0-b9df-74d6a29c4095-1616614700-executor-71, groupId=spark-kafka-source-43fffd83-d95f-4bf0-b9df-74d6a29c4095-1616614700-executor] Resetting offset for partition customer_events-1 to position FetchPosition{offset=70502, offsetEpoch=Optional.empty, currentLeader=LeaderAndEpoch{leader=Optional[localhost:9094 (id: 2 rack: null)], epoch=0}}.
2025-12-10 01:00:06.583 [Executor task launch worker for task 1.0 in stage 27.0 (TID 82)] INFO  o.a.k.c.c.i.LegacyKafkaConsumer - [Consumer clientId=consumer-spark-kafka-source-43fffd83-d95f-4bf0-b9df-74d6a29c4095-1616614700-executor-70, groupId=spark-kafka-source-43fffd83-d95f-4bf0-b9df-74d6a29c4095-1616614700-executor] Seeking to offset 68357 for partition customer_events-0
2025-12-10 01:00:06.583 [Executor task launch worker for task 2.0 in stage 27.0 (TID 83)] INFO  o.a.k.c.c.i.LegacyKafkaConsumer - [Consumer clientId=consumer-spark-kafka-source-43fffd83-d95f-4bf0-b9df-74d6a29c4095-1616614700-executor-72, groupId=spark-kafka-source-43fffd83-d95f-4bf0-b9df-74d6a29c4095-1616614700-executor] Seeking to offset 67784 for partition customer_events-2
2025-12-10 01:00:06.583 [Executor task launch worker for task 0.0 in stage 27.0 (TID 81)] INFO  o.a.k.c.c.i.LegacyKafkaConsumer - [Consumer clientId=consumer-spark-kafka-source-43fffd83-d95f-4bf0-b9df-74d6a29c4095-1616614700-executor-71, groupId=spark-kafka-source-43fffd83-d95f-4bf0-b9df-74d6a29c4095-1616614700-executor] Seeking to offset 68503 for partition customer_events-1
2025-12-10 01:00:06.584 [Executor task launch worker for task 1.0 in stage 27.0 (TID 82)] INFO  o.a.k.c.c.i.SubscriptionState - [Consumer clientId=consumer-spark-kafka-source-43fffd83-d95f-4bf0-b9df-74d6a29c4095-1616614700-executor-70, groupId=spark-kafka-source-43fffd83-d95f-4bf0-b9df-74d6a29c4095-1616614700-executor] Seeking to earliest offset of partition customer_events-0
2025-12-10 01:00:06.584 [Executor task launch worker for task 2.0 in stage 27.0 (TID 83)] INFO  o.a.k.c.c.i.SubscriptionState - [Consumer clientId=consumer-spark-kafka-source-43fffd83-d95f-4bf0-b9df-74d6a29c4095-1616614700-executor-72, groupId=spark-kafka-source-43fffd83-d95f-4bf0-b9df-74d6a29c4095-1616614700-executor] Seeking to earliest offset of partition customer_events-2
2025-12-10 01:00:06.584 [Executor task launch worker for task 0.0 in stage 27.0 (TID 81)] INFO  o.a.k.c.c.i.SubscriptionState - [Consumer clientId=consumer-spark-kafka-source-43fffd83-d95f-4bf0-b9df-74d6a29c4095-1616614700-executor-71, groupId=spark-kafka-source-43fffd83-d95f-4bf0-b9df-74d6a29c4095-1616614700-executor] Seeking to earliest offset of partition customer_events-1
2025-12-10 01:00:06.584 [Executor task launch worker for task 2.0 in stage 27.0 (TID 83)] INFO  o.a.k.c.c.i.SubscriptionState - [Consumer clientId=consumer-spark-kafka-source-43fffd83-d95f-4bf0-b9df-74d6a29c4095-1616614700-executor-72, groupId=spark-kafka-source-43fffd83-d95f-4bf0-b9df-74d6a29c4095-1616614700-executor] Resetting offset for partition customer_events-2 to position FetchPosition{offset=0, offsetEpoch=Optional.empty, currentLeader=LeaderAndEpoch{leader=Optional[localhost:9093 (id: 1 rack: null)], epoch=0}}.
2025-12-10 01:00:06.584 [Executor task launch worker for task 0.0 in stage 27.0 (TID 81)] INFO  o.a.k.c.c.i.SubscriptionState - [Consumer clientId=consumer-spark-kafka-source-43fffd83-d95f-4bf0-b9df-74d6a29c4095-1616614700-executor-71, groupId=spark-kafka-source-43fffd83-d95f-4bf0-b9df-74d6a29c4095-1616614700-executor] Resetting offset for partition customer_events-1 to position FetchPosition{offset=0, offsetEpoch=Optional.empty, currentLeader=LeaderAndEpoch{leader=Optional[localhost:9094 (id: 2 rack: null)], epoch=0}}.
2025-12-10 01:00:06.584 [Executor task launch worker for task 1.0 in stage 27.0 (TID 82)] INFO  o.a.k.c.c.i.SubscriptionState - [Consumer clientId=consumer-spark-kafka-source-43fffd83-d95f-4bf0-b9df-74d6a29c4095-1616614700-executor-70, groupId=spark-kafka-source-43fffd83-d95f-4bf0-b9df-74d6a29c4095-1616614700-executor] Resetting offset for partition customer_events-0 to position FetchPosition{offset=0, offsetEpoch=Optional.empty, currentLeader=LeaderAndEpoch{leader=Optional[localhost:9092 (id: 0 rack: null)], epoch=0}}.
2025-12-10 01:00:06.584 [Executor task launch worker for task 2.0 in stage 27.0 (TID 83)] INFO  o.a.k.c.c.i.SubscriptionState - [Consumer clientId=consumer-spark-kafka-source-43fffd83-d95f-4bf0-b9df-74d6a29c4095-1616614700-executor-72, groupId=spark-kafka-source-43fffd83-d95f-4bf0-b9df-74d6a29c4095-1616614700-executor] Seeking to latest offset of partition customer_events-2
2025-12-10 01:00:06.584 [Executor task launch worker for task 0.0 in stage 27.0 (TID 81)] INFO  o.a.k.c.c.i.SubscriptionState - [Consumer clientId=consumer-spark-kafka-source-43fffd83-d95f-4bf0-b9df-74d6a29c4095-1616614700-executor-71, groupId=spark-kafka-source-43fffd83-d95f-4bf0-b9df-74d6a29c4095-1616614700-executor] Seeking to latest offset of partition customer_events-1
2025-12-10 01:00:06.584 [Executor task launch worker for task 1.0 in stage 27.0 (TID 82)] INFO  o.a.k.c.c.i.SubscriptionState - [Consumer clientId=consumer-spark-kafka-source-43fffd83-d95f-4bf0-b9df-74d6a29c4095-1616614700-executor-70, groupId=spark-kafka-source-43fffd83-d95f-4bf0-b9df-74d6a29c4095-1616614700-executor] Seeking to latest offset of partition customer_events-0
2025-12-10 01:00:06.585 [Executor task launch worker for task 0.0 in stage 27.0 (TID 81)] INFO  o.a.k.c.c.i.SubscriptionState - [Consumer clientId=consumer-spark-kafka-source-43fffd83-d95f-4bf0-b9df-74d6a29c4095-1616614700-executor-71, groupId=spark-kafka-source-43fffd83-d95f-4bf0-b9df-74d6a29c4095-1616614700-executor] Resetting offset for partition customer_events-1 to position FetchPosition{offset=70502, offsetEpoch=Optional.empty, currentLeader=LeaderAndEpoch{leader=Optional[localhost:9094 (id: 2 rack: null)], epoch=0}}.
2025-12-10 01:00:06.585 [Executor task launch worker for task 2.0 in stage 27.0 (TID 83)] INFO  o.a.k.c.c.i.SubscriptionState - [Consumer clientId=consumer-spark-kafka-source-43fffd83-d95f-4bf0-b9df-74d6a29c4095-1616614700-executor-72, groupId=spark-kafka-source-43fffd83-d95f-4bf0-b9df-74d6a29c4095-1616614700-executor] Resetting offset for partition customer_events-2 to position FetchPosition{offset=69782, offsetEpoch=Optional.empty, currentLeader=LeaderAndEpoch{leader=Optional[localhost:9093 (id: 1 rack: null)], epoch=0}}.
2025-12-10 01:00:06.585 [Executor task launch worker for task 1.0 in stage 27.0 (TID 82)] INFO  o.a.k.c.c.i.SubscriptionState - [Consumer clientId=consumer-spark-kafka-source-43fffd83-d95f-4bf0-b9df-74d6a29c4095-1616614700-executor-70, groupId=spark-kafka-source-43fffd83-d95f-4bf0-b9df-74d6a29c4095-1616614700-executor] Resetting offset for partition customer_events-0 to position FetchPosition{offset=70426, offsetEpoch=Optional.empty, currentLeader=LeaderAndEpoch{leader=Optional[localhost:9092 (id: 0 rack: null)], epoch=0}}.
2025-12-10 01:00:06.586 [Executor task launch worker for task 1.0 in stage 27.0 (TID 82)] INFO  o.a.k.c.c.i.LegacyKafkaConsumer - [Consumer clientId=consumer-spark-kafka-source-43fffd83-d95f-4bf0-b9df-74d6a29c4095-1616614700-executor-70, groupId=spark-kafka-source-43fffd83-d95f-4bf0-b9df-74d6a29c4095-1616614700-executor] Seeking to offset 68857 for partition customer_events-0
2025-12-10 01:00:06.586 [Executor task launch worker for task 1.0 in stage 27.0 (TID 82)] INFO  o.a.k.c.c.i.SubscriptionState - [Consumer clientId=consumer-spark-kafka-source-43fffd83-d95f-4bf0-b9df-74d6a29c4095-1616614700-executor-70, groupId=spark-kafka-source-43fffd83-d95f-4bf0-b9df-74d6a29c4095-1616614700-executor] Seeking to earliest offset of partition customer_events-0
2025-12-10 01:00:06.586 [Executor task launch worker for task 0.0 in stage 27.0 (TID 81)] INFO  o.a.k.c.c.i.LegacyKafkaConsumer - [Consumer clientId=consumer-spark-kafka-source-43fffd83-d95f-4bf0-b9df-74d6a29c4095-1616614700-executor-71, groupId=spark-kafka-source-43fffd83-d95f-4bf0-b9df-74d6a29c4095-1616614700-executor] Seeking to offset 69003 for partition customer_events-1
2025-12-10 01:00:06.586 [Executor task launch worker for task 2.0 in stage 27.0 (TID 83)] INFO  o.a.k.c.c.i.LegacyKafkaConsumer - [Consumer clientId=consumer-spark-kafka-source-43fffd83-d95f-4bf0-b9df-74d6a29c4095-1616614700-executor-72, groupId=spark-kafka-source-43fffd83-d95f-4bf0-b9df-74d6a29c4095-1616614700-executor] Seeking to offset 68284 for partition customer_events-2
2025-12-10 01:00:06.586 [Executor task launch worker for task 0.0 in stage 27.0 (TID 81)] INFO  o.a.k.c.c.i.SubscriptionState - [Consumer clientId=consumer-spark-kafka-source-43fffd83-d95f-4bf0-b9df-74d6a29c4095-1616614700-executor-71, groupId=spark-kafka-source-43fffd83-d95f-4bf0-b9df-74d6a29c4095-1616614700-executor] Seeking to earliest offset of partition customer_events-1
2025-12-10 01:00:06.587 [Executor task launch worker for task 1.0 in stage 27.0 (TID 82)] INFO  o.a.k.c.c.i.SubscriptionState - [Consumer clientId=consumer-spark-kafka-source-43fffd83-d95f-4bf0-b9df-74d6a29c4095-1616614700-executor-70, groupId=spark-kafka-source-43fffd83-d95f-4bf0-b9df-74d6a29c4095-1616614700-executor] Resetting offset for partition customer_events-0 to position FetchPosition{offset=0, offsetEpoch=Optional.empty, currentLeader=LeaderAndEpoch{leader=Optional[localhost:9092 (id: 0 rack: null)], epoch=0}}.
2025-12-10 01:00:06.587 [Executor task launch worker for task 1.0 in stage 27.0 (TID 82)] INFO  o.a.k.c.c.i.SubscriptionState - [Consumer clientId=consumer-spark-kafka-source-43fffd83-d95f-4bf0-b9df-74d6a29c4095-1616614700-executor-70, groupId=spark-kafka-source-43fffd83-d95f-4bf0-b9df-74d6a29c4095-1616614700-executor] Seeking to latest offset of partition customer_events-0
2025-12-10 01:00:06.587 [Executor task launch worker for task 0.0 in stage 27.0 (TID 81)] INFO  o.a.k.c.c.i.SubscriptionState - [Consumer clientId=consumer-spark-kafka-source-43fffd83-d95f-4bf0-b9df-74d6a29c4095-1616614700-executor-71, groupId=spark-kafka-source-43fffd83-d95f-4bf0-b9df-74d6a29c4095-1616614700-executor] Resetting offset for partition customer_events-1 to position FetchPosition{offset=0, offsetEpoch=Optional.empty, currentLeader=LeaderAndEpoch{leader=Optional[localhost:9094 (id: 2 rack: null)], epoch=0}}.
2025-12-10 01:00:06.587 [Executor task launch worker for task 0.0 in stage 27.0 (TID 81)] INFO  o.a.k.c.c.i.SubscriptionState - [Consumer clientId=consumer-spark-kafka-source-43fffd83-d95f-4bf0-b9df-74d6a29c4095-1616614700-executor-71, groupId=spark-kafka-source-43fffd83-d95f-4bf0-b9df-74d6a29c4095-1616614700-executor] Seeking to latest offset of partition customer_events-1
2025-12-10 01:00:06.587 [Executor task launch worker for task 2.0 in stage 27.0 (TID 83)] INFO  o.a.k.c.c.i.SubscriptionState - [Consumer clientId=consumer-spark-kafka-source-43fffd83-d95f-4bf0-b9df-74d6a29c4095-1616614700-executor-72, groupId=spark-kafka-source-43fffd83-d95f-4bf0-b9df-74d6a29c4095-1616614700-executor] Seeking to earliest offset of partition customer_events-2
2025-12-10 01:00:06.587 [Executor task launch worker for task 1.0 in stage 27.0 (TID 82)] INFO  o.a.k.c.c.i.SubscriptionState - [Consumer clientId=consumer-spark-kafka-source-43fffd83-d95f-4bf0-b9df-74d6a29c4095-1616614700-executor-70, groupId=spark-kafka-source-43fffd83-d95f-4bf0-b9df-74d6a29c4095-1616614700-executor] Resetting offset for partition customer_events-0 to position FetchPosition{offset=70426, offsetEpoch=Optional.empty, currentLeader=LeaderAndEpoch{leader=Optional[localhost:9092 (id: 0 rack: null)], epoch=0}}.
2025-12-10 01:00:06.587 [Executor task launch worker for task 0.0 in stage 27.0 (TID 81)] INFO  o.a.k.c.c.i.SubscriptionState - [Consumer clientId=consumer-spark-kafka-source-43fffd83-d95f-4bf0-b9df-74d6a29c4095-1616614700-executor-71, groupId=spark-kafka-source-43fffd83-d95f-4bf0-b9df-74d6a29c4095-1616614700-executor] Resetting offset for partition customer_events-1 to position FetchPosition{offset=70502, offsetEpoch=Optional.empty, currentLeader=LeaderAndEpoch{leader=Optional[localhost:9094 (id: 2 rack: null)], epoch=0}}.
2025-12-10 01:00:06.587 [Executor task launch worker for task 2.0 in stage 27.0 (TID 83)] INFO  o.a.k.c.c.i.SubscriptionState - [Consumer clientId=consumer-spark-kafka-source-43fffd83-d95f-4bf0-b9df-74d6a29c4095-1616614700-executor-72, groupId=spark-kafka-source-43fffd83-d95f-4bf0-b9df-74d6a29c4095-1616614700-executor] Resetting offset for partition customer_events-2 to position FetchPosition{offset=0, offsetEpoch=Optional.empty, currentLeader=LeaderAndEpoch{leader=Optional[localhost:9093 (id: 1 rack: null)], epoch=0}}.
2025-12-10 01:00:06.587 [Executor task launch worker for task 2.0 in stage 27.0 (TID 83)] INFO  o.a.k.c.c.i.SubscriptionState - [Consumer clientId=consumer-spark-kafka-source-43fffd83-d95f-4bf0-b9df-74d6a29c4095-1616614700-executor-72, groupId=spark-kafka-source-43fffd83-d95f-4bf0-b9df-74d6a29c4095-1616614700-executor] Seeking to latest offset of partition customer_events-2
2025-12-10 01:00:06.588 [Executor task launch worker for task 2.0 in stage 27.0 (TID 83)] INFO  o.a.k.c.c.i.SubscriptionState - [Consumer clientId=consumer-spark-kafka-source-43fffd83-d95f-4bf0-b9df-74d6a29c4095-1616614700-executor-72, groupId=spark-kafka-source-43fffd83-d95f-4bf0-b9df-74d6a29c4095-1616614700-executor] Resetting offset for partition customer_events-2 to position FetchPosition{offset=69782, offsetEpoch=Optional.empty, currentLeader=LeaderAndEpoch{leader=Optional[localhost:9093 (id: 1 rack: null)], epoch=0}}.
2025-12-10 01:00:06.588 [Executor task launch worker for task 1.0 in stage 27.0 (TID 82)] INFO  o.a.k.c.c.i.LegacyKafkaConsumer - [Consumer clientId=consumer-spark-kafka-source-43fffd83-d95f-4bf0-b9df-74d6a29c4095-1616614700-executor-70, groupId=spark-kafka-source-43fffd83-d95f-4bf0-b9df-74d6a29c4095-1616614700-executor] Seeking to offset 69357 for partition customer_events-0
2025-12-10 01:00:06.588 [Executor task launch worker for task 0.0 in stage 27.0 (TID 81)] INFO  o.a.k.c.c.i.LegacyKafkaConsumer - [Consumer clientId=consumer-spark-kafka-source-43fffd83-d95f-4bf0-b9df-74d6a29c4095-1616614700-executor-71, groupId=spark-kafka-source-43fffd83-d95f-4bf0-b9df-74d6a29c4095-1616614700-executor] Seeking to offset 69503 for partition customer_events-1
2025-12-10 01:00:06.588 [Executor task launch worker for task 1.0 in stage 27.0 (TID 82)] INFO  o.a.k.c.c.i.SubscriptionState - [Consumer clientId=consumer-spark-kafka-source-43fffd83-d95f-4bf0-b9df-74d6a29c4095-1616614700-executor-70, groupId=spark-kafka-source-43fffd83-d95f-4bf0-b9df-74d6a29c4095-1616614700-executor] Seeking to earliest offset of partition customer_events-0
2025-12-10 01:00:06.588 [Executor task launch worker for task 1.0 in stage 27.0 (TID 82)] INFO  o.a.k.c.c.i.SubscriptionState - [Consumer clientId=consumer-spark-kafka-source-43fffd83-d95f-4bf0-b9df-74d6a29c4095-1616614700-executor-70, groupId=spark-kafka-source-43fffd83-d95f-4bf0-b9df-74d6a29c4095-1616614700-executor] Resetting offset for partition customer_events-0 to position FetchPosition{offset=0, offsetEpoch=Optional.empty, currentLeader=LeaderAndEpoch{leader=Optional[localhost:9092 (id: 0 rack: null)], epoch=0}}.
2025-12-10 01:00:06.589 [Executor task launch worker for task 1.0 in stage 27.0 (TID 82)] INFO  o.a.k.c.c.i.SubscriptionState - [Consumer clientId=consumer-spark-kafka-source-43fffd83-d95f-4bf0-b9df-74d6a29c4095-1616614700-executor-70, groupId=spark-kafka-source-43fffd83-d95f-4bf0-b9df-74d6a29c4095-1616614700-executor] Seeking to latest offset of partition customer_events-0
2025-12-10 01:00:06.589 [Executor task launch worker for task 1.0 in stage 27.0 (TID 82)] INFO  o.a.k.c.c.i.SubscriptionState - [Consumer clientId=consumer-spark-kafka-source-43fffd83-d95f-4bf0-b9df-74d6a29c4095-1616614700-executor-70, groupId=spark-kafka-source-43fffd83-d95f-4bf0-b9df-74d6a29c4095-1616614700-executor] Resetting offset for partition customer_events-0 to position FetchPosition{offset=70426, offsetEpoch=Optional.empty, currentLeader=LeaderAndEpoch{leader=Optional[localhost:9092 (id: 0 rack: null)], epoch=0}}.
2025-12-10 01:00:06.589 [Executor task launch worker for task 0.0 in stage 27.0 (TID 81)] INFO  o.a.k.c.c.i.SubscriptionState - [Consumer clientId=consumer-spark-kafka-source-43fffd83-d95f-4bf0-b9df-74d6a29c4095-1616614700-executor-71, groupId=spark-kafka-source-43fffd83-d95f-4bf0-b9df-74d6a29c4095-1616614700-executor] Seeking to earliest offset of partition customer_events-1
2025-12-10 01:00:06.589 [Executor task launch worker for task 2.0 in stage 27.0 (TID 83)] INFO  o.a.k.c.c.i.LegacyKafkaConsumer - [Consumer clientId=consumer-spark-kafka-source-43fffd83-d95f-4bf0-b9df-74d6a29c4095-1616614700-executor-72, groupId=spark-kafka-source-43fffd83-d95f-4bf0-b9df-74d6a29c4095-1616614700-executor] Seeking to offset 68784 for partition customer_events-2
2025-12-10 01:00:06.589 [Executor task launch worker for task 0.0 in stage 27.0 (TID 81)] INFO  o.a.k.c.c.i.SubscriptionState - [Consumer clientId=consumer-spark-kafka-source-43fffd83-d95f-4bf0-b9df-74d6a29c4095-1616614700-executor-71, groupId=spark-kafka-source-43fffd83-d95f-4bf0-b9df-74d6a29c4095-1616614700-executor] Resetting offset for partition customer_events-1 to position FetchPosition{offset=0, offsetEpoch=Optional.empty, currentLeader=LeaderAndEpoch{leader=Optional[localhost:9094 (id: 2 rack: null)], epoch=0}}.
2025-12-10 01:00:06.589 [Executor task launch worker for task 0.0 in stage 27.0 (TID 81)] INFO  o.a.k.c.c.i.SubscriptionState - [Consumer clientId=consumer-spark-kafka-source-43fffd83-d95f-4bf0-b9df-74d6a29c4095-1616614700-executor-71, groupId=spark-kafka-source-43fffd83-d95f-4bf0-b9df-74d6a29c4095-1616614700-executor] Seeking to latest offset of partition customer_events-1
2025-12-10 01:00:06.589 [Executor task launch worker for task 0.0 in stage 27.0 (TID 81)] INFO  o.a.k.c.c.i.SubscriptionState - [Consumer clientId=consumer-spark-kafka-source-43fffd83-d95f-4bf0-b9df-74d6a29c4095-1616614700-executor-71, groupId=spark-kafka-source-43fffd83-d95f-4bf0-b9df-74d6a29c4095-1616614700-executor] Resetting offset for partition customer_events-1 to position FetchPosition{offset=70502, offsetEpoch=Optional.empty, currentLeader=LeaderAndEpoch{leader=Optional[localhost:9094 (id: 2 rack: null)], epoch=0}}.
2025-12-10 01:00:06.590 [Executor task launch worker for task 0.0 in stage 27.0 (TID 81)] INFO  o.a.k.c.c.i.LegacyKafkaConsumer - [Consumer clientId=consumer-spark-kafka-source-43fffd83-d95f-4bf0-b9df-74d6a29c4095-1616614700-executor-71, groupId=spark-kafka-source-43fffd83-d95f-4bf0-b9df-74d6a29c4095-1616614700-executor] Seeking to offset 70003 for partition customer_events-1
2025-12-10 01:00:06.591 [Executor task launch worker for task 2.0 in stage 27.0 (TID 83)] INFO  o.a.k.c.c.i.SubscriptionState - [Consumer clientId=consumer-spark-kafka-source-43fffd83-d95f-4bf0-b9df-74d6a29c4095-1616614700-executor-72, groupId=spark-kafka-source-43fffd83-d95f-4bf0-b9df-74d6a29c4095-1616614700-executor] Seeking to earliest offset of partition customer_events-2
2025-12-10 01:00:06.591 [Executor task launch worker for task 0.0 in stage 27.0 (TID 81)] INFO  o.a.k.c.c.i.SubscriptionState - [Consumer clientId=consumer-spark-kafka-source-43fffd83-d95f-4bf0-b9df-74d6a29c4095-1616614700-executor-71, groupId=spark-kafka-source-43fffd83-d95f-4bf0-b9df-74d6a29c4095-1616614700-executor] Seeking to earliest offset of partition customer_events-1
2025-12-10 01:00:06.591 [Executor task launch worker for task 1.0 in stage 27.0 (TID 82)] INFO  o.a.k.c.c.i.LegacyKafkaConsumer - [Consumer clientId=consumer-spark-kafka-source-43fffd83-d95f-4bf0-b9df-74d6a29c4095-1616614700-executor-70, groupId=spark-kafka-source-43fffd83-d95f-4bf0-b9df-74d6a29c4095-1616614700-executor] Seeking to offset 69857 for partition customer_events-0
2025-12-10 01:00:06.591 [Executor task launch worker for task 1.0 in stage 27.0 (TID 82)] INFO  o.a.k.c.c.i.SubscriptionState - [Consumer clientId=consumer-spark-kafka-source-43fffd83-d95f-4bf0-b9df-74d6a29c4095-1616614700-executor-70, groupId=spark-kafka-source-43fffd83-d95f-4bf0-b9df-74d6a29c4095-1616614700-executor] Seeking to earliest offset of partition customer_events-0
2025-12-10 01:00:06.591 [Executor task launch worker for task 1.0 in stage 27.0 (TID 82)] INFO  o.a.k.c.c.i.SubscriptionState - [Consumer clientId=consumer-spark-kafka-source-43fffd83-d95f-4bf0-b9df-74d6a29c4095-1616614700-executor-70, groupId=spark-kafka-source-43fffd83-d95f-4bf0-b9df-74d6a29c4095-1616614700-executor] Resetting offset for partition customer_events-0 to position FetchPosition{offset=0, offsetEpoch=Optional.empty, currentLeader=LeaderAndEpoch{leader=Optional[localhost:9092 (id: 0 rack: null)], epoch=0}}.
2025-12-10 01:00:06.591 [Executor task launch worker for task 2.0 in stage 27.0 (TID 83)] INFO  o.a.k.c.c.i.SubscriptionState - [Consumer clientId=consumer-spark-kafka-source-43fffd83-d95f-4bf0-b9df-74d6a29c4095-1616614700-executor-72, groupId=spark-kafka-source-43fffd83-d95f-4bf0-b9df-74d6a29c4095-1616614700-executor] Resetting offset for partition customer_events-2 to position FetchPosition{offset=0, offsetEpoch=Optional.empty, currentLeader=LeaderAndEpoch{leader=Optional[localhost:9093 (id: 1 rack: null)], epoch=0}}.
2025-12-10 01:00:06.591 [Executor task launch worker for task 1.0 in stage 27.0 (TID 82)] INFO  o.a.k.c.c.i.SubscriptionState - [Consumer clientId=consumer-spark-kafka-source-43fffd83-d95f-4bf0-b9df-74d6a29c4095-1616614700-executor-70, groupId=spark-kafka-source-43fffd83-d95f-4bf0-b9df-74d6a29c4095-1616614700-executor] Seeking to latest offset of partition customer_events-0
2025-12-10 01:00:06.592 [Executor task launch worker for task 2.0 in stage 27.0 (TID 83)] INFO  o.a.k.c.c.i.SubscriptionState - [Consumer clientId=consumer-spark-kafka-source-43fffd83-d95f-4bf0-b9df-74d6a29c4095-1616614700-executor-72, groupId=spark-kafka-source-43fffd83-d95f-4bf0-b9df-74d6a29c4095-1616614700-executor] Seeking to latest offset of partition customer_events-2
2025-12-10 01:00:06.592 [Executor task launch worker for task 1.0 in stage 27.0 (TID 82)] INFO  o.a.k.c.c.i.SubscriptionState - [Consumer clientId=consumer-spark-kafka-source-43fffd83-d95f-4bf0-b9df-74d6a29c4095-1616614700-executor-70, groupId=spark-kafka-source-43fffd83-d95f-4bf0-b9df-74d6a29c4095-1616614700-executor] Resetting offset for partition customer_events-0 to position FetchPosition{offset=70426, offsetEpoch=Optional.empty, currentLeader=LeaderAndEpoch{leader=Optional[localhost:9092 (id: 0 rack: null)], epoch=0}}.
2025-12-10 01:00:06.592 [Executor task launch worker for task 2.0 in stage 27.0 (TID 83)] INFO  o.a.k.c.c.i.SubscriptionState - [Consumer clientId=consumer-spark-kafka-source-43fffd83-d95f-4bf0-b9df-74d6a29c4095-1616614700-executor-72, groupId=spark-kafka-source-43fffd83-d95f-4bf0-b9df-74d6a29c4095-1616614700-executor] Resetting offset for partition customer_events-2 to position FetchPosition{offset=69782, offsetEpoch=Optional.empty, currentLeader=LeaderAndEpoch{leader=Optional[localhost:9093 (id: 1 rack: null)], epoch=0}}.
2025-12-10 01:00:06.594 [Executor task launch worker for task 1.0 in stage 27.0 (TID 82)] INFO  o.a.k.c.c.i.LegacyKafkaConsumer - [Consumer clientId=consumer-spark-kafka-source-43fffd83-d95f-4bf0-b9df-74d6a29c4095-1616614700-executor-70, groupId=spark-kafka-source-43fffd83-d95f-4bf0-b9df-74d6a29c4095-1616614700-executor] Seeking to offset 70357 for partition customer_events-0
2025-12-10 01:00:06.594 [Executor task launch worker for task 2.0 in stage 27.0 (TID 83)] INFO  o.a.k.c.c.i.LegacyKafkaConsumer - [Consumer clientId=consumer-spark-kafka-source-43fffd83-d95f-4bf0-b9df-74d6a29c4095-1616614700-executor-72, groupId=spark-kafka-source-43fffd83-d95f-4bf0-b9df-74d6a29c4095-1616614700-executor] Seeking to offset 69284 for partition customer_events-2
2025-12-10 01:00:06.594 [Executor task launch worker for task 1.0 in stage 27.0 (TID 82)] INFO  o.a.k.c.c.i.SubscriptionState - [Consumer clientId=consumer-spark-kafka-source-43fffd83-d95f-4bf0-b9df-74d6a29c4095-1616614700-executor-70, groupId=spark-kafka-source-43fffd83-d95f-4bf0-b9df-74d6a29c4095-1616614700-executor] Seeking to earliest offset of partition customer_events-0
2025-12-10 01:00:06.594 [Executor task launch worker for task 2.0 in stage 27.0 (TID 83)] INFO  o.a.k.c.c.i.SubscriptionState - [Consumer clientId=consumer-spark-kafka-source-43fffd83-d95f-4bf0-b9df-74d6a29c4095-1616614700-executor-72, groupId=spark-kafka-source-43fffd83-d95f-4bf0-b9df-74d6a29c4095-1616614700-executor] Seeking to earliest offset of partition customer_events-2
2025-12-10 01:00:06.647 [Executor task launch worker for task 2.0 in stage 27.0 (TID 83)] INFO  o.a.k.c.c.i.SubscriptionState - [Consumer clientId=consumer-spark-kafka-source-43fffd83-d95f-4bf0-b9df-74d6a29c4095-1616614700-executor-72, groupId=spark-kafka-source-43fffd83-d95f-4bf0-b9df-74d6a29c4095-1616614700-executor] Resetting offset for partition customer_events-2 to position FetchPosition{offset=0, offsetEpoch=Optional.empty, currentLeader=LeaderAndEpoch{leader=Optional[localhost:9093 (id: 1 rack: null)], epoch=0}}.
2025-12-10 01:00:06.648 [Executor task launch worker for task 2.0 in stage 27.0 (TID 83)] INFO  o.a.k.c.c.i.SubscriptionState - [Consumer clientId=consumer-spark-kafka-source-43fffd83-d95f-4bf0-b9df-74d6a29c4095-1616614700-executor-72, groupId=spark-kafka-source-43fffd83-d95f-4bf0-b9df-74d6a29c4095-1616614700-executor] Seeking to latest offset of partition customer_events-2
2025-12-10 01:00:06.648 [Executor task launch worker for task 2.0 in stage 27.0 (TID 83)] INFO  o.a.k.c.c.i.SubscriptionState - [Consumer clientId=consumer-spark-kafka-source-43fffd83-d95f-4bf0-b9df-74d6a29c4095-1616614700-executor-72, groupId=spark-kafka-source-43fffd83-d95f-4bf0-b9df-74d6a29c4095-1616614700-executor] Resetting offset for partition customer_events-2 to position FetchPosition{offset=69783, offsetEpoch=Optional.empty, currentLeader=LeaderAndEpoch{leader=Optional[localhost:9093 (id: 1 rack: null)], epoch=0}}.
2025-12-10 01:00:06.653 [Executor task launch worker for task 2.0 in stage 27.0 (TID 83)] INFO  o.a.parquet.hadoop.codec.CodecConfig - Compression: SNAPPY
2025-12-10 01:00:06.654 [Executor task launch worker for task 2.0 in stage 27.0 (TID 83)] INFO  o.a.parquet.hadoop.codec.CodecConfig - Compression: SNAPPY
2025-12-10 01:00:06.654 [Executor task launch worker for task 2.0 in stage 27.0 (TID 83)] INFO  o.a.p.hadoop.ParquetOutputFormat - ParquetRecordWriter [block size: 134217728b, row group padding size: 8388608b, validating: false]
2025-12-10 01:00:06.746 [Executor task launch worker for task 1.0 in stage 27.0 (TID 82)] INFO  o.a.k.c.c.i.SubscriptionState - [Consumer clientId=consumer-spark-kafka-source-43fffd83-d95f-4bf0-b9df-74d6a29c4095-1616614700-executor-70, groupId=spark-kafka-source-43fffd83-d95f-4bf0-b9df-74d6a29c4095-1616614700-executor] Resetting offset for partition customer_events-0 to position FetchPosition{offset=0, offsetEpoch=Optional.empty, currentLeader=LeaderAndEpoch{leader=Optional[localhost:9092 (id: 0 rack: null)], epoch=0}}.
2025-12-10 01:00:06.747 [Executor task launch worker for task 1.0 in stage 27.0 (TID 82)] INFO  o.a.k.c.c.i.SubscriptionState - [Consumer clientId=consumer-spark-kafka-source-43fffd83-d95f-4bf0-b9df-74d6a29c4095-1616614700-executor-70, groupId=spark-kafka-source-43fffd83-d95f-4bf0-b9df-74d6a29c4095-1616614700-executor] Seeking to latest offset of partition customer_events-0
2025-12-10 01:00:06.747 [Executor task launch worker for task 1.0 in stage 27.0 (TID 82)] INFO  o.a.k.c.c.i.SubscriptionState - [Consumer clientId=consumer-spark-kafka-source-43fffd83-d95f-4bf0-b9df-74d6a29c4095-1616614700-executor-70, groupId=spark-kafka-source-43fffd83-d95f-4bf0-b9df-74d6a29c4095-1616614700-executor] Resetting offset for partition customer_events-0 to position FetchPosition{offset=70427, offsetEpoch=Optional.empty, currentLeader=LeaderAndEpoch{leader=Optional[localhost:9092 (id: 0 rack: null)], epoch=0}}.
2025-12-10 01:00:06.752 [Executor task launch worker for task 1.0 in stage 27.0 (TID 82)] INFO  o.a.parquet.hadoop.codec.CodecConfig - Compression: SNAPPY
2025-12-10 01:00:06.753 [Executor task launch worker for task 1.0 in stage 27.0 (TID 82)] INFO  o.a.parquet.hadoop.codec.CodecConfig - Compression: SNAPPY
2025-12-10 01:00:06.753 [Executor task launch worker for task 1.0 in stage 27.0 (TID 82)] INFO  o.a.p.hadoop.ParquetOutputFormat - ParquetRecordWriter [block size: 134217728b, row group padding size: 8388608b, validating: false]
2025-12-10 01:00:06.948 [Executor task launch worker for task 0.0 in stage 27.0 (TID 81)] INFO  o.a.k.c.c.i.SubscriptionState - [Consumer clientId=consumer-spark-kafka-source-43fffd83-d95f-4bf0-b9df-74d6a29c4095-1616614700-executor-71, groupId=spark-kafka-source-43fffd83-d95f-4bf0-b9df-74d6a29c4095-1616614700-executor] Resetting offset for partition customer_events-1 to position FetchPosition{offset=0, offsetEpoch=Optional.empty, currentLeader=LeaderAndEpoch{leader=Optional[localhost:9094 (id: 2 rack: null)], epoch=0}}.
2025-12-10 01:00:06.948 [Executor task launch worker for task 0.0 in stage 27.0 (TID 81)] INFO  o.a.k.c.c.i.SubscriptionState - [Consumer clientId=consumer-spark-kafka-source-43fffd83-d95f-4bf0-b9df-74d6a29c4095-1616614700-executor-71, groupId=spark-kafka-source-43fffd83-d95f-4bf0-b9df-74d6a29c4095-1616614700-executor] Seeking to latest offset of partition customer_events-1
2025-12-10 01:00:06.948 [Executor task launch worker for task 0.0 in stage 27.0 (TID 81)] INFO  o.a.k.c.c.i.SubscriptionState - [Consumer clientId=consumer-spark-kafka-source-43fffd83-d95f-4bf0-b9df-74d6a29c4095-1616614700-executor-71, groupId=spark-kafka-source-43fffd83-d95f-4bf0-b9df-74d6a29c4095-1616614700-executor] Resetting offset for partition customer_events-1 to position FetchPosition{offset=70503, offsetEpoch=Optional.empty, currentLeader=LeaderAndEpoch{leader=Optional[localhost:9094 (id: 2 rack: null)], epoch=0}}.
2025-12-10 01:00:06.955 [Executor task launch worker for task 0.0 in stage 27.0 (TID 81)] INFO  o.a.parquet.hadoop.codec.CodecConfig - Compression: SNAPPY
2025-12-10 01:00:06.955 [Executor task launch worker for task 0.0 in stage 27.0 (TID 81)] INFO  o.a.parquet.hadoop.codec.CodecConfig - Compression: SNAPPY
2025-12-10 01:00:06.956 [Executor task launch worker for task 0.0 in stage 27.0 (TID 81)] INFO  o.a.p.hadoop.ParquetOutputFormat - ParquetRecordWriter [block size: 134217728b, row group padding size: 8388608b, validating: false]
2025-12-10 01:06:05.249 [commons-pool-evictor] INFO  o.a.k.c.c.i.ConsumerCoordinator - [Consumer clientId=consumer-spark-kafka-source-43fffd83-d95f-4bf0-b9df-74d6a29c4095-1616614700-executor-72, groupId=spark-kafka-source-43fffd83-d95f-4bf0-b9df-74d6a29c4095-1616614700-executor] Resetting generation and member id due to: consumer pro-actively leaving the group
2025-12-10 01:06:05.252 [commons-pool-evictor] INFO  o.a.k.c.c.i.ConsumerCoordinator - [Consumer clientId=consumer-spark-kafka-source-43fffd83-d95f-4bf0-b9df-74d6a29c4095-1616614700-executor-72, groupId=spark-kafka-source-43fffd83-d95f-4bf0-b9df-74d6a29c4095-1616614700-executor] Request joining group due to: consumer pro-actively leaving the group
2025-12-10 01:06:05.267 [commons-pool-evictor] INFO  o.a.kafka.common.metrics.Metrics - Metrics scheduler closed
2025-12-10 01:06:05.267 [commons-pool-evictor] INFO  o.a.kafka.common.metrics.Metrics - Closing reporter org.apache.kafka.common.metrics.JmxReporter
2025-12-10 01:06:05.268 [commons-pool-evictor] INFO  o.a.kafka.common.metrics.Metrics - Closing reporter org.apache.kafka.common.telemetry.internals.ClientTelemetryReporter
2025-12-10 01:06:05.268 [commons-pool-evictor] INFO  o.a.kafka.common.metrics.Metrics - Metrics reporters closed
2025-12-10 01:06:05.270 [commons-pool-evictor] INFO  o.a.kafka.common.utils.AppInfoParser - App info kafka.consumer for consumer-spark-kafka-source-43fffd83-d95f-4bf0-b9df-74d6a29c4095-1616614700-executor-72 unregistered
2025-12-10 01:06:05.271 [commons-pool-evictor] INFO  o.a.k.c.c.i.ConsumerCoordinator - [Consumer clientId=consumer-spark-kafka-source-43fffd83-d95f-4bf0-b9df-74d6a29c4095-1616614700-executor-70, groupId=spark-kafka-source-43fffd83-d95f-4bf0-b9df-74d6a29c4095-1616614700-executor] Resetting generation and member id due to: consumer pro-actively leaving the group
2025-12-10 01:06:05.271 [commons-pool-evictor] INFO  o.a.k.c.c.i.ConsumerCoordinator - [Consumer clientId=consumer-spark-kafka-source-43fffd83-d95f-4bf0-b9df-74d6a29c4095-1616614700-executor-70, groupId=spark-kafka-source-43fffd83-d95f-4bf0-b9df-74d6a29c4095-1616614700-executor] Request joining group due to: consumer pro-actively leaving the group
2025-12-10 01:06:05.274 [commons-pool-evictor] INFO  o.a.kafka.common.metrics.Metrics - Metrics scheduler closed
2025-12-10 01:06:05.274 [commons-pool-evictor] INFO  o.a.kafka.common.metrics.Metrics - Closing reporter org.apache.kafka.common.metrics.JmxReporter
2025-12-10 01:06:05.274 [commons-pool-evictor] INFO  o.a.kafka.common.metrics.Metrics - Closing reporter org.apache.kafka.common.telemetry.internals.ClientTelemetryReporter
2025-12-10 01:06:05.274 [commons-pool-evictor] INFO  o.a.kafka.common.metrics.Metrics - Metrics reporters closed
2025-12-10 01:06:05.276 [commons-pool-evictor] INFO  o.a.kafka.common.utils.AppInfoParser - App info kafka.consumer for consumer-spark-kafka-source-43fffd83-d95f-4bf0-b9df-74d6a29c4095-1616614700-executor-70 unregistered
2025-12-10 01:06:05.277 [commons-pool-evictor] INFO  o.a.k.c.c.i.ConsumerCoordinator - [Consumer clientId=consumer-spark-kafka-source-43fffd83-d95f-4bf0-b9df-74d6a29c4095-1616614700-executor-71, groupId=spark-kafka-source-43fffd83-d95f-4bf0-b9df-74d6a29c4095-1616614700-executor] Resetting generation and member id due to: consumer pro-actively leaving the group
2025-12-10 01:06:05.277 [commons-pool-evictor] INFO  o.a.k.c.c.i.ConsumerCoordinator - [Consumer clientId=consumer-spark-kafka-source-43fffd83-d95f-4bf0-b9df-74d6a29c4095-1616614700-executor-71, groupId=spark-kafka-source-43fffd83-d95f-4bf0-b9df-74d6a29c4095-1616614700-executor] Request joining group due to: consumer pro-actively leaving the group
2025-12-10 01:06:05.281 [commons-pool-evictor] INFO  o.a.kafka.common.metrics.Metrics - Metrics scheduler closed
2025-12-10 01:06:05.281 [commons-pool-evictor] INFO  o.a.kafka.common.metrics.Metrics - Closing reporter org.apache.kafka.common.metrics.JmxReporter
2025-12-10 01:06:05.281 [commons-pool-evictor] INFO  o.a.kafka.common.metrics.Metrics - Closing reporter org.apache.kafka.common.telemetry.internals.ClientTelemetryReporter
2025-12-10 01:06:05.281 [commons-pool-evictor] INFO  o.a.kafka.common.metrics.Metrics - Metrics reporters closed
2025-12-10 01:06:05.282 [commons-pool-evictor] INFO  o.a.kafka.common.utils.AppInfoParser - App info kafka.consumer for consumer-spark-kafka-source-43fffd83-d95f-4bf0-b9df-74d6a29c4095-1616614700-executor-71 unregistered
2025-12-10 01:09:21.421 [kafka-admin-client-thread | adminclient-1] INFO  o.apache.kafka.clients.NetworkClient - [AdminClient clientId=adminclient-1] Node 0 disconnected.
2025-12-10 01:09:21.430 [kafka-admin-client-thread | adminclient-1] INFO  o.apache.kafka.clients.NetworkClient - [AdminClient clientId=adminclient-1] Node 2 disconnected.
2025-12-10 02:31:48.717 [kafka-admin-client-thread | adminclient-1] INFO  o.apache.kafka.clients.NetworkClient - [AdminClient clientId=adminclient-1] Node 1 disconnected.
2025-12-10 03:04:40.487 [dispatcher-HeartbeatReceiver] WARN  org.apache.spark.HeartbeatReceiver - Removing executor driver with no recent heartbeats: 955952 ms exceeds timeout 120000 ms
2025-12-10 03:04:40.497 [kill-executor-thread] WARN  org.apache.spark.SparkContext - Killing executors is not supported by current scheduler.
2025-12-10 03:04:47.987 [dispatcher-BlockManagerMaster] ERROR org.apache.spark.rpc.netty.Inbox - Ignoring error
org.apache.spark.SparkException: Exception thrown in awaitResult: 
	at org.apache.spark.util.SparkThreadUtils$.awaitResult(SparkThreadUtils.scala:56)
	at org.apache.spark.util.ThreadUtils$.awaitResult(ThreadUtils.scala:310)
	at org.apache.spark.rpc.RpcTimeout.awaitResult(RpcTimeout.scala:75)
	at org.apache.spark.rpc.RpcEnv.setupEndpointRefByURI(RpcEnv.scala:102)
	at org.apache.spark.rpc.RpcEnv.setupEndpointRef(RpcEnv.scala:110)
	at org.apache.spark.util.RpcUtils$.makeDriverRef(RpcUtils.scala:36)
	at org.apache.spark.storage.BlockManagerMasterEndpoint.driverEndpoint$lzycompute(BlockManagerMasterEndpoint.scala:124)
	at org.apache.spark.storage.BlockManagerMasterEndpoint.org$apache$spark$storage$BlockManagerMasterEndpoint$$driverEndpoint(BlockManagerMasterEndpoint.scala:123)
	at org.apache.spark.storage.BlockManagerMasterEndpoint.isExecutorAlive$lzycompute$1(BlockManagerMasterEndpoint.scala:688)
	at org.apache.spark.storage.BlockManagerMasterEndpoint.isExecutorAlive$1(BlockManagerMasterEndpoint.scala:687)
	at org.apache.spark.storage.BlockManagerMasterEndpoint.org$apache$spark$storage$BlockManagerMasterEndpoint$$register(BlockManagerMasterEndpoint.scala:725)
	at org.apache.spark.storage.BlockManagerMasterEndpoint$$anonfun$receiveAndReply$1.applyOrElse(BlockManagerMasterEndpoint.scala:133)
	at org.apache.spark.rpc.netty.Inbox.$anonfun$process$1(Inbox.scala:103)
	at org.apache.spark.rpc.netty.Inbox.safelyCall(Inbox.scala:213)
	at org.apache.spark.rpc.netty.Inbox.process(Inbox.scala:100)
	at org.apache.spark.rpc.netty.MessageLoop.org$apache$spark$rpc$netty$MessageLoop$$receiveLoop(MessageLoop.scala:75)
	at org.apache.spark.rpc.netty.MessageLoop$$anon$1.run(MessageLoop.scala:41)
	at java.base/java.util.concurrent.ThreadPoolExecutor.runWorker(ThreadPoolExecutor.java:1128)
	at java.base/java.util.concurrent.ThreadPoolExecutor$Worker.run(ThreadPoolExecutor.java:628)
	at java.base/java.lang.Thread.run(Thread.java:829)
Caused by: org.apache.spark.rpc.RpcEndpointNotFoundException: Cannot find endpoint: spark://CoarseGrainedScheduler@172.16.26.142:59279
	at org.apache.spark.rpc.netty.NettyRpcEnv.$anonfun$asyncSetupEndpointRefByURI$1(NettyRpcEnv.scala:148)
	at org.apache.spark.rpc.netty.NettyRpcEnv.$anonfun$asyncSetupEndpointRefByURI$1$adapted(NettyRpcEnv.scala:144)
	at scala.concurrent.Future.$anonfun$flatMap$1(Future.scala:307)
	at scala.concurrent.impl.Promise.$anonfun$transformWith$1(Promise.scala:41)
	at scala.concurrent.impl.CallbackRunnable.run(Promise.scala:64)
	at org.apache.spark.util.ThreadUtils$$anon$1.execute(ThreadUtils.scala:99)
	at scala.concurrent.impl.ExecutionContextImpl$$anon$4.execute(ExecutionContextImpl.scala:138)
	at scala.concurrent.impl.CallbackRunnable.executeWithValue(Promise.scala:72)
	at scala.concurrent.impl.Promise$DefaultPromise.dispatchOrAddCallback(Promise.scala:316)
	at scala.concurrent.impl.Promise$DefaultPromise.onComplete(Promise.scala:307)
	at scala.concurrent.impl.Promise.transformWith(Promise.scala:40)
	at scala.concurrent.impl.Promise.transformWith$(Promise.scala:38)
	at scala.concurrent.impl.Promise$DefaultPromise.transformWith(Promise.scala:187)
	at scala.concurrent.Future.flatMap(Future.scala:306)
	at scala.concurrent.Future.flatMap$(Future.scala:306)
	at scala.concurrent.impl.Promise$DefaultPromise.flatMap(Promise.scala:187)
	at org.apache.spark.rpc.netty.NettyRpcEnv.asyncSetupEndpointRefByURI(NettyRpcEnv.scala:150)
	... 17 common frames omitted
2025-12-10 03:04:47.987 [executor-heartbeater] WARN  org.apache.spark.executor.Executor - Issue communicating with driver in heartbeater
org.apache.spark.SparkException: Exception thrown in awaitResult: 
	at org.apache.spark.util.SparkThreadUtils$.awaitResult(SparkThreadUtils.scala:56)
	at org.apache.spark.util.ThreadUtils$.awaitResult(ThreadUtils.scala:310)
	at org.apache.spark.rpc.RpcTimeout.awaitResult(RpcTimeout.scala:75)
	at org.apache.spark.rpc.RpcEndpointRef.askSync(RpcEndpointRef.scala:101)
	at org.apache.spark.rpc.RpcEndpointRef.askSync(RpcEndpointRef.scala:85)
	at org.apache.spark.storage.BlockManagerMaster.registerBlockManager(BlockManagerMaster.scala:80)
	at org.apache.spark.storage.BlockManager.reregister(BlockManager.scala:642)
	at org.apache.spark.executor.Executor.reportHeartBeat(Executor.scala:1223)
	at org.apache.spark.executor.Executor.$anonfun$heartbeater$1(Executor.scala:295)
	at scala.runtime.java8.JFunction0$mcV$sp.apply(JFunction0$mcV$sp.java:23)
	at org.apache.spark.util.Utils$.logUncaughtExceptions(Utils.scala:1928)
	at org.apache.spark.Heartbeater$$anon$1.run(Heartbeater.scala:46)
	at java.base/java.util.concurrent.Executors$RunnableAdapter.call(Executors.java:515)
	at java.base/java.util.concurrent.FutureTask.runAndReset(FutureTask.java:305)
	at java.base/java.util.concurrent.ScheduledThreadPoolExecutor$ScheduledFutureTask.run(ScheduledThreadPoolExecutor.java:305)
	at java.base/java.util.concurrent.ThreadPoolExecutor.runWorker(ThreadPoolExecutor.java:1128)
	at java.base/java.util.concurrent.ThreadPoolExecutor$Worker.run(ThreadPoolExecutor.java:628)
	at java.base/java.lang.Thread.run(Thread.java:829)
Caused by: org.apache.spark.SparkException: Exception thrown in awaitResult: 
	at org.apache.spark.util.SparkThreadUtils$.awaitResult(SparkThreadUtils.scala:56)
	at org.apache.spark.util.ThreadUtils$.awaitResult(ThreadUtils.scala:310)
	at org.apache.spark.rpc.RpcTimeout.awaitResult(RpcTimeout.scala:75)
	at org.apache.spark.rpc.RpcEnv.setupEndpointRefByURI(RpcEnv.scala:102)
	at org.apache.spark.rpc.RpcEnv.setupEndpointRef(RpcEnv.scala:110)
	at org.apache.spark.util.RpcUtils$.makeDriverRef(RpcUtils.scala:36)
	at org.apache.spark.storage.BlockManagerMasterEndpoint.driverEndpoint$lzycompute(BlockManagerMasterEndpoint.scala:124)
	at org.apache.spark.storage.BlockManagerMasterEndpoint.org$apache$spark$storage$BlockManagerMasterEndpoint$$driverEndpoint(BlockManagerMasterEndpoint.scala:123)
	at org.apache.spark.storage.BlockManagerMasterEndpoint.isExecutorAlive$lzycompute$1(BlockManagerMasterEndpoint.scala:688)
	at org.apache.spark.storage.BlockManagerMasterEndpoint.isExecutorAlive$1(BlockManagerMasterEndpoint.scala:687)
	at org.apache.spark.storage.BlockManagerMasterEndpoint.org$apache$spark$storage$BlockManagerMasterEndpoint$$register(BlockManagerMasterEndpoint.scala:725)
	at org.apache.spark.storage.BlockManagerMasterEndpoint$$anonfun$receiveAndReply$1.applyOrElse(BlockManagerMasterEndpoint.scala:133)
	at org.apache.spark.rpc.netty.Inbox.$anonfun$process$1(Inbox.scala:103)
	at org.apache.spark.rpc.netty.Inbox.safelyCall(Inbox.scala:213)
	at org.apache.spark.rpc.netty.Inbox.process(Inbox.scala:100)
	at org.apache.spark.rpc.netty.MessageLoop.org$apache$spark$rpc$netty$MessageLoop$$receiveLoop(MessageLoop.scala:75)
	at org.apache.spark.rpc.netty.MessageLoop$$anon$1.run(MessageLoop.scala:41)
	... 3 common frames omitted
Caused by: org.apache.spark.rpc.RpcEndpointNotFoundException: Cannot find endpoint: spark://CoarseGrainedScheduler@172.16.26.142:59279
	at org.apache.spark.rpc.netty.NettyRpcEnv.$anonfun$asyncSetupEndpointRefByURI$1(NettyRpcEnv.scala:148)
	at org.apache.spark.rpc.netty.NettyRpcEnv.$anonfun$asyncSetupEndpointRefByURI$1$adapted(NettyRpcEnv.scala:144)
	at scala.concurrent.Future.$anonfun$flatMap$1(Future.scala:307)
	at scala.concurrent.impl.Promise.$anonfun$transformWith$1(Promise.scala:41)
	at scala.concurrent.impl.CallbackRunnable.run(Promise.scala:64)
	at org.apache.spark.util.ThreadUtils$$anon$1.execute(ThreadUtils.scala:99)
	at scala.concurrent.impl.ExecutionContextImpl$$anon$4.execute(ExecutionContextImpl.scala:138)
	at scala.concurrent.impl.CallbackRunnable.executeWithValue(Promise.scala:72)
	at scala.concurrent.impl.Promise$DefaultPromise.dispatchOrAddCallback(Promise.scala:316)
	at scala.concurrent.impl.Promise$DefaultPromise.onComplete(Promise.scala:307)
	at scala.concurrent.impl.Promise.transformWith(Promise.scala:40)
	at scala.concurrent.impl.Promise.transformWith$(Promise.scala:38)
	at scala.concurrent.impl.Promise$DefaultPromise.transformWith(Promise.scala:187)
	at scala.concurrent.Future.flatMap(Future.scala:306)
	at scala.concurrent.Future.flatMap$(Future.scala:306)
	at scala.concurrent.impl.Promise$DefaultPromise.flatMap(Promise.scala:187)
	at org.apache.spark.rpc.netty.NettyRpcEnv.asyncSetupEndpointRefByURI(NettyRpcEnv.scala:150)
	... 17 common frames omitted
2025-12-10 03:04:57.977 [dispatcher-BlockManagerMaster] ERROR org.apache.spark.rpc.netty.Inbox - Ignoring error
org.apache.spark.SparkException: Exception thrown in awaitResult: 
	at org.apache.spark.util.SparkThreadUtils$.awaitResult(SparkThreadUtils.scala:56)
	at org.apache.spark.util.ThreadUtils$.awaitResult(ThreadUtils.scala:310)
	at org.apache.spark.rpc.RpcTimeout.awaitResult(RpcTimeout.scala:75)
	at org.apache.spark.rpc.RpcEnv.setupEndpointRefByURI(RpcEnv.scala:102)
	at org.apache.spark.rpc.RpcEnv.setupEndpointRef(RpcEnv.scala:110)
	at org.apache.spark.util.RpcUtils$.makeDriverRef(RpcUtils.scala:36)
	at org.apache.spark.storage.BlockManagerMasterEndpoint.driverEndpoint$lzycompute(BlockManagerMasterEndpoint.scala:124)
	at org.apache.spark.storage.BlockManagerMasterEndpoint.org$apache$spark$storage$BlockManagerMasterEndpoint$$driverEndpoint(BlockManagerMasterEndpoint.scala:123)
	at org.apache.spark.storage.BlockManagerMasterEndpoint.isExecutorAlive$lzycompute$1(BlockManagerMasterEndpoint.scala:688)
	at org.apache.spark.storage.BlockManagerMasterEndpoint.isExecutorAlive$1(BlockManagerMasterEndpoint.scala:687)
	at org.apache.spark.storage.BlockManagerMasterEndpoint.org$apache$spark$storage$BlockManagerMasterEndpoint$$register(BlockManagerMasterEndpoint.scala:725)
	at org.apache.spark.storage.BlockManagerMasterEndpoint$$anonfun$receiveAndReply$1.applyOrElse(BlockManagerMasterEndpoint.scala:133)
	at org.apache.spark.rpc.netty.Inbox.$anonfun$process$1(Inbox.scala:103)
	at org.apache.spark.rpc.netty.Inbox.safelyCall(Inbox.scala:213)
	at org.apache.spark.rpc.netty.Inbox.process(Inbox.scala:100)
	at org.apache.spark.rpc.netty.MessageLoop.org$apache$spark$rpc$netty$MessageLoop$$receiveLoop(MessageLoop.scala:75)
	at org.apache.spark.rpc.netty.MessageLoop$$anon$1.run(MessageLoop.scala:41)
	at java.base/java.util.concurrent.ThreadPoolExecutor.runWorker(ThreadPoolExecutor.java:1128)
	at java.base/java.util.concurrent.ThreadPoolExecutor$Worker.run(ThreadPoolExecutor.java:628)
	at java.base/java.lang.Thread.run(Thread.java:829)
Caused by: org.apache.spark.rpc.RpcEndpointNotFoundException: Cannot find endpoint: spark://CoarseGrainedScheduler@172.16.26.142:59279
	at org.apache.spark.rpc.netty.NettyRpcEnv.$anonfun$asyncSetupEndpointRefByURI$1(NettyRpcEnv.scala:148)
	at org.apache.spark.rpc.netty.NettyRpcEnv.$anonfun$asyncSetupEndpointRefByURI$1$adapted(NettyRpcEnv.scala:144)
	at scala.concurrent.Future.$anonfun$flatMap$1(Future.scala:307)
	at scala.concurrent.impl.Promise.$anonfun$transformWith$1(Promise.scala:41)
	at scala.concurrent.impl.CallbackRunnable.run(Promise.scala:64)
	at org.apache.spark.util.ThreadUtils$$anon$1.execute(ThreadUtils.scala:99)
	at scala.concurrent.impl.ExecutionContextImpl$$anon$4.execute(ExecutionContextImpl.scala:138)
	at scala.concurrent.impl.CallbackRunnable.executeWithValue(Promise.scala:72)
	at scala.concurrent.impl.Promise$DefaultPromise.$anonfun$tryComplete$1(Promise.scala:288)
	at scala.concurrent.impl.Promise$DefaultPromise.$anonfun$tryComplete$1$adapted(Promise.scala:288)
	at scala.concurrent.impl.Promise$DefaultPromise.tryComplete(Promise.scala:288)
	at scala.concurrent.Promise.complete(Promise.scala:53)
	at scala.concurrent.Promise.complete$(Promise.scala:52)
	at scala.concurrent.impl.Promise$DefaultPromise.complete(Promise.scala:187)
	at scala.concurrent.impl.Promise.$anonfun$transform$1(Promise.scala:33)
	at scala.concurrent.impl.CallbackRunnable.run(Promise.scala:64)
	at org.apache.spark.util.ThreadUtils$$anon$1.execute(ThreadUtils.scala:99)
	at scala.concurrent.impl.ExecutionContextImpl$$anon$4.execute(ExecutionContextImpl.scala:138)
	at scala.concurrent.impl.CallbackRunnable.executeWithValue(Promise.scala:72)
	at scala.concurrent.impl.Promise$DefaultPromise.$anonfun$tryComplete$1(Promise.scala:288)
	at scala.concurrent.impl.Promise$DefaultPromise.$anonfun$tryComplete$1$adapted(Promise.scala:288)
	at scala.concurrent.impl.Promise$DefaultPromise.tryComplete(Promise.scala:288)
	at scala.concurrent.Promise.complete(Promise.scala:53)
	at scala.concurrent.Promise.complete$(Promise.scala:52)
	at scala.concurrent.impl.Promise$DefaultPromise.complete(Promise.scala:187)
	at scala.concurrent.impl.Promise.$anonfun$transform$1(Promise.scala:33)
	at scala.concurrent.impl.CallbackRunnable.run(Promise.scala:64)
	at scala.concurrent.BatchingExecutor$Batch.processBatch$1(BatchingExecutor.scala:67)
	at scala.concurrent.BatchingExecutor$Batch.$anonfun$run$1(BatchingExecutor.scala:82)
	at scala.runtime.java8.JFunction0$mcV$sp.apply(JFunction0$mcV$sp.java:23)
	at scala.concurrent.BlockContext$.withBlockContext(BlockContext.scala:85)
	at scala.concurrent.BatchingExecutor$Batch.run(BatchingExecutor.scala:59)
	at scala.concurrent.Future$InternalCallbackExecutor$.unbatchedExecute(Future.scala:875)
	at scala.concurrent.BatchingExecutor.execute(BatchingExecutor.scala:110)
	at scala.concurrent.BatchingExecutor.execute$(BatchingExecutor.scala:107)
	at scala.concurrent.Future$InternalCallbackExecutor$.execute(Future.scala:873)
	at scala.concurrent.impl.CallbackRunnable.executeWithValue(Promise.scala:72)
	at scala.concurrent.impl.Promise$DefaultPromise.$anonfun$tryComplete$1(Promise.scala:288)
	at scala.concurrent.impl.Promise$DefaultPromise.$anonfun$tryComplete$1$adapted(Promise.scala:288)
	at scala.concurrent.impl.Promise$DefaultPromise.tryComplete(Promise.scala:288)
	at scala.concurrent.Promise.trySuccess(Promise.scala:94)
	at scala.concurrent.Promise.trySuccess$(Promise.scala:94)
	at scala.concurrent.impl.Promise$DefaultPromise.trySuccess(Promise.scala:187)
	at org.apache.spark.rpc.netty.NettyRpcEnv.onSuccess$1(NettyRpcEnv.scala:225)
	at org.apache.spark.rpc.netty.NettyRpcEnv.$anonfun$askAbortable$5(NettyRpcEnv.scala:239)
	at org.apache.spark.rpc.netty.NettyRpcEnv.$anonfun$askAbortable$5$adapted(NettyRpcEnv.scala:238)
	at scala.concurrent.impl.CallbackRunnable.run(Promise.scala:64)
	at org.apache.spark.util.ThreadUtils$$anon$1.execute(ThreadUtils.scala:99)
	at scala.concurrent.impl.ExecutionContextImpl$$anon$4.execute(ExecutionContextImpl.scala:138)
	at scala.concurrent.impl.CallbackRunnable.executeWithValue(Promise.scala:72)
	at scala.concurrent.impl.Promise$DefaultPromise.$anonfun$tryComplete$1(Promise.scala:288)
	at scala.concurrent.impl.Promise$DefaultPromise.$anonfun$tryComplete$1$adapted(Promise.scala:288)
	at scala.concurrent.impl.Promise$DefaultPromise.tryComplete(Promise.scala:288)
	at scala.concurrent.Promise.complete(Promise.scala:53)
	at scala.concurrent.Promise.complete$(Promise.scala:52)
	at scala.concurrent.impl.Promise$DefaultPromise.complete(Promise.scala:187)
	at scala.concurrent.Promise.success(Promise.scala:86)
	at scala.concurrent.Promise.success$(Promise.scala:86)
	at scala.concurrent.impl.Promise$DefaultPromise.success(Promise.scala:187)
	at org.apache.spark.rpc.netty.LocalNettyRpcCallContext.send(NettyRpcCallContext.scala:50)
	at org.apache.spark.rpc.netty.NettyRpcCallContext.reply(NettyRpcCallContext.scala:32)
	at org.apache.spark.rpc.netty.RpcEndpointVerifier$$anonfun$receiveAndReply$1.applyOrElse(RpcEndpointVerifier.scala:31)
	... 8 common frames omitted
2025-12-10 03:04:57.977 [executor-heartbeater] WARN  org.apache.spark.executor.Executor - Issue communicating with driver in heartbeater
org.apache.spark.SparkException: Exception thrown in awaitResult: 
	at org.apache.spark.util.SparkThreadUtils$.awaitResult(SparkThreadUtils.scala:56)
	at org.apache.spark.util.ThreadUtils$.awaitResult(ThreadUtils.scala:310)
	at org.apache.spark.rpc.RpcTimeout.awaitResult(RpcTimeout.scala:75)
	at org.apache.spark.rpc.RpcEndpointRef.askSync(RpcEndpointRef.scala:101)
	at org.apache.spark.rpc.RpcEndpointRef.askSync(RpcEndpointRef.scala:85)
	at org.apache.spark.storage.BlockManagerMaster.registerBlockManager(BlockManagerMaster.scala:80)
	at org.apache.spark.storage.BlockManager.reregister(BlockManager.scala:642)
	at org.apache.spark.executor.Executor.reportHeartBeat(Executor.scala:1223)
	at org.apache.spark.executor.Executor.$anonfun$heartbeater$1(Executor.scala:295)
	at scala.runtime.java8.JFunction0$mcV$sp.apply(JFunction0$mcV$sp.java:23)
	at org.apache.spark.util.Utils$.logUncaughtExceptions(Utils.scala:1928)
	at org.apache.spark.Heartbeater$$anon$1.run(Heartbeater.scala:46)
	at java.base/java.util.concurrent.Executors$RunnableAdapter.call(Executors.java:515)
	at java.base/java.util.concurrent.FutureTask.runAndReset(FutureTask.java:305)
	at java.base/java.util.concurrent.ScheduledThreadPoolExecutor$ScheduledFutureTask.run(ScheduledThreadPoolExecutor.java:305)
	at java.base/java.util.concurrent.ThreadPoolExecutor.runWorker(ThreadPoolExecutor.java:1128)
	at java.base/java.util.concurrent.ThreadPoolExecutor$Worker.run(ThreadPoolExecutor.java:628)
	at java.base/java.lang.Thread.run(Thread.java:829)
Caused by: org.apache.spark.SparkException: Exception thrown in awaitResult: 
	at org.apache.spark.util.SparkThreadUtils$.awaitResult(SparkThreadUtils.scala:56)
	at org.apache.spark.util.ThreadUtils$.awaitResult(ThreadUtils.scala:310)
	at org.apache.spark.rpc.RpcTimeout.awaitResult(RpcTimeout.scala:75)
	at org.apache.spark.rpc.RpcEnv.setupEndpointRefByURI(RpcEnv.scala:102)
	at org.apache.spark.rpc.RpcEnv.setupEndpointRef(RpcEnv.scala:110)
	at org.apache.spark.util.RpcUtils$.makeDriverRef(RpcUtils.scala:36)
	at org.apache.spark.storage.BlockManagerMasterEndpoint.driverEndpoint$lzycompute(BlockManagerMasterEndpoint.scala:124)
	at org.apache.spark.storage.BlockManagerMasterEndpoint.org$apache$spark$storage$BlockManagerMasterEndpoint$$driverEndpoint(BlockManagerMasterEndpoint.scala:123)
	at org.apache.spark.storage.BlockManagerMasterEndpoint.isExecutorAlive$lzycompute$1(BlockManagerMasterEndpoint.scala:688)
	at org.apache.spark.storage.BlockManagerMasterEndpoint.isExecutorAlive$1(BlockManagerMasterEndpoint.scala:687)
	at org.apache.spark.storage.BlockManagerMasterEndpoint.org$apache$spark$storage$BlockManagerMasterEndpoint$$register(BlockManagerMasterEndpoint.scala:725)
	at org.apache.spark.storage.BlockManagerMasterEndpoint$$anonfun$receiveAndReply$1.applyOrElse(BlockManagerMasterEndpoint.scala:133)
	at org.apache.spark.rpc.netty.Inbox.$anonfun$process$1(Inbox.scala:103)
	at org.apache.spark.rpc.netty.Inbox.safelyCall(Inbox.scala:213)
	at org.apache.spark.rpc.netty.Inbox.process(Inbox.scala:100)
	at org.apache.spark.rpc.netty.MessageLoop.org$apache$spark$rpc$netty$MessageLoop$$receiveLoop(MessageLoop.scala:75)
	at org.apache.spark.rpc.netty.MessageLoop$$anon$1.run(MessageLoop.scala:41)
	... 3 common frames omitted
Caused by: org.apache.spark.rpc.RpcEndpointNotFoundException: Cannot find endpoint: spark://CoarseGrainedScheduler@172.16.26.142:59279
	at org.apache.spark.rpc.netty.NettyRpcEnv.$anonfun$asyncSetupEndpointRefByURI$1(NettyRpcEnv.scala:148)
	at org.apache.spark.rpc.netty.NettyRpcEnv.$anonfun$asyncSetupEndpointRefByURI$1$adapted(NettyRpcEnv.scala:144)
	at scala.concurrent.Future.$anonfun$flatMap$1(Future.scala:307)
	at scala.concurrent.impl.Promise.$anonfun$transformWith$1(Promise.scala:41)
	at scala.concurrent.impl.CallbackRunnable.run(Promise.scala:64)
	at org.apache.spark.util.ThreadUtils$$anon$1.execute(ThreadUtils.scala:99)
	at scala.concurrent.impl.ExecutionContextImpl$$anon$4.execute(ExecutionContextImpl.scala:138)
	at scala.concurrent.impl.CallbackRunnable.executeWithValue(Promise.scala:72)
	at scala.concurrent.impl.Promise$DefaultPromise.$anonfun$tryComplete$1(Promise.scala:288)
	at scala.concurrent.impl.Promise$DefaultPromise.$anonfun$tryComplete$1$adapted(Promise.scala:288)
	at scala.concurrent.impl.Promise$DefaultPromise.tryComplete(Promise.scala:288)
	at scala.concurrent.Promise.complete(Promise.scala:53)
	at scala.concurrent.Promise.complete$(Promise.scala:52)
	at scala.concurrent.impl.Promise$DefaultPromise.complete(Promise.scala:187)
	at scala.concurrent.impl.Promise.$anonfun$transform$1(Promise.scala:33)
	at scala.concurrent.impl.CallbackRunnable.run(Promise.scala:64)
	at org.apache.spark.util.ThreadUtils$$anon$1.execute(ThreadUtils.scala:99)
	at scala.concurrent.impl.ExecutionContextImpl$$anon$4.execute(ExecutionContextImpl.scala:138)
	at scala.concurrent.impl.CallbackRunnable.executeWithValue(Promise.scala:72)
	at scala.concurrent.impl.Promise$DefaultPromise.$anonfun$tryComplete$1(Promise.scala:288)
	at scala.concurrent.impl.Promise$DefaultPromise.$anonfun$tryComplete$1$adapted(Promise.scala:288)
	at scala.concurrent.impl.Promise$DefaultPromise.tryComplete(Promise.scala:288)
	at scala.concurrent.Promise.complete(Promise.scala:53)
	at scala.concurrent.Promise.complete$(Promise.scala:52)
	at scala.concurrent.impl.Promise$DefaultPromise.complete(Promise.scala:187)
	at scala.concurrent.impl.Promise.$anonfun$transform$1(Promise.scala:33)
	at scala.concurrent.impl.CallbackRunnable.run(Promise.scala:64)
	at scala.concurrent.BatchingExecutor$Batch.processBatch$1(BatchingExecutor.scala:67)
	at scala.concurrent.BatchingExecutor$Batch.$anonfun$run$1(BatchingExecutor.scala:82)
	at scala.runtime.java8.JFunction0$mcV$sp.apply(JFunction0$mcV$sp.java:23)
	at scala.concurrent.BlockContext$.withBlockContext(BlockContext.scala:85)
	at scala.concurrent.BatchingExecutor$Batch.run(BatchingExecutor.scala:59)
	at scala.concurrent.Future$InternalCallbackExecutor$.unbatchedExecute(Future.scala:875)
	at scala.concurrent.BatchingExecutor.execute(BatchingExecutor.scala:110)
	at scala.concurrent.BatchingExecutor.execute$(BatchingExecutor.scala:107)
	at scala.concurrent.Future$InternalCallbackExecutor$.execute(Future.scala:873)
	at scala.concurrent.impl.CallbackRunnable.executeWithValue(Promise.scala:72)
	at scala.concurrent.impl.Promise$DefaultPromise.$anonfun$tryComplete$1(Promise.scala:288)
	at scala.concurrent.impl.Promise$DefaultPromise.$anonfun$tryComplete$1$adapted(Promise.scala:288)
	at scala.concurrent.impl.Promise$DefaultPromise.tryComplete(Promise.scala:288)
	at scala.concurrent.Promise.trySuccess(Promise.scala:94)
	at scala.concurrent.Promise.trySuccess$(Promise.scala:94)
	at scala.concurrent.impl.Promise$DefaultPromise.trySuccess(Promise.scala:187)
	at org.apache.spark.rpc.netty.NettyRpcEnv.onSuccess$1(NettyRpcEnv.scala:225)
	at org.apache.spark.rpc.netty.NettyRpcEnv.$anonfun$askAbortable$5(NettyRpcEnv.scala:239)
	at org.apache.spark.rpc.netty.NettyRpcEnv.$anonfun$askAbortable$5$adapted(NettyRpcEnv.scala:238)
	at scala.concurrent.impl.CallbackRunnable.run(Promise.scala:64)
	at org.apache.spark.util.ThreadUtils$$anon$1.execute(ThreadUtils.scala:99)
	at scala.concurrent.impl.ExecutionContextImpl$$anon$4.execute(ExecutionContextImpl.scala:138)
	at scala.concurrent.impl.CallbackRunnable.executeWithValue(Promise.scala:72)
	at scala.concurrent.impl.Promise$DefaultPromise.$anonfun$tryComplete$1(Promise.scala:288)
	at scala.concurrent.impl.Promise$DefaultPromise.$anonfun$tryComplete$1$adapted(Promise.scala:288)
	at scala.concurrent.impl.Promise$DefaultPromise.tryComplete(Promise.scala:288)
	at scala.concurrent.Promise.complete(Promise.scala:53)
	at scala.concurrent.Promise.complete$(Promise.scala:52)
	at scala.concurrent.impl.Promise$DefaultPromise.complete(Promise.scala:187)
	at scala.concurrent.Promise.success(Promise.scala:86)
	at scala.concurrent.Promise.success$(Promise.scala:86)
	at scala.concurrent.impl.Promise$DefaultPromise.success(Promise.scala:187)
	at org.apache.spark.rpc.netty.LocalNettyRpcCallContext.send(NettyRpcCallContext.scala:50)
	at org.apache.spark.rpc.netty.NettyRpcCallContext.reply(NettyRpcCallContext.scala:32)
	at org.apache.spark.rpc.netty.RpcEndpointVerifier$$anonfun$receiveAndReply$1.applyOrElse(RpcEndpointVerifier.scala:31)
	... 8 common frames omitted
2025-12-10 03:05:07.981 [executor-heartbeater] WARN  org.apache.spark.executor.Executor - Issue communicating with driver in heartbeater
org.apache.spark.SparkException: Exception thrown in awaitResult: 
	at org.apache.spark.util.SparkThreadUtils$.awaitResult(SparkThreadUtils.scala:56)
	at org.apache.spark.util.ThreadUtils$.awaitResult(ThreadUtils.scala:310)
	at org.apache.spark.rpc.RpcTimeout.awaitResult(RpcTimeout.scala:75)
	at org.apache.spark.rpc.RpcEndpointRef.askSync(RpcEndpointRef.scala:101)
	at org.apache.spark.rpc.RpcEndpointRef.askSync(RpcEndpointRef.scala:85)
	at org.apache.spark.storage.BlockManagerMaster.registerBlockManager(BlockManagerMaster.scala:80)
	at org.apache.spark.storage.BlockManager.reregister(BlockManager.scala:642)
	at org.apache.spark.executor.Executor.reportHeartBeat(Executor.scala:1223)
	at org.apache.spark.executor.Executor.$anonfun$heartbeater$1(Executor.scala:295)
	at scala.runtime.java8.JFunction0$mcV$sp.apply(JFunction0$mcV$sp.java:23)
	at org.apache.spark.util.Utils$.logUncaughtExceptions(Utils.scala:1928)
	at org.apache.spark.Heartbeater$$anon$1.run(Heartbeater.scala:46)
	at java.base/java.util.concurrent.Executors$RunnableAdapter.call(Executors.java:515)
	at java.base/java.util.concurrent.FutureTask.runAndReset(FutureTask.java:305)
	at java.base/java.util.concurrent.ScheduledThreadPoolExecutor$ScheduledFutureTask.run(ScheduledThreadPoolExecutor.java:305)
	at java.base/java.util.concurrent.ThreadPoolExecutor.runWorker(ThreadPoolExecutor.java:1128)
	at java.base/java.util.concurrent.ThreadPoolExecutor$Worker.run(ThreadPoolExecutor.java:628)
	at java.base/java.lang.Thread.run(Thread.java:829)
Caused by: org.apache.spark.SparkException: Exception thrown in awaitResult: 
	at org.apache.spark.util.SparkThreadUtils$.awaitResult(SparkThreadUtils.scala:56)
	at org.apache.spark.util.ThreadUtils$.awaitResult(ThreadUtils.scala:310)
	at org.apache.spark.rpc.RpcTimeout.awaitResult(RpcTimeout.scala:75)
	at org.apache.spark.rpc.RpcEnv.setupEndpointRefByURI(RpcEnv.scala:102)
	at org.apache.spark.rpc.RpcEnv.setupEndpointRef(RpcEnv.scala:110)
	at org.apache.spark.util.RpcUtils$.makeDriverRef(RpcUtils.scala:36)
	at org.apache.spark.storage.BlockManagerMasterEndpoint.driverEndpoint$lzycompute(BlockManagerMasterEndpoint.scala:124)
	at org.apache.spark.storage.BlockManagerMasterEndpoint.org$apache$spark$storage$BlockManagerMasterEndpoint$$driverEndpoint(BlockManagerMasterEndpoint.scala:123)
	at org.apache.spark.storage.BlockManagerMasterEndpoint.isExecutorAlive$lzycompute$1(BlockManagerMasterEndpoint.scala:688)
	at org.apache.spark.storage.BlockManagerMasterEndpoint.isExecutorAlive$1(BlockManagerMasterEndpoint.scala:687)
	at org.apache.spark.storage.BlockManagerMasterEndpoint.org$apache$spark$storage$BlockManagerMasterEndpoint$$register(BlockManagerMasterEndpoint.scala:725)
	at org.apache.spark.storage.BlockManagerMasterEndpoint$$anonfun$receiveAndReply$1.applyOrElse(BlockManagerMasterEndpoint.scala:133)
	at org.apache.spark.rpc.netty.Inbox.$anonfun$process$1(Inbox.scala:103)
	at org.apache.spark.rpc.netty.Inbox.safelyCall(Inbox.scala:213)
	at org.apache.spark.rpc.netty.Inbox.process(Inbox.scala:100)
	at org.apache.spark.rpc.netty.MessageLoop.org$apache$spark$rpc$netty$MessageLoop$$receiveLoop(MessageLoop.scala:75)
	at org.apache.spark.rpc.netty.MessageLoop$$anon$1.run(MessageLoop.scala:41)
	... 3 common frames omitted
Caused by: org.apache.spark.rpc.RpcEndpointNotFoundException: Cannot find endpoint: spark://CoarseGrainedScheduler@172.16.26.142:59279
	at org.apache.spark.rpc.netty.NettyRpcEnv.$anonfun$asyncSetupEndpointRefByURI$1(NettyRpcEnv.scala:148)
	at org.apache.spark.rpc.netty.NettyRpcEnv.$anonfun$asyncSetupEndpointRefByURI$1$adapted(NettyRpcEnv.scala:144)
	at scala.concurrent.Future.$anonfun$flatMap$1(Future.scala:307)
	at scala.concurrent.impl.Promise.$anonfun$transformWith$1(Promise.scala:41)
	at scala.concurrent.impl.CallbackRunnable.run(Promise.scala:64)
	at org.apache.spark.util.ThreadUtils$$anon$1.execute(ThreadUtils.scala:99)
	at scala.concurrent.impl.ExecutionContextImpl$$anon$4.execute(ExecutionContextImpl.scala:138)
	at scala.concurrent.impl.CallbackRunnable.executeWithValue(Promise.scala:72)
	at scala.concurrent.impl.Promise$DefaultPromise.$anonfun$tryComplete$1(Promise.scala:288)
	at scala.concurrent.impl.Promise$DefaultPromise.$anonfun$tryComplete$1$adapted(Promise.scala:288)
	at scala.concurrent.impl.Promise$DefaultPromise.tryComplete(Promise.scala:288)
	at scala.concurrent.Promise.complete(Promise.scala:53)
	at scala.concurrent.Promise.complete$(Promise.scala:52)
	at scala.concurrent.impl.Promise$DefaultPromise.complete(Promise.scala:187)
	at scala.concurrent.impl.Promise.$anonfun$transform$1(Promise.scala:33)
	at scala.concurrent.impl.CallbackRunnable.run(Promise.scala:64)
	at org.apache.spark.util.ThreadUtils$$anon$1.execute(ThreadUtils.scala:99)
	at scala.concurrent.impl.ExecutionContextImpl$$anon$4.execute(ExecutionContextImpl.scala:138)
	at scala.concurrent.impl.CallbackRunnable.executeWithValue(Promise.scala:72)
	at scala.concurrent.impl.Promise$DefaultPromise.$anonfun$tryComplete$1(Promise.scala:288)
	at scala.concurrent.impl.Promise$DefaultPromise.$anonfun$tryComplete$1$adapted(Promise.scala:288)
	at scala.concurrent.impl.Promise$DefaultPromise.tryComplete(Promise.scala:288)
	at scala.concurrent.Promise.complete(Promise.scala:53)
	at scala.concurrent.Promise.complete$(Promise.scala:52)
	at scala.concurrent.impl.Promise$DefaultPromise.complete(Promise.scala:187)
	at scala.concurrent.impl.Promise.$anonfun$transform$1(Promise.scala:33)
	at scala.concurrent.impl.CallbackRunnable.run(Promise.scala:64)
	at scala.concurrent.BatchingExecutor$Batch.processBatch$1(BatchingExecutor.scala:67)
	at scala.concurrent.BatchingExecutor$Batch.$anonfun$run$1(BatchingExecutor.scala:82)
	at scala.runtime.java8.JFunction0$mcV$sp.apply(JFunction0$mcV$sp.java:23)
	at scala.concurrent.BlockContext$.withBlockContext(BlockContext.scala:85)
	at scala.concurrent.BatchingExecutor$Batch.run(BatchingExecutor.scala:59)
	at scala.concurrent.Future$InternalCallbackExecutor$.unbatchedExecute(Future.scala:875)
	at scala.concurrent.BatchingExecutor.execute(BatchingExecutor.scala:110)
	at scala.concurrent.BatchingExecutor.execute$(BatchingExecutor.scala:107)
	at scala.concurrent.Future$InternalCallbackExecutor$.execute(Future.scala:873)
	at scala.concurrent.impl.CallbackRunnable.executeWithValue(Promise.scala:72)
	at scala.concurrent.impl.Promise$DefaultPromise.$anonfun$tryComplete$1(Promise.scala:288)
	at scala.concurrent.impl.Promise$DefaultPromise.$anonfun$tryComplete$1$adapted(Promise.scala:288)
	at scala.concurrent.impl.Promise$DefaultPromise.tryComplete(Promise.scala:288)
	at scala.concurrent.Promise.trySuccess(Promise.scala:94)
	at scala.concurrent.Promise.trySuccess$(Promise.scala:94)
	at scala.concurrent.impl.Promise$DefaultPromise.trySuccess(Promise.scala:187)
	at org.apache.spark.rpc.netty.NettyRpcEnv.onSuccess$1(NettyRpcEnv.scala:225)
	at org.apache.spark.rpc.netty.NettyRpcEnv.$anonfun$askAbortable$5(NettyRpcEnv.scala:239)
	at org.apache.spark.rpc.netty.NettyRpcEnv.$anonfun$askAbortable$5$adapted(NettyRpcEnv.scala:238)
	at scala.concurrent.impl.CallbackRunnable.run(Promise.scala:64)
	at org.apache.spark.util.ThreadUtils$$anon$1.execute(ThreadUtils.scala:99)
	at scala.concurrent.impl.ExecutionContextImpl$$anon$4.execute(ExecutionContextImpl.scala:138)
	at scala.concurrent.impl.CallbackRunnable.executeWithValue(Promise.scala:72)
	at scala.concurrent.impl.Promise$DefaultPromise.$anonfun$tryComplete$1(Promise.scala:288)
	at scala.concurrent.impl.Promise$DefaultPromise.$anonfun$tryComplete$1$adapted(Promise.scala:288)
	at scala.concurrent.impl.Promise$DefaultPromise.tryComplete(Promise.scala:288)
	at scala.concurrent.Promise.complete(Promise.scala:53)
	at scala.concurrent.Promise.complete$(Promise.scala:52)
	at scala.concurrent.impl.Promise$DefaultPromise.complete(Promise.scala:187)
	at scala.concurrent.Promise.success(Promise.scala:86)
	at scala.concurrent.Promise.success$(Promise.scala:86)
	at scala.concurrent.impl.Promise$DefaultPromise.success(Promise.scala:187)
	at org.apache.spark.rpc.netty.LocalNettyRpcCallContext.send(NettyRpcCallContext.scala:50)
	at org.apache.spark.rpc.netty.NettyRpcCallContext.reply(NettyRpcCallContext.scala:32)
	at org.apache.spark.rpc.netty.RpcEndpointVerifier$$anonfun$receiveAndReply$1.applyOrElse(RpcEndpointVerifier.scala:31)
	... 8 common frames omitted
2025-12-10 03:05:07.981 [dispatcher-BlockManagerMaster] ERROR org.apache.spark.rpc.netty.Inbox - Ignoring error
org.apache.spark.SparkException: Exception thrown in awaitResult: 
	at org.apache.spark.util.SparkThreadUtils$.awaitResult(SparkThreadUtils.scala:56)
	at org.apache.spark.util.ThreadUtils$.awaitResult(ThreadUtils.scala:310)
	at org.apache.spark.rpc.RpcTimeout.awaitResult(RpcTimeout.scala:75)
	at org.apache.spark.rpc.RpcEnv.setupEndpointRefByURI(RpcEnv.scala:102)
	at org.apache.spark.rpc.RpcEnv.setupEndpointRef(RpcEnv.scala:110)
	at org.apache.spark.util.RpcUtils$.makeDriverRef(RpcUtils.scala:36)
	at org.apache.spark.storage.BlockManagerMasterEndpoint.driverEndpoint$lzycompute(BlockManagerMasterEndpoint.scala:124)
	at org.apache.spark.storage.BlockManagerMasterEndpoint.org$apache$spark$storage$BlockManagerMasterEndpoint$$driverEndpoint(BlockManagerMasterEndpoint.scala:123)
	at org.apache.spark.storage.BlockManagerMasterEndpoint.isExecutorAlive$lzycompute$1(BlockManagerMasterEndpoint.scala:688)
	at org.apache.spark.storage.BlockManagerMasterEndpoint.isExecutorAlive$1(BlockManagerMasterEndpoint.scala:687)
	at org.apache.spark.storage.BlockManagerMasterEndpoint.org$apache$spark$storage$BlockManagerMasterEndpoint$$register(BlockManagerMasterEndpoint.scala:725)
	at org.apache.spark.storage.BlockManagerMasterEndpoint$$anonfun$receiveAndReply$1.applyOrElse(BlockManagerMasterEndpoint.scala:133)
	at org.apache.spark.rpc.netty.Inbox.$anonfun$process$1(Inbox.scala:103)
	at org.apache.spark.rpc.netty.Inbox.safelyCall(Inbox.scala:213)
	at org.apache.spark.rpc.netty.Inbox.process(Inbox.scala:100)
	at org.apache.spark.rpc.netty.MessageLoop.org$apache$spark$rpc$netty$MessageLoop$$receiveLoop(MessageLoop.scala:75)
	at org.apache.spark.rpc.netty.MessageLoop$$anon$1.run(MessageLoop.scala:41)
	at java.base/java.util.concurrent.ThreadPoolExecutor.runWorker(ThreadPoolExecutor.java:1128)
	at java.base/java.util.concurrent.ThreadPoolExecutor$Worker.run(ThreadPoolExecutor.java:628)
	at java.base/java.lang.Thread.run(Thread.java:829)
Caused by: org.apache.spark.rpc.RpcEndpointNotFoundException: Cannot find endpoint: spark://CoarseGrainedScheduler@172.16.26.142:59279
	at org.apache.spark.rpc.netty.NettyRpcEnv.$anonfun$asyncSetupEndpointRefByURI$1(NettyRpcEnv.scala:148)
	at org.apache.spark.rpc.netty.NettyRpcEnv.$anonfun$asyncSetupEndpointRefByURI$1$adapted(NettyRpcEnv.scala:144)
	at scala.concurrent.Future.$anonfun$flatMap$1(Future.scala:307)
	at scala.concurrent.impl.Promise.$anonfun$transformWith$1(Promise.scala:41)
	at scala.concurrent.impl.CallbackRunnable.run(Promise.scala:64)
	at org.apache.spark.util.ThreadUtils$$anon$1.execute(ThreadUtils.scala:99)
	at scala.concurrent.impl.ExecutionContextImpl$$anon$4.execute(ExecutionContextImpl.scala:138)
	at scala.concurrent.impl.CallbackRunnable.executeWithValue(Promise.scala:72)
	at scala.concurrent.impl.Promise$DefaultPromise.$anonfun$tryComplete$1(Promise.scala:288)
	at scala.concurrent.impl.Promise$DefaultPromise.$anonfun$tryComplete$1$adapted(Promise.scala:288)
	at scala.concurrent.impl.Promise$DefaultPromise.tryComplete(Promise.scala:288)
	at scala.concurrent.Promise.complete(Promise.scala:53)
	at scala.concurrent.Promise.complete$(Promise.scala:52)
	at scala.concurrent.impl.Promise$DefaultPromise.complete(Promise.scala:187)
	at scala.concurrent.impl.Promise.$anonfun$transform$1(Promise.scala:33)
	at scala.concurrent.impl.CallbackRunnable.run(Promise.scala:64)
	at org.apache.spark.util.ThreadUtils$$anon$1.execute(ThreadUtils.scala:99)
	at scala.concurrent.impl.ExecutionContextImpl$$anon$4.execute(ExecutionContextImpl.scala:138)
	at scala.concurrent.impl.CallbackRunnable.executeWithValue(Promise.scala:72)
	at scala.concurrent.impl.Promise$DefaultPromise.$anonfun$tryComplete$1(Promise.scala:288)
	at scala.concurrent.impl.Promise$DefaultPromise.$anonfun$tryComplete$1$adapted(Promise.scala:288)
	at scala.concurrent.impl.Promise$DefaultPromise.tryComplete(Promise.scala:288)
	at scala.concurrent.Promise.complete(Promise.scala:53)
	at scala.concurrent.Promise.complete$(Promise.scala:52)
	at scala.concurrent.impl.Promise$DefaultPromise.complete(Promise.scala:187)
	at scala.concurrent.impl.Promise.$anonfun$transform$1(Promise.scala:33)
	at scala.concurrent.impl.CallbackRunnable.run(Promise.scala:64)
	at scala.concurrent.BatchingExecutor$Batch.processBatch$1(BatchingExecutor.scala:67)
	at scala.concurrent.BatchingExecutor$Batch.$anonfun$run$1(BatchingExecutor.scala:82)
	at scala.runtime.java8.JFunction0$mcV$sp.apply(JFunction0$mcV$sp.java:23)
	at scala.concurrent.BlockContext$.withBlockContext(BlockContext.scala:85)
	at scala.concurrent.BatchingExecutor$Batch.run(BatchingExecutor.scala:59)
	at scala.concurrent.Future$InternalCallbackExecutor$.unbatchedExecute(Future.scala:875)
	at scala.concurrent.BatchingExecutor.execute(BatchingExecutor.scala:110)
	at scala.concurrent.BatchingExecutor.execute$(BatchingExecutor.scala:107)
	at scala.concurrent.Future$InternalCallbackExecutor$.execute(Future.scala:873)
	at scala.concurrent.impl.CallbackRunnable.executeWithValue(Promise.scala:72)
	at scala.concurrent.impl.Promise$DefaultPromise.$anonfun$tryComplete$1(Promise.scala:288)
	at scala.concurrent.impl.Promise$DefaultPromise.$anonfun$tryComplete$1$adapted(Promise.scala:288)
	at scala.concurrent.impl.Promise$DefaultPromise.tryComplete(Promise.scala:288)
	at scala.concurrent.Promise.trySuccess(Promise.scala:94)
	at scala.concurrent.Promise.trySuccess$(Promise.scala:94)
	at scala.concurrent.impl.Promise$DefaultPromise.trySuccess(Promise.scala:187)
	at org.apache.spark.rpc.netty.NettyRpcEnv.onSuccess$1(NettyRpcEnv.scala:225)
	at org.apache.spark.rpc.netty.NettyRpcEnv.$anonfun$askAbortable$5(NettyRpcEnv.scala:239)
	at org.apache.spark.rpc.netty.NettyRpcEnv.$anonfun$askAbortable$5$adapted(NettyRpcEnv.scala:238)
	at scala.concurrent.impl.CallbackRunnable.run(Promise.scala:64)
	at org.apache.spark.util.ThreadUtils$$anon$1.execute(ThreadUtils.scala:99)
	at scala.concurrent.impl.ExecutionContextImpl$$anon$4.execute(ExecutionContextImpl.scala:138)
	at scala.concurrent.impl.CallbackRunnable.executeWithValue(Promise.scala:72)
	at scala.concurrent.impl.Promise$DefaultPromise.$anonfun$tryComplete$1(Promise.scala:288)
	at scala.concurrent.impl.Promise$DefaultPromise.$anonfun$tryComplete$1$adapted(Promise.scala:288)
	at scala.concurrent.impl.Promise$DefaultPromise.tryComplete(Promise.scala:288)
	at scala.concurrent.Promise.complete(Promise.scala:53)
	at scala.concurrent.Promise.complete$(Promise.scala:52)
	at scala.concurrent.impl.Promise$DefaultPromise.complete(Promise.scala:187)
	at scala.concurrent.Promise.success(Promise.scala:86)
	at scala.concurrent.Promise.success$(Promise.scala:86)
	at scala.concurrent.impl.Promise$DefaultPromise.success(Promise.scala:187)
	at org.apache.spark.rpc.netty.LocalNettyRpcCallContext.send(NettyRpcCallContext.scala:50)
	at org.apache.spark.rpc.netty.NettyRpcCallContext.reply(NettyRpcCallContext.scala:32)
	at org.apache.spark.rpc.netty.RpcEndpointVerifier$$anonfun$receiveAndReply$1.applyOrElse(RpcEndpointVerifier.scala:31)
	... 8 common frames omitted
2025-12-10 03:05:17.230 [Executor task launch worker for task 0.0 in stage 28.0 (TID 84)] INFO  o.a.k.c.consumer.ConsumerConfig - ConsumerConfig values: 
	allow.auto.create.topics = true
	auto.commit.interval.ms = 5000
	auto.include.jmx.reporter = true
	auto.offset.reset = none
	bootstrap.servers = [localhost:9092]
	check.crcs = true
	client.dns.lookup = use_all_dns_ips
	client.id = consumer-spark-kafka-source-43fffd83-d95f-4bf0-b9df-74d6a29c4095-1616614700-executor-74
	client.rack = 
	connections.max.idle.ms = 540000
	default.api.timeout.ms = 60000
	enable.auto.commit = false
	enable.metrics.push = true
	exclude.internal.topics = true
	fetch.max.bytes = 52428800
	fetch.max.wait.ms = 500
	fetch.min.bytes = 1
	group.id = spark-kafka-source-43fffd83-d95f-4bf0-b9df-74d6a29c4095-1616614700-executor
	group.instance.id = null
	group.protocol = classic
	group.remote.assignor = null
	heartbeat.interval.ms = 3000
	interceptor.classes = []
	internal.leave.group.on.close = true
	internal.throw.on.fetch.stable.offset.unsupported = false
	isolation.level = read_uncommitted
	key.deserializer = class org.apache.kafka.common.serialization.ByteArrayDeserializer
	max.partition.fetch.bytes = 1048576
	max.poll.interval.ms = 300000
	max.poll.records = 500
	metadata.max.age.ms = 300000
	metric.reporters = []
	metrics.num.samples = 2
	metrics.recording.level = INFO
	metrics.sample.window.ms = 30000
	partition.assignment.strategy = [class org.apache.kafka.clients.consumer.RangeAssignor, class org.apache.kafka.clients.consumer.CooperativeStickyAssignor]
	receive.buffer.bytes = 65536
	reconnect.backoff.max.ms = 1000
	reconnect.backoff.ms = 50
	request.timeout.ms = 30000
	retry.backoff.max.ms = 1000
	retry.backoff.ms = 100
	sasl.client.callback.handler.class = null
	sasl.jaas.config = null
	sasl.kerberos.kinit.cmd = /usr/bin/kinit
	sasl.kerberos.min.time.before.relogin = 60000
	sasl.kerberos.service.name = null
	sasl.kerberos.ticket.renew.jitter = 0.05
	sasl.kerberos.ticket.renew.window.factor = 0.8
	sasl.login.callback.handler.class = null
	sasl.login.class = null
	sasl.login.connect.timeout.ms = null
	sasl.login.read.timeout.ms = null
	sasl.login.refresh.buffer.seconds = 300
	sasl.login.refresh.min.period.seconds = 60
	sasl.login.refresh.window.factor = 0.8
	sasl.login.refresh.window.jitter = 0.05
	sasl.login.retry.backoff.max.ms = 10000
	sasl.login.retry.backoff.ms = 100
	sasl.mechanism = GSSAPI
	sasl.oauthbearer.clock.skew.seconds = 30
	sasl.oauthbearer.expected.audience = null
	sasl.oauthbearer.expected.issuer = null
	sasl.oauthbearer.jwks.endpoint.refresh.ms = 3600000
	sasl.oauthbearer.jwks.endpoint.retry.backoff.max.ms = 10000
	sasl.oauthbearer.jwks.endpoint.retry.backoff.ms = 100
	sasl.oauthbearer.jwks.endpoint.url = null
	sasl.oauthbearer.scope.claim.name = scope
	sasl.oauthbearer.sub.claim.name = sub
	sasl.oauthbearer.token.endpoint.url = null
	security.protocol = PLAINTEXT
	security.providers = null
	send.buffer.bytes = 131072
	session.timeout.ms = 45000
	socket.connection.setup.timeout.max.ms = 30000
	socket.connection.setup.timeout.ms = 10000
	ssl.cipher.suites = null
	ssl.enabled.protocols = [TLSv1.2, TLSv1.3]
	ssl.endpoint.identification.algorithm = https
	ssl.engine.factory.class = null
	ssl.key.password = null
	ssl.keymanager.algorithm = SunX509
	ssl.keystore.certificate.chain = null
	ssl.keystore.key = null
	ssl.keystore.location = null
	ssl.keystore.password = null
	ssl.keystore.type = JKS
	ssl.protocol = TLSv1.3
	ssl.provider = null
	ssl.secure.random.implementation = null
	ssl.trustmanager.algorithm = PKIX
	ssl.truststore.certificates = null
	ssl.truststore.location = null
	ssl.truststore.password = null
	ssl.truststore.type = JKS
	value.deserializer = class org.apache.kafka.common.serialization.ByteArrayDeserializer

2025-12-10 03:05:17.230 [Executor task launch worker for task 2.0 in stage 28.0 (TID 86)] INFO  o.a.k.c.consumer.ConsumerConfig - ConsumerConfig values: 
	allow.auto.create.topics = true
	auto.commit.interval.ms = 5000
	auto.include.jmx.reporter = true
	auto.offset.reset = none
	bootstrap.servers = [localhost:9092]
	check.crcs = true
	client.dns.lookup = use_all_dns_ips
	client.id = consumer-spark-kafka-source-43fffd83-d95f-4bf0-b9df-74d6a29c4095-1616614700-executor-75
	client.rack = 
	connections.max.idle.ms = 540000
	default.api.timeout.ms = 60000
	enable.auto.commit = false
	enable.metrics.push = true
	exclude.internal.topics = true
	fetch.max.bytes = 52428800
	fetch.max.wait.ms = 500
	fetch.min.bytes = 1
	group.id = spark-kafka-source-43fffd83-d95f-4bf0-b9df-74d6a29c4095-1616614700-executor
	group.instance.id = null
	group.protocol = classic
	group.remote.assignor = null
	heartbeat.interval.ms = 3000
	interceptor.classes = []
	internal.leave.group.on.close = true
	internal.throw.on.fetch.stable.offset.unsupported = false
	isolation.level = read_uncommitted
	key.deserializer = class org.apache.kafka.common.serialization.ByteArrayDeserializer
	max.partition.fetch.bytes = 1048576
	max.poll.interval.ms = 300000
	max.poll.records = 500
	metadata.max.age.ms = 300000
	metric.reporters = []
	metrics.num.samples = 2
	metrics.recording.level = INFO
	metrics.sample.window.ms = 30000
	partition.assignment.strategy = [class org.apache.kafka.clients.consumer.RangeAssignor, class org.apache.kafka.clients.consumer.CooperativeStickyAssignor]
	receive.buffer.bytes = 65536
	reconnect.backoff.max.ms = 1000
	reconnect.backoff.ms = 50
	request.timeout.ms = 30000
	retry.backoff.max.ms = 1000
	retry.backoff.ms = 100
	sasl.client.callback.handler.class = null
	sasl.jaas.config = null
	sasl.kerberos.kinit.cmd = /usr/bin/kinit
	sasl.kerberos.min.time.before.relogin = 60000
	sasl.kerberos.service.name = null
	sasl.kerberos.ticket.renew.jitter = 0.05
	sasl.kerberos.ticket.renew.window.factor = 0.8
	sasl.login.callback.handler.class = null
	sasl.login.class = null
	sasl.login.connect.timeout.ms = null
	sasl.login.read.timeout.ms = null
	sasl.login.refresh.buffer.seconds = 300
	sasl.login.refresh.min.period.seconds = 60
	sasl.login.refresh.window.factor = 0.8
	sasl.login.refresh.window.jitter = 0.05
	sasl.login.retry.backoff.max.ms = 10000
	sasl.login.retry.backoff.ms = 100
	sasl.mechanism = GSSAPI
	sasl.oauthbearer.clock.skew.seconds = 30
	sasl.oauthbearer.expected.audience = null
	sasl.oauthbearer.expected.issuer = null
	sasl.oauthbearer.jwks.endpoint.refresh.ms = 3600000
	sasl.oauthbearer.jwks.endpoint.retry.backoff.max.ms = 10000
	sasl.oauthbearer.jwks.endpoint.retry.backoff.ms = 100
	sasl.oauthbearer.jwks.endpoint.url = null
	sasl.oauthbearer.scope.claim.name = scope
	sasl.oauthbearer.sub.claim.name = sub
	sasl.oauthbearer.token.endpoint.url = null
	security.protocol = PLAINTEXT
	security.providers = null
	send.buffer.bytes = 131072
	session.timeout.ms = 45000
	socket.connection.setup.timeout.max.ms = 30000
	socket.connection.setup.timeout.ms = 10000
	ssl.cipher.suites = null
	ssl.enabled.protocols = [TLSv1.2, TLSv1.3]
	ssl.endpoint.identification.algorithm = https
	ssl.engine.factory.class = null
	ssl.key.password = null
	ssl.keymanager.algorithm = SunX509
	ssl.keystore.certificate.chain = null
	ssl.keystore.key = null
	ssl.keystore.location = null
	ssl.keystore.password = null
	ssl.keystore.type = JKS
	ssl.protocol = TLSv1.3
	ssl.provider = null
	ssl.secure.random.implementation = null
	ssl.trustmanager.algorithm = PKIX
	ssl.truststore.certificates = null
	ssl.truststore.location = null
	ssl.truststore.password = null
	ssl.truststore.type = JKS
	value.deserializer = class org.apache.kafka.common.serialization.ByteArrayDeserializer

2025-12-10 03:05:17.230 [Executor task launch worker for task 1.0 in stage 28.0 (TID 85)] INFO  o.a.k.c.consumer.ConsumerConfig - ConsumerConfig values: 
	allow.auto.create.topics = true
	auto.commit.interval.ms = 5000
	auto.include.jmx.reporter = true
	auto.offset.reset = none
	bootstrap.servers = [localhost:9092]
	check.crcs = true
	client.dns.lookup = use_all_dns_ips
	client.id = consumer-spark-kafka-source-43fffd83-d95f-4bf0-b9df-74d6a29c4095-1616614700-executor-73
	client.rack = 
	connections.max.idle.ms = 540000
	default.api.timeout.ms = 60000
	enable.auto.commit = false
	enable.metrics.push = true
	exclude.internal.topics = true
	fetch.max.bytes = 52428800
	fetch.max.wait.ms = 500
	fetch.min.bytes = 1
	group.id = spark-kafka-source-43fffd83-d95f-4bf0-b9df-74d6a29c4095-1616614700-executor
	group.instance.id = null
	group.protocol = classic
	group.remote.assignor = null
	heartbeat.interval.ms = 3000
	interceptor.classes = []
	internal.leave.group.on.close = true
	internal.throw.on.fetch.stable.offset.unsupported = false
	isolation.level = read_uncommitted
	key.deserializer = class org.apache.kafka.common.serialization.ByteArrayDeserializer
	max.partition.fetch.bytes = 1048576
	max.poll.interval.ms = 300000
	max.poll.records = 500
	metadata.max.age.ms = 300000
	metric.reporters = []
	metrics.num.samples = 2
	metrics.recording.level = INFO
	metrics.sample.window.ms = 30000
	partition.assignment.strategy = [class org.apache.kafka.clients.consumer.RangeAssignor, class org.apache.kafka.clients.consumer.CooperativeStickyAssignor]
	receive.buffer.bytes = 65536
	reconnect.backoff.max.ms = 1000
	reconnect.backoff.ms = 50
	request.timeout.ms = 30000
	retry.backoff.max.ms = 1000
	retry.backoff.ms = 100
	sasl.client.callback.handler.class = null
	sasl.jaas.config = null
	sasl.kerberos.kinit.cmd = /usr/bin/kinit
	sasl.kerberos.min.time.before.relogin = 60000
	sasl.kerberos.service.name = null
	sasl.kerberos.ticket.renew.jitter = 0.05
	sasl.kerberos.ticket.renew.window.factor = 0.8
	sasl.login.callback.handler.class = null
	sasl.login.class = null
	sasl.login.connect.timeout.ms = null
	sasl.login.read.timeout.ms = null
	sasl.login.refresh.buffer.seconds = 300
	sasl.login.refresh.min.period.seconds = 60
	sasl.login.refresh.window.factor = 0.8
	sasl.login.refresh.window.jitter = 0.05
	sasl.login.retry.backoff.max.ms = 10000
	sasl.login.retry.backoff.ms = 100
	sasl.mechanism = GSSAPI
	sasl.oauthbearer.clock.skew.seconds = 30
	sasl.oauthbearer.expected.audience = null
	sasl.oauthbearer.expected.issuer = null
	sasl.oauthbearer.jwks.endpoint.refresh.ms = 3600000
	sasl.oauthbearer.jwks.endpoint.retry.backoff.max.ms = 10000
	sasl.oauthbearer.jwks.endpoint.retry.backoff.ms = 100
	sasl.oauthbearer.jwks.endpoint.url = null
	sasl.oauthbearer.scope.claim.name = scope
	sasl.oauthbearer.sub.claim.name = sub
	sasl.oauthbearer.token.endpoint.url = null
	security.protocol = PLAINTEXT
	security.providers = null
	send.buffer.bytes = 131072
	session.timeout.ms = 45000
	socket.connection.setup.timeout.max.ms = 30000
	socket.connection.setup.timeout.ms = 10000
	ssl.cipher.suites = null
	ssl.enabled.protocols = [TLSv1.2, TLSv1.3]
	ssl.endpoint.identification.algorithm = https
	ssl.engine.factory.class = null
	ssl.key.password = null
	ssl.keymanager.algorithm = SunX509
	ssl.keystore.certificate.chain = null
	ssl.keystore.key = null
	ssl.keystore.location = null
	ssl.keystore.password = null
	ssl.keystore.type = JKS
	ssl.protocol = TLSv1.3
	ssl.provider = null
	ssl.secure.random.implementation = null
	ssl.trustmanager.algorithm = PKIX
	ssl.truststore.certificates = null
	ssl.truststore.location = null
	ssl.truststore.password = null
	ssl.truststore.type = JKS
	value.deserializer = class org.apache.kafka.common.serialization.ByteArrayDeserializer

2025-12-10 03:05:17.919 [Executor task launch worker for task 0.0 in stage 28.0 (TID 84)] INFO  o.a.k.c.t.i.KafkaMetricsCollector - initializing Kafka metrics collector
2025-12-10 03:05:17.920 [Executor task launch worker for task 2.0 in stage 28.0 (TID 86)] INFO  o.a.k.c.t.i.KafkaMetricsCollector - initializing Kafka metrics collector
2025-12-10 03:05:17.922 [Executor task launch worker for task 1.0 in stage 28.0 (TID 85)] INFO  o.a.k.c.t.i.KafkaMetricsCollector - initializing Kafka metrics collector
2025-12-10 03:05:17.927 [Executor task launch worker for task 2.0 in stage 28.0 (TID 86)] INFO  o.a.kafka.common.utils.AppInfoParser - Kafka version: 3.7.0
2025-12-10 03:05:17.934 [Executor task launch worker for task 2.0 in stage 28.0 (TID 86)] INFO  o.a.kafka.common.utils.AppInfoParser - Kafka commitId: 2ae524ed625438c5
2025-12-10 03:05:17.934 [Executor task launch worker for task 2.0 in stage 28.0 (TID 86)] INFO  o.a.kafka.common.utils.AppInfoParser - Kafka startTimeMs: 1765316117927
2025-12-10 03:05:17.935 [Executor task launch worker for task 1.0 in stage 28.0 (TID 85)] INFO  o.a.kafka.common.utils.AppInfoParser - Kafka version: 3.7.0
2025-12-10 03:05:17.935 [Executor task launch worker for task 2.0 in stage 28.0 (TID 86)] INFO  o.a.k.c.c.i.LegacyKafkaConsumer - [Consumer clientId=consumer-spark-kafka-source-43fffd83-d95f-4bf0-b9df-74d6a29c4095-1616614700-executor-75, groupId=spark-kafka-source-43fffd83-d95f-4bf0-b9df-74d6a29c4095-1616614700-executor] Assigned to partition(s): customer_events-2
2025-12-10 03:05:17.935 [Executor task launch worker for task 1.0 in stage 28.0 (TID 85)] INFO  o.a.kafka.common.utils.AppInfoParser - Kafka commitId: 2ae524ed625438c5
2025-12-10 03:05:17.935 [Executor task launch worker for task 1.0 in stage 28.0 (TID 85)] INFO  o.a.kafka.common.utils.AppInfoParser - Kafka startTimeMs: 1765316117927
2025-12-10 03:05:17.935 [Executor task launch worker for task 0.0 in stage 28.0 (TID 84)] INFO  o.a.kafka.common.utils.AppInfoParser - Kafka version: 3.7.0
2025-12-10 03:05:17.935 [Executor task launch worker for task 1.0 in stage 28.0 (TID 85)] INFO  o.a.k.c.c.i.LegacyKafkaConsumer - [Consumer clientId=consumer-spark-kafka-source-43fffd83-d95f-4bf0-b9df-74d6a29c4095-1616614700-executor-73, groupId=spark-kafka-source-43fffd83-d95f-4bf0-b9df-74d6a29c4095-1616614700-executor] Assigned to partition(s): customer_events-0
2025-12-10 03:05:17.935 [Executor task launch worker for task 0.0 in stage 28.0 (TID 84)] INFO  o.a.kafka.common.utils.AppInfoParser - Kafka commitId: 2ae524ed625438c5
2025-12-10 03:05:17.936 [Executor task launch worker for task 2.0 in stage 28.0 (TID 86)] INFO  o.a.k.c.c.i.LegacyKafkaConsumer - [Consumer clientId=consumer-spark-kafka-source-43fffd83-d95f-4bf0-b9df-74d6a29c4095-1616614700-executor-75, groupId=spark-kafka-source-43fffd83-d95f-4bf0-b9df-74d6a29c4095-1616614700-executor] Seeking to offset 69761 for partition customer_events-2
2025-12-10 03:05:17.936 [Executor task launch worker for task 1.0 in stage 28.0 (TID 85)] INFO  o.a.k.c.c.i.LegacyKafkaConsumer - [Consumer clientId=consumer-spark-kafka-source-43fffd83-d95f-4bf0-b9df-74d6a29c4095-1616614700-executor-73, groupId=spark-kafka-source-43fffd83-d95f-4bf0-b9df-74d6a29c4095-1616614700-executor] Seeking to offset 70402 for partition customer_events-0
2025-12-10 03:05:17.936 [Executor task launch worker for task 0.0 in stage 28.0 (TID 84)] INFO  o.a.kafka.common.utils.AppInfoParser - Kafka startTimeMs: 1765316117927
2025-12-10 03:05:17.936 [Executor task launch worker for task 0.0 in stage 28.0 (TID 84)] INFO  o.a.k.c.c.i.LegacyKafkaConsumer - [Consumer clientId=consumer-spark-kafka-source-43fffd83-d95f-4bf0-b9df-74d6a29c4095-1616614700-executor-74, groupId=spark-kafka-source-43fffd83-d95f-4bf0-b9df-74d6a29c4095-1616614700-executor] Assigned to partition(s): customer_events-1
2025-12-10 03:05:17.937 [Executor task launch worker for task 0.0 in stage 28.0 (TID 84)] INFO  o.a.k.c.c.i.LegacyKafkaConsumer - [Consumer clientId=consumer-spark-kafka-source-43fffd83-d95f-4bf0-b9df-74d6a29c4095-1616614700-executor-74, groupId=spark-kafka-source-43fffd83-d95f-4bf0-b9df-74d6a29c4095-1616614700-executor] Seeking to offset 70482 for partition customer_events-1
2025-12-10 03:05:17.946 [Executor task launch worker for task 2.0 in stage 28.0 (TID 86)] INFO  org.apache.kafka.clients.Metadata - [Consumer clientId=consumer-spark-kafka-source-43fffd83-d95f-4bf0-b9df-74d6a29c4095-1616614700-executor-75, groupId=spark-kafka-source-43fffd83-d95f-4bf0-b9df-74d6a29c4095-1616614700-executor] Cluster ID: utc3eCJxTsah_zGClk2_uQ
2025-12-10 03:05:17.946 [Executor task launch worker for task 0.0 in stage 28.0 (TID 84)] INFO  org.apache.kafka.clients.Metadata - [Consumer clientId=consumer-spark-kafka-source-43fffd83-d95f-4bf0-b9df-74d6a29c4095-1616614700-executor-74, groupId=spark-kafka-source-43fffd83-d95f-4bf0-b9df-74d6a29c4095-1616614700-executor] Cluster ID: utc3eCJxTsah_zGClk2_uQ
2025-12-10 03:05:17.946 [Executor task launch worker for task 1.0 in stage 28.0 (TID 85)] INFO  org.apache.kafka.clients.Metadata - [Consumer clientId=consumer-spark-kafka-source-43fffd83-d95f-4bf0-b9df-74d6a29c4095-1616614700-executor-73, groupId=spark-kafka-source-43fffd83-d95f-4bf0-b9df-74d6a29c4095-1616614700-executor] Cluster ID: utc3eCJxTsah_zGClk2_uQ
2025-12-10 03:05:17.983 [Executor task launch worker for task 2.0 in stage 28.0 (TID 86)] INFO  o.a.k.c.c.i.SubscriptionState - [Consumer clientId=consumer-spark-kafka-source-43fffd83-d95f-4bf0-b9df-74d6a29c4095-1616614700-executor-75, groupId=spark-kafka-source-43fffd83-d95f-4bf0-b9df-74d6a29c4095-1616614700-executor] Seeking to earliest offset of partition customer_events-2
2025-12-10 03:05:17.983 [Executor task launch worker for task 0.0 in stage 28.0 (TID 84)] INFO  o.a.k.c.c.i.SubscriptionState - [Consumer clientId=consumer-spark-kafka-source-43fffd83-d95f-4bf0-b9df-74d6a29c4095-1616614700-executor-74, groupId=spark-kafka-source-43fffd83-d95f-4bf0-b9df-74d6a29c4095-1616614700-executor] Seeking to earliest offset of partition customer_events-1
2025-12-10 03:05:17.983 [dispatcher-BlockManagerMaster] ERROR org.apache.spark.rpc.netty.Inbox - Ignoring error
org.apache.spark.SparkException: Exception thrown in awaitResult: 
	at org.apache.spark.util.SparkThreadUtils$.awaitResult(SparkThreadUtils.scala:56)
	at org.apache.spark.util.ThreadUtils$.awaitResult(ThreadUtils.scala:310)
	at org.apache.spark.rpc.RpcTimeout.awaitResult(RpcTimeout.scala:75)
	at org.apache.spark.rpc.RpcEnv.setupEndpointRefByURI(RpcEnv.scala:102)
	at org.apache.spark.rpc.RpcEnv.setupEndpointRef(RpcEnv.scala:110)
	at org.apache.spark.util.RpcUtils$.makeDriverRef(RpcUtils.scala:36)
	at org.apache.spark.storage.BlockManagerMasterEndpoint.driverEndpoint$lzycompute(BlockManagerMasterEndpoint.scala:124)
	at org.apache.spark.storage.BlockManagerMasterEndpoint.org$apache$spark$storage$BlockManagerMasterEndpoint$$driverEndpoint(BlockManagerMasterEndpoint.scala:123)
	at org.apache.spark.storage.BlockManagerMasterEndpoint.isExecutorAlive$lzycompute$1(BlockManagerMasterEndpoint.scala:688)
	at org.apache.spark.storage.BlockManagerMasterEndpoint.isExecutorAlive$1(BlockManagerMasterEndpoint.scala:687)
	at org.apache.spark.storage.BlockManagerMasterEndpoint.org$apache$spark$storage$BlockManagerMasterEndpoint$$register(BlockManagerMasterEndpoint.scala:725)
	at org.apache.spark.storage.BlockManagerMasterEndpoint$$anonfun$receiveAndReply$1.applyOrElse(BlockManagerMasterEndpoint.scala:133)
	at org.apache.spark.rpc.netty.Inbox.$anonfun$process$1(Inbox.scala:103)
	at org.apache.spark.rpc.netty.Inbox.safelyCall(Inbox.scala:213)
	at org.apache.spark.rpc.netty.Inbox.process(Inbox.scala:100)
	at org.apache.spark.rpc.netty.MessageLoop.org$apache$spark$rpc$netty$MessageLoop$$receiveLoop(MessageLoop.scala:75)
	at org.apache.spark.rpc.netty.MessageLoop$$anon$1.run(MessageLoop.scala:41)
	at java.base/java.util.concurrent.ThreadPoolExecutor.runWorker(ThreadPoolExecutor.java:1128)
	at java.base/java.util.concurrent.ThreadPoolExecutor$Worker.run(ThreadPoolExecutor.java:628)
	at java.base/java.lang.Thread.run(Thread.java:829)
Caused by: org.apache.spark.rpc.RpcEndpointNotFoundException: Cannot find endpoint: spark://CoarseGrainedScheduler@172.16.26.142:59279
	at org.apache.spark.rpc.netty.NettyRpcEnv.$anonfun$asyncSetupEndpointRefByURI$1(NettyRpcEnv.scala:148)
	at org.apache.spark.rpc.netty.NettyRpcEnv.$anonfun$asyncSetupEndpointRefByURI$1$adapted(NettyRpcEnv.scala:144)
	at scala.concurrent.Future.$anonfun$flatMap$1(Future.scala:307)
	at scala.concurrent.impl.Promise.$anonfun$transformWith$1(Promise.scala:41)
	at scala.concurrent.impl.CallbackRunnable.run(Promise.scala:64)
	at org.apache.spark.util.ThreadUtils$$anon$1.execute(ThreadUtils.scala:99)
	at scala.concurrent.impl.ExecutionContextImpl$$anon$4.execute(ExecutionContextImpl.scala:138)
	at scala.concurrent.impl.CallbackRunnable.executeWithValue(Promise.scala:72)
	at scala.concurrent.impl.Promise$DefaultPromise.dispatchOrAddCallback(Promise.scala:316)
	at scala.concurrent.impl.Promise$DefaultPromise.onComplete(Promise.scala:307)
	at scala.concurrent.impl.Promise.transformWith(Promise.scala:40)
	at scala.concurrent.impl.Promise.transformWith$(Promise.scala:38)
	at scala.concurrent.impl.Promise$DefaultPromise.transformWith(Promise.scala:187)
	at scala.concurrent.Future.flatMap(Future.scala:306)
	at scala.concurrent.Future.flatMap$(Future.scala:306)
	at scala.concurrent.impl.Promise$DefaultPromise.flatMap(Promise.scala:187)
	at org.apache.spark.rpc.netty.NettyRpcEnv.asyncSetupEndpointRefByURI(NettyRpcEnv.scala:150)
	... 17 common frames omitted
2025-12-10 03:05:17.983 [executor-heartbeater] WARN  org.apache.spark.executor.Executor - Issue communicating with driver in heartbeater
org.apache.spark.SparkException: Exception thrown in awaitResult: 
	at org.apache.spark.util.SparkThreadUtils$.awaitResult(SparkThreadUtils.scala:56)
	at org.apache.spark.util.ThreadUtils$.awaitResult(ThreadUtils.scala:310)
	at org.apache.spark.rpc.RpcTimeout.awaitResult(RpcTimeout.scala:75)
	at org.apache.spark.rpc.RpcEndpointRef.askSync(RpcEndpointRef.scala:101)
	at org.apache.spark.rpc.RpcEndpointRef.askSync(RpcEndpointRef.scala:85)
	at org.apache.spark.storage.BlockManagerMaster.registerBlockManager(BlockManagerMaster.scala:80)
	at org.apache.spark.storage.BlockManager.reregister(BlockManager.scala:642)
	at org.apache.spark.executor.Executor.reportHeartBeat(Executor.scala:1223)
	at org.apache.spark.executor.Executor.$anonfun$heartbeater$1(Executor.scala:295)
	at scala.runtime.java8.JFunction0$mcV$sp.apply(JFunction0$mcV$sp.java:23)
	at org.apache.spark.util.Utils$.logUncaughtExceptions(Utils.scala:1928)
	at org.apache.spark.Heartbeater$$anon$1.run(Heartbeater.scala:46)
	at java.base/java.util.concurrent.Executors$RunnableAdapter.call(Executors.java:515)
	at java.base/java.util.concurrent.FutureTask.runAndReset(FutureTask.java:305)
	at java.base/java.util.concurrent.ScheduledThreadPoolExecutor$ScheduledFutureTask.run(ScheduledThreadPoolExecutor.java:305)
	at java.base/java.util.concurrent.ThreadPoolExecutor.runWorker(ThreadPoolExecutor.java:1128)
	at java.base/java.util.concurrent.ThreadPoolExecutor$Worker.run(ThreadPoolExecutor.java:628)
	at java.base/java.lang.Thread.run(Thread.java:829)
Caused by: org.apache.spark.SparkException: Exception thrown in awaitResult: 
	at org.apache.spark.util.SparkThreadUtils$.awaitResult(SparkThreadUtils.scala:56)
	at org.apache.spark.util.ThreadUtils$.awaitResult(ThreadUtils.scala:310)
	at org.apache.spark.rpc.RpcTimeout.awaitResult(RpcTimeout.scala:75)
	at org.apache.spark.rpc.RpcEnv.setupEndpointRefByURI(RpcEnv.scala:102)
	at org.apache.spark.rpc.RpcEnv.setupEndpointRef(RpcEnv.scala:110)
	at org.apache.spark.util.RpcUtils$.makeDriverRef(RpcUtils.scala:36)
	at org.apache.spark.storage.BlockManagerMasterEndpoint.driverEndpoint$lzycompute(BlockManagerMasterEndpoint.scala:124)
	at org.apache.spark.storage.BlockManagerMasterEndpoint.org$apache$spark$storage$BlockManagerMasterEndpoint$$driverEndpoint(BlockManagerMasterEndpoint.scala:123)
	at org.apache.spark.storage.BlockManagerMasterEndpoint.isExecutorAlive$lzycompute$1(BlockManagerMasterEndpoint.scala:688)
	at org.apache.spark.storage.BlockManagerMasterEndpoint.isExecutorAlive$1(BlockManagerMasterEndpoint.scala:687)
	at org.apache.spark.storage.BlockManagerMasterEndpoint.org$apache$spark$storage$BlockManagerMasterEndpoint$$register(BlockManagerMasterEndpoint.scala:725)
	at org.apache.spark.storage.BlockManagerMasterEndpoint$$anonfun$receiveAndReply$1.applyOrElse(BlockManagerMasterEndpoint.scala:133)
	at org.apache.spark.rpc.netty.Inbox.$anonfun$process$1(Inbox.scala:103)
	at org.apache.spark.rpc.netty.Inbox.safelyCall(Inbox.scala:213)
	at org.apache.spark.rpc.netty.Inbox.process(Inbox.scala:100)
	at org.apache.spark.rpc.netty.MessageLoop.org$apache$spark$rpc$netty$MessageLoop$$receiveLoop(MessageLoop.scala:75)
	at org.apache.spark.rpc.netty.MessageLoop$$anon$1.run(MessageLoop.scala:41)
	... 3 common frames omitted
Caused by: org.apache.spark.rpc.RpcEndpointNotFoundException: Cannot find endpoint: spark://CoarseGrainedScheduler@172.16.26.142:59279
	at org.apache.spark.rpc.netty.NettyRpcEnv.$anonfun$asyncSetupEndpointRefByURI$1(NettyRpcEnv.scala:148)
	at org.apache.spark.rpc.netty.NettyRpcEnv.$anonfun$asyncSetupEndpointRefByURI$1$adapted(NettyRpcEnv.scala:144)
	at scala.concurrent.Future.$anonfun$flatMap$1(Future.scala:307)
	at scala.concurrent.impl.Promise.$anonfun$transformWith$1(Promise.scala:41)
	at scala.concurrent.impl.CallbackRunnable.run(Promise.scala:64)
	at org.apache.spark.util.ThreadUtils$$anon$1.execute(ThreadUtils.scala:99)
	at scala.concurrent.impl.ExecutionContextImpl$$anon$4.execute(ExecutionContextImpl.scala:138)
	at scala.concurrent.impl.CallbackRunnable.executeWithValue(Promise.scala:72)
	at scala.concurrent.impl.Promise$DefaultPromise.dispatchOrAddCallback(Promise.scala:316)
	at scala.concurrent.impl.Promise$DefaultPromise.onComplete(Promise.scala:307)
	at scala.concurrent.impl.Promise.transformWith(Promise.scala:40)
	at scala.concurrent.impl.Promise.transformWith$(Promise.scala:38)
	at scala.concurrent.impl.Promise$DefaultPromise.transformWith(Promise.scala:187)
	at scala.concurrent.Future.flatMap(Future.scala:306)
	at scala.concurrent.Future.flatMap$(Future.scala:306)
	at scala.concurrent.impl.Promise$DefaultPromise.flatMap(Promise.scala:187)
	at org.apache.spark.rpc.netty.NettyRpcEnv.asyncSetupEndpointRefByURI(NettyRpcEnv.scala:150)
	... 17 common frames omitted
2025-12-10 03:05:17.986 [Executor task launch worker for task 1.0 in stage 28.0 (TID 85)] INFO  o.a.k.c.c.i.SubscriptionState - [Consumer clientId=consumer-spark-kafka-source-43fffd83-d95f-4bf0-b9df-74d6a29c4095-1616614700-executor-73, groupId=spark-kafka-source-43fffd83-d95f-4bf0-b9df-74d6a29c4095-1616614700-executor] Seeking to earliest offset of partition customer_events-0
2025-12-10 03:05:17.989 [Executor task launch worker for task 2.0 in stage 28.0 (TID 86)] INFO  o.a.k.c.c.i.SubscriptionState - [Consumer clientId=consumer-spark-kafka-source-43fffd83-d95f-4bf0-b9df-74d6a29c4095-1616614700-executor-75, groupId=spark-kafka-source-43fffd83-d95f-4bf0-b9df-74d6a29c4095-1616614700-executor] Resetting offset for partition customer_events-2 to position FetchPosition{offset=0, offsetEpoch=Optional.empty, currentLeader=LeaderAndEpoch{leader=Optional[localhost:9093 (id: 1 rack: null)], epoch=0}}.
2025-12-10 03:05:17.989 [Executor task launch worker for task 2.0 in stage 28.0 (TID 86)] INFO  o.a.k.c.c.i.SubscriptionState - [Consumer clientId=consumer-spark-kafka-source-43fffd83-d95f-4bf0-b9df-74d6a29c4095-1616614700-executor-75, groupId=spark-kafka-source-43fffd83-d95f-4bf0-b9df-74d6a29c4095-1616614700-executor] Seeking to latest offset of partition customer_events-2
2025-12-10 03:05:17.990 [Executor task launch worker for task 1.0 in stage 28.0 (TID 85)] INFO  o.a.k.c.c.i.SubscriptionState - [Consumer clientId=consumer-spark-kafka-source-43fffd83-d95f-4bf0-b9df-74d6a29c4095-1616614700-executor-73, groupId=spark-kafka-source-43fffd83-d95f-4bf0-b9df-74d6a29c4095-1616614700-executor] Resetting offset for partition customer_events-0 to position FetchPosition{offset=0, offsetEpoch=Optional.empty, currentLeader=LeaderAndEpoch{leader=Optional[localhost:9092 (id: 0 rack: null)], epoch=0}}.
2025-12-10 03:05:17.990 [Executor task launch worker for task 1.0 in stage 28.0 (TID 85)] INFO  o.a.k.c.c.i.SubscriptionState - [Consumer clientId=consumer-spark-kafka-source-43fffd83-d95f-4bf0-b9df-74d6a29c4095-1616614700-executor-73, groupId=spark-kafka-source-43fffd83-d95f-4bf0-b9df-74d6a29c4095-1616614700-executor] Seeking to latest offset of partition customer_events-0
2025-12-10 03:05:17.990 [Executor task launch worker for task 2.0 in stage 28.0 (TID 86)] INFO  o.a.k.c.c.i.SubscriptionState - [Consumer clientId=consumer-spark-kafka-source-43fffd83-d95f-4bf0-b9df-74d6a29c4095-1616614700-executor-75, groupId=spark-kafka-source-43fffd83-d95f-4bf0-b9df-74d6a29c4095-1616614700-executor] Resetting offset for partition customer_events-2 to position FetchPosition{offset=72888, offsetEpoch=Optional.empty, currentLeader=LeaderAndEpoch{leader=Optional[localhost:9093 (id: 1 rack: null)], epoch=0}}.
2025-12-10 03:05:17.992 [Executor task launch worker for task 1.0 in stage 28.0 (TID 85)] INFO  o.a.k.c.c.i.SubscriptionState - [Consumer clientId=consumer-spark-kafka-source-43fffd83-d95f-4bf0-b9df-74d6a29c4095-1616614700-executor-73, groupId=spark-kafka-source-43fffd83-d95f-4bf0-b9df-74d6a29c4095-1616614700-executor] Resetting offset for partition customer_events-0 to position FetchPosition{offset=73413, offsetEpoch=Optional.empty, currentLeader=LeaderAndEpoch{leader=Optional[localhost:9092 (id: 0 rack: null)], epoch=0}}.
2025-12-10 03:05:17.999 [Executor task launch worker for task 1.0 in stage 28.0 (TID 85)] INFO  o.a.k.c.c.i.LegacyKafkaConsumer - [Consumer clientId=consumer-spark-kafka-source-43fffd83-d95f-4bf0-b9df-74d6a29c4095-1616614700-executor-73, groupId=spark-kafka-source-43fffd83-d95f-4bf0-b9df-74d6a29c4095-1616614700-executor] Seeking to offset 70902 for partition customer_events-0
2025-12-10 03:05:18.001 [Executor task launch worker for task 0.0 in stage 28.0 (TID 84)] INFO  o.a.k.c.c.i.SubscriptionState - [Consumer clientId=consumer-spark-kafka-source-43fffd83-d95f-4bf0-b9df-74d6a29c4095-1616614700-executor-74, groupId=spark-kafka-source-43fffd83-d95f-4bf0-b9df-74d6a29c4095-1616614700-executor] Resetting offset for partition customer_events-1 to position FetchPosition{offset=0, offsetEpoch=Optional.empty, currentLeader=LeaderAndEpoch{leader=Optional[localhost:9094 (id: 2 rack: null)], epoch=0}}.
2025-12-10 03:05:18.001 [Executor task launch worker for task 1.0 in stage 28.0 (TID 85)] INFO  o.a.k.c.c.i.SubscriptionState - [Consumer clientId=consumer-spark-kafka-source-43fffd83-d95f-4bf0-b9df-74d6a29c4095-1616614700-executor-73, groupId=spark-kafka-source-43fffd83-d95f-4bf0-b9df-74d6a29c4095-1616614700-executor] Seeking to earliest offset of partition customer_events-0
2025-12-10 03:05:18.001 [Executor task launch worker for task 0.0 in stage 28.0 (TID 84)] INFO  o.a.k.c.c.i.SubscriptionState - [Consumer clientId=consumer-spark-kafka-source-43fffd83-d95f-4bf0-b9df-74d6a29c4095-1616614700-executor-74, groupId=spark-kafka-source-43fffd83-d95f-4bf0-b9df-74d6a29c4095-1616614700-executor] Seeking to latest offset of partition customer_events-1
2025-12-10 03:05:18.003 [Executor task launch worker for task 2.0 in stage 28.0 (TID 86)] INFO  o.a.k.c.c.i.LegacyKafkaConsumer - [Consumer clientId=consumer-spark-kafka-source-43fffd83-d95f-4bf0-b9df-74d6a29c4095-1616614700-executor-75, groupId=spark-kafka-source-43fffd83-d95f-4bf0-b9df-74d6a29c4095-1616614700-executor] Seeking to offset 70261 for partition customer_events-2
2025-12-10 03:05:18.003 [Executor task launch worker for task 0.0 in stage 28.0 (TID 84)] INFO  o.a.k.c.c.i.SubscriptionState - [Consumer clientId=consumer-spark-kafka-source-43fffd83-d95f-4bf0-b9df-74d6a29c4095-1616614700-executor-74, groupId=spark-kafka-source-43fffd83-d95f-4bf0-b9df-74d6a29c4095-1616614700-executor] Resetting offset for partition customer_events-1 to position FetchPosition{offset=73438, offsetEpoch=Optional.empty, currentLeader=LeaderAndEpoch{leader=Optional[localhost:9094 (id: 2 rack: null)], epoch=0}}.
2025-12-10 03:05:18.003 [Executor task launch worker for task 1.0 in stage 28.0 (TID 85)] INFO  o.a.k.c.c.i.SubscriptionState - [Consumer clientId=consumer-spark-kafka-source-43fffd83-d95f-4bf0-b9df-74d6a29c4095-1616614700-executor-73, groupId=spark-kafka-source-43fffd83-d95f-4bf0-b9df-74d6a29c4095-1616614700-executor] Resetting offset for partition customer_events-0 to position FetchPosition{offset=0, offsetEpoch=Optional.empty, currentLeader=LeaderAndEpoch{leader=Optional[localhost:9092 (id: 0 rack: null)], epoch=0}}.
2025-12-10 03:05:18.003 [Executor task launch worker for task 1.0 in stage 28.0 (TID 85)] INFO  o.a.k.c.c.i.SubscriptionState - [Consumer clientId=consumer-spark-kafka-source-43fffd83-d95f-4bf0-b9df-74d6a29c4095-1616614700-executor-73, groupId=spark-kafka-source-43fffd83-d95f-4bf0-b9df-74d6a29c4095-1616614700-executor] Seeking to latest offset of partition customer_events-0
2025-12-10 03:05:18.004 [Executor task launch worker for task 2.0 in stage 28.0 (TID 86)] INFO  o.a.k.c.c.i.SubscriptionState - [Consumer clientId=consumer-spark-kafka-source-43fffd83-d95f-4bf0-b9df-74d6a29c4095-1616614700-executor-75, groupId=spark-kafka-source-43fffd83-d95f-4bf0-b9df-74d6a29c4095-1616614700-executor] Seeking to earliest offset of partition customer_events-2
2025-12-10 03:05:18.004 [Executor task launch worker for task 1.0 in stage 28.0 (TID 85)] INFO  o.a.k.c.c.i.SubscriptionState - [Consumer clientId=consumer-spark-kafka-source-43fffd83-d95f-4bf0-b9df-74d6a29c4095-1616614700-executor-73, groupId=spark-kafka-source-43fffd83-d95f-4bf0-b9df-74d6a29c4095-1616614700-executor] Resetting offset for partition customer_events-0 to position FetchPosition{offset=73413, offsetEpoch=Optional.empty, currentLeader=LeaderAndEpoch{leader=Optional[localhost:9092 (id: 0 rack: null)], epoch=0}}.
2025-12-10 03:05:18.006 [Executor task launch worker for task 2.0 in stage 28.0 (TID 86)] INFO  o.a.k.c.c.i.SubscriptionState - [Consumer clientId=consumer-spark-kafka-source-43fffd83-d95f-4bf0-b9df-74d6a29c4095-1616614700-executor-75, groupId=spark-kafka-source-43fffd83-d95f-4bf0-b9df-74d6a29c4095-1616614700-executor] Resetting offset for partition customer_events-2 to position FetchPosition{offset=0, offsetEpoch=Optional.empty, currentLeader=LeaderAndEpoch{leader=Optional[localhost:9093 (id: 1 rack: null)], epoch=0}}.
2025-12-10 03:05:18.007 [Executor task launch worker for task 2.0 in stage 28.0 (TID 86)] INFO  o.a.k.c.c.i.SubscriptionState - [Consumer clientId=consumer-spark-kafka-source-43fffd83-d95f-4bf0-b9df-74d6a29c4095-1616614700-executor-75, groupId=spark-kafka-source-43fffd83-d95f-4bf0-b9df-74d6a29c4095-1616614700-executor] Seeking to latest offset of partition customer_events-2
2025-12-10 03:05:18.011 [Executor task launch worker for task 2.0 in stage 28.0 (TID 86)] INFO  o.a.k.c.c.i.SubscriptionState - [Consumer clientId=consumer-spark-kafka-source-43fffd83-d95f-4bf0-b9df-74d6a29c4095-1616614700-executor-75, groupId=spark-kafka-source-43fffd83-d95f-4bf0-b9df-74d6a29c4095-1616614700-executor] Resetting offset for partition customer_events-2 to position FetchPosition{offset=72889, offsetEpoch=Optional.empty, currentLeader=LeaderAndEpoch{leader=Optional[localhost:9093 (id: 1 rack: null)], epoch=0}}.
2025-12-10 03:05:18.013 [Executor task launch worker for task 1.0 in stage 28.0 (TID 85)] INFO  o.a.k.c.c.i.LegacyKafkaConsumer - [Consumer clientId=consumer-spark-kafka-source-43fffd83-d95f-4bf0-b9df-74d6a29c4095-1616614700-executor-73, groupId=spark-kafka-source-43fffd83-d95f-4bf0-b9df-74d6a29c4095-1616614700-executor] Seeking to offset 71402 for partition customer_events-0
2025-12-10 03:05:18.013 [Executor task launch worker for task 2.0 in stage 28.0 (TID 86)] INFO  o.a.k.c.c.i.LegacyKafkaConsumer - [Consumer clientId=consumer-spark-kafka-source-43fffd83-d95f-4bf0-b9df-74d6a29c4095-1616614700-executor-75, groupId=spark-kafka-source-43fffd83-d95f-4bf0-b9df-74d6a29c4095-1616614700-executor] Seeking to offset 70761 for partition customer_events-2
2025-12-10 03:05:18.014 [Executor task launch worker for task 0.0 in stage 28.0 (TID 84)] INFO  o.a.k.c.c.i.LegacyKafkaConsumer - [Consumer clientId=consumer-spark-kafka-source-43fffd83-d95f-4bf0-b9df-74d6a29c4095-1616614700-executor-74, groupId=spark-kafka-source-43fffd83-d95f-4bf0-b9df-74d6a29c4095-1616614700-executor] Seeking to offset 70982 for partition customer_events-1
2025-12-10 03:05:18.014 [Executor task launch worker for task 1.0 in stage 28.0 (TID 85)] INFO  o.a.k.c.c.i.SubscriptionState - [Consumer clientId=consumer-spark-kafka-source-43fffd83-d95f-4bf0-b9df-74d6a29c4095-1616614700-executor-73, groupId=spark-kafka-source-43fffd83-d95f-4bf0-b9df-74d6a29c4095-1616614700-executor] Seeking to earliest offset of partition customer_events-0
2025-12-10 03:05:18.014 [Executor task launch worker for task 2.0 in stage 28.0 (TID 86)] INFO  o.a.k.c.c.i.SubscriptionState - [Consumer clientId=consumer-spark-kafka-source-43fffd83-d95f-4bf0-b9df-74d6a29c4095-1616614700-executor-75, groupId=spark-kafka-source-43fffd83-d95f-4bf0-b9df-74d6a29c4095-1616614700-executor] Seeking to earliest offset of partition customer_events-2
2025-12-10 03:05:18.014 [Executor task launch worker for task 0.0 in stage 28.0 (TID 84)] INFO  o.a.k.c.c.i.SubscriptionState - [Consumer clientId=consumer-spark-kafka-source-43fffd83-d95f-4bf0-b9df-74d6a29c4095-1616614700-executor-74, groupId=spark-kafka-source-43fffd83-d95f-4bf0-b9df-74d6a29c4095-1616614700-executor] Seeking to earliest offset of partition customer_events-1
2025-12-10 03:05:18.016 [Executor task launch worker for task 2.0 in stage 28.0 (TID 86)] INFO  o.a.k.c.c.i.SubscriptionState - [Consumer clientId=consumer-spark-kafka-source-43fffd83-d95f-4bf0-b9df-74d6a29c4095-1616614700-executor-75, groupId=spark-kafka-source-43fffd83-d95f-4bf0-b9df-74d6a29c4095-1616614700-executor] Resetting offset for partition customer_events-2 to position FetchPosition{offset=0, offsetEpoch=Optional.empty, currentLeader=LeaderAndEpoch{leader=Optional[localhost:9093 (id: 1 rack: null)], epoch=0}}.
2025-12-10 03:05:18.016 [Executor task launch worker for task 1.0 in stage 28.0 (TID 85)] INFO  o.a.k.c.c.i.SubscriptionState - [Consumer clientId=consumer-spark-kafka-source-43fffd83-d95f-4bf0-b9df-74d6a29c4095-1616614700-executor-73, groupId=spark-kafka-source-43fffd83-d95f-4bf0-b9df-74d6a29c4095-1616614700-executor] Resetting offset for partition customer_events-0 to position FetchPosition{offset=0, offsetEpoch=Optional.empty, currentLeader=LeaderAndEpoch{leader=Optional[localhost:9092 (id: 0 rack: null)], epoch=0}}.
2025-12-10 03:05:18.016 [Executor task launch worker for task 0.0 in stage 28.0 (TID 84)] INFO  o.a.k.c.c.i.SubscriptionState - [Consumer clientId=consumer-spark-kafka-source-43fffd83-d95f-4bf0-b9df-74d6a29c4095-1616614700-executor-74, groupId=spark-kafka-source-43fffd83-d95f-4bf0-b9df-74d6a29c4095-1616614700-executor] Resetting offset for partition customer_events-1 to position FetchPosition{offset=0, offsetEpoch=Optional.empty, currentLeader=LeaderAndEpoch{leader=Optional[localhost:9094 (id: 2 rack: null)], epoch=0}}.
2025-12-10 03:05:18.017 [Executor task launch worker for task 2.0 in stage 28.0 (TID 86)] INFO  o.a.k.c.c.i.SubscriptionState - [Consumer clientId=consumer-spark-kafka-source-43fffd83-d95f-4bf0-b9df-74d6a29c4095-1616614700-executor-75, groupId=spark-kafka-source-43fffd83-d95f-4bf0-b9df-74d6a29c4095-1616614700-executor] Seeking to latest offset of partition customer_events-2
2025-12-10 03:05:18.017 [Executor task launch worker for task 1.0 in stage 28.0 (TID 85)] INFO  o.a.k.c.c.i.SubscriptionState - [Consumer clientId=consumer-spark-kafka-source-43fffd83-d95f-4bf0-b9df-74d6a29c4095-1616614700-executor-73, groupId=spark-kafka-source-43fffd83-d95f-4bf0-b9df-74d6a29c4095-1616614700-executor] Seeking to latest offset of partition customer_events-0
2025-12-10 03:05:18.017 [Executor task launch worker for task 0.0 in stage 28.0 (TID 84)] INFO  o.a.k.c.c.i.SubscriptionState - [Consumer clientId=consumer-spark-kafka-source-43fffd83-d95f-4bf0-b9df-74d6a29c4095-1616614700-executor-74, groupId=spark-kafka-source-43fffd83-d95f-4bf0-b9df-74d6a29c4095-1616614700-executor] Seeking to latest offset of partition customer_events-1
2025-12-10 03:05:18.018 [Executor task launch worker for task 1.0 in stage 28.0 (TID 85)] INFO  o.a.k.c.c.i.SubscriptionState - [Consumer clientId=consumer-spark-kafka-source-43fffd83-d95f-4bf0-b9df-74d6a29c4095-1616614700-executor-73, groupId=spark-kafka-source-43fffd83-d95f-4bf0-b9df-74d6a29c4095-1616614700-executor] Resetting offset for partition customer_events-0 to position FetchPosition{offset=73413, offsetEpoch=Optional.empty, currentLeader=LeaderAndEpoch{leader=Optional[localhost:9092 (id: 0 rack: null)], epoch=0}}.
2025-12-10 03:05:18.019 [Executor task launch worker for task 2.0 in stage 28.0 (TID 86)] INFO  o.a.k.c.c.i.SubscriptionState - [Consumer clientId=consumer-spark-kafka-source-43fffd83-d95f-4bf0-b9df-74d6a29c4095-1616614700-executor-75, groupId=spark-kafka-source-43fffd83-d95f-4bf0-b9df-74d6a29c4095-1616614700-executor] Resetting offset for partition customer_events-2 to position FetchPosition{offset=72889, offsetEpoch=Optional.empty, currentLeader=LeaderAndEpoch{leader=Optional[localhost:9093 (id: 1 rack: null)], epoch=0}}.
2025-12-10 03:05:18.019 [Executor task launch worker for task 0.0 in stage 28.0 (TID 84)] INFO  o.a.k.c.c.i.SubscriptionState - [Consumer clientId=consumer-spark-kafka-source-43fffd83-d95f-4bf0-b9df-74d6a29c4095-1616614700-executor-74, groupId=spark-kafka-source-43fffd83-d95f-4bf0-b9df-74d6a29c4095-1616614700-executor] Resetting offset for partition customer_events-1 to position FetchPosition{offset=73438, offsetEpoch=Optional.empty, currentLeader=LeaderAndEpoch{leader=Optional[localhost:9094 (id: 2 rack: null)], epoch=0}}.
2025-12-10 03:05:18.025 [Executor task launch worker for task 2.0 in stage 28.0 (TID 86)] INFO  o.a.k.c.c.i.LegacyKafkaConsumer - [Consumer clientId=consumer-spark-kafka-source-43fffd83-d95f-4bf0-b9df-74d6a29c4095-1616614700-executor-75, groupId=spark-kafka-source-43fffd83-d95f-4bf0-b9df-74d6a29c4095-1616614700-executor] Seeking to offset 71261 for partition customer_events-2
2025-12-10 03:05:18.026 [Executor task launch worker for task 0.0 in stage 28.0 (TID 84)] INFO  o.a.k.c.c.i.LegacyKafkaConsumer - [Consumer clientId=consumer-spark-kafka-source-43fffd83-d95f-4bf0-b9df-74d6a29c4095-1616614700-executor-74, groupId=spark-kafka-source-43fffd83-d95f-4bf0-b9df-74d6a29c4095-1616614700-executor] Seeking to offset 71482 for partition customer_events-1
2025-12-10 03:05:18.026 [Executor task launch worker for task 1.0 in stage 28.0 (TID 85)] INFO  o.a.k.c.c.i.LegacyKafkaConsumer - [Consumer clientId=consumer-spark-kafka-source-43fffd83-d95f-4bf0-b9df-74d6a29c4095-1616614700-executor-73, groupId=spark-kafka-source-43fffd83-d95f-4bf0-b9df-74d6a29c4095-1616614700-executor] Seeking to offset 71902 for partition customer_events-0
2025-12-10 03:05:18.027 [Executor task launch worker for task 2.0 in stage 28.0 (TID 86)] INFO  o.a.k.c.c.i.SubscriptionState - [Consumer clientId=consumer-spark-kafka-source-43fffd83-d95f-4bf0-b9df-74d6a29c4095-1616614700-executor-75, groupId=spark-kafka-source-43fffd83-d95f-4bf0-b9df-74d6a29c4095-1616614700-executor] Seeking to earliest offset of partition customer_events-2
2025-12-10 03:05:18.027 [Executor task launch worker for task 1.0 in stage 28.0 (TID 85)] INFO  o.a.k.c.c.i.SubscriptionState - [Consumer clientId=consumer-spark-kafka-source-43fffd83-d95f-4bf0-b9df-74d6a29c4095-1616614700-executor-73, groupId=spark-kafka-source-43fffd83-d95f-4bf0-b9df-74d6a29c4095-1616614700-executor] Seeking to earliest offset of partition customer_events-0
2025-12-10 03:05:18.027 [Executor task launch worker for task 0.0 in stage 28.0 (TID 84)] INFO  o.a.k.c.c.i.SubscriptionState - [Consumer clientId=consumer-spark-kafka-source-43fffd83-d95f-4bf0-b9df-74d6a29c4095-1616614700-executor-74, groupId=spark-kafka-source-43fffd83-d95f-4bf0-b9df-74d6a29c4095-1616614700-executor] Seeking to earliest offset of partition customer_events-1
2025-12-10 03:05:18.028 [Executor task launch worker for task 2.0 in stage 28.0 (TID 86)] INFO  o.a.k.c.c.i.SubscriptionState - [Consumer clientId=consumer-spark-kafka-source-43fffd83-d95f-4bf0-b9df-74d6a29c4095-1616614700-executor-75, groupId=spark-kafka-source-43fffd83-d95f-4bf0-b9df-74d6a29c4095-1616614700-executor] Resetting offset for partition customer_events-2 to position FetchPosition{offset=0, offsetEpoch=Optional.empty, currentLeader=LeaderAndEpoch{leader=Optional[localhost:9093 (id: 1 rack: null)], epoch=0}}.
2025-12-10 03:05:18.028 [Executor task launch worker for task 1.0 in stage 28.0 (TID 85)] INFO  o.a.k.c.c.i.SubscriptionState - [Consumer clientId=consumer-spark-kafka-source-43fffd83-d95f-4bf0-b9df-74d6a29c4095-1616614700-executor-73, groupId=spark-kafka-source-43fffd83-d95f-4bf0-b9df-74d6a29c4095-1616614700-executor] Resetting offset for partition customer_events-0 to position FetchPosition{offset=0, offsetEpoch=Optional.empty, currentLeader=LeaderAndEpoch{leader=Optional[localhost:9092 (id: 0 rack: null)], epoch=0}}.
2025-12-10 03:05:18.029 [Executor task launch worker for task 2.0 in stage 28.0 (TID 86)] INFO  o.a.k.c.c.i.SubscriptionState - [Consumer clientId=consumer-spark-kafka-source-43fffd83-d95f-4bf0-b9df-74d6a29c4095-1616614700-executor-75, groupId=spark-kafka-source-43fffd83-d95f-4bf0-b9df-74d6a29c4095-1616614700-executor] Seeking to latest offset of partition customer_events-2
2025-12-10 03:05:18.028 [Executor task launch worker for task 0.0 in stage 28.0 (TID 84)] INFO  o.a.k.c.c.i.SubscriptionState - [Consumer clientId=consumer-spark-kafka-source-43fffd83-d95f-4bf0-b9df-74d6a29c4095-1616614700-executor-74, groupId=spark-kafka-source-43fffd83-d95f-4bf0-b9df-74d6a29c4095-1616614700-executor] Resetting offset for partition customer_events-1 to position FetchPosition{offset=0, offsetEpoch=Optional.empty, currentLeader=LeaderAndEpoch{leader=Optional[localhost:9094 (id: 2 rack: null)], epoch=0}}.
2025-12-10 03:05:18.029 [Executor task launch worker for task 1.0 in stage 28.0 (TID 85)] INFO  o.a.k.c.c.i.SubscriptionState - [Consumer clientId=consumer-spark-kafka-source-43fffd83-d95f-4bf0-b9df-74d6a29c4095-1616614700-executor-73, groupId=spark-kafka-source-43fffd83-d95f-4bf0-b9df-74d6a29c4095-1616614700-executor] Seeking to latest offset of partition customer_events-0
2025-12-10 03:05:18.029 [Executor task launch worker for task 0.0 in stage 28.0 (TID 84)] INFO  o.a.k.c.c.i.SubscriptionState - [Consumer clientId=consumer-spark-kafka-source-43fffd83-d95f-4bf0-b9df-74d6a29c4095-1616614700-executor-74, groupId=spark-kafka-source-43fffd83-d95f-4bf0-b9df-74d6a29c4095-1616614700-executor] Seeking to latest offset of partition customer_events-1
2025-12-10 03:05:18.030 [Executor task launch worker for task 1.0 in stage 28.0 (TID 85)] INFO  o.a.k.c.c.i.SubscriptionState - [Consumer clientId=consumer-spark-kafka-source-43fffd83-d95f-4bf0-b9df-74d6a29c4095-1616614700-executor-73, groupId=spark-kafka-source-43fffd83-d95f-4bf0-b9df-74d6a29c4095-1616614700-executor] Resetting offset for partition customer_events-0 to position FetchPosition{offset=73413, offsetEpoch=Optional.empty, currentLeader=LeaderAndEpoch{leader=Optional[localhost:9092 (id: 0 rack: null)], epoch=0}}.
2025-12-10 03:05:18.030 [Executor task launch worker for task 2.0 in stage 28.0 (TID 86)] INFO  o.a.k.c.c.i.SubscriptionState - [Consumer clientId=consumer-spark-kafka-source-43fffd83-d95f-4bf0-b9df-74d6a29c4095-1616614700-executor-75, groupId=spark-kafka-source-43fffd83-d95f-4bf0-b9df-74d6a29c4095-1616614700-executor] Resetting offset for partition customer_events-2 to position FetchPosition{offset=72889, offsetEpoch=Optional.empty, currentLeader=LeaderAndEpoch{leader=Optional[localhost:9093 (id: 1 rack: null)], epoch=0}}.
2025-12-10 03:05:18.030 [Executor task launch worker for task 0.0 in stage 28.0 (TID 84)] INFO  o.a.k.c.c.i.SubscriptionState - [Consumer clientId=consumer-spark-kafka-source-43fffd83-d95f-4bf0-b9df-74d6a29c4095-1616614700-executor-74, groupId=spark-kafka-source-43fffd83-d95f-4bf0-b9df-74d6a29c4095-1616614700-executor] Resetting offset for partition customer_events-1 to position FetchPosition{offset=73438, offsetEpoch=Optional.empty, currentLeader=LeaderAndEpoch{leader=Optional[localhost:9094 (id: 2 rack: null)], epoch=0}}.
2025-12-10 03:05:18.033 [Executor task launch worker for task 2.0 in stage 28.0 (TID 86)] INFO  o.a.k.c.c.i.LegacyKafkaConsumer - [Consumer clientId=consumer-spark-kafka-source-43fffd83-d95f-4bf0-b9df-74d6a29c4095-1616614700-executor-75, groupId=spark-kafka-source-43fffd83-d95f-4bf0-b9df-74d6a29c4095-1616614700-executor] Seeking to offset 71761 for partition customer_events-2
2025-12-10 03:05:18.033 [Executor task launch worker for task 1.0 in stage 28.0 (TID 85)] INFO  o.a.k.c.c.i.LegacyKafkaConsumer - [Consumer clientId=consumer-spark-kafka-source-43fffd83-d95f-4bf0-b9df-74d6a29c4095-1616614700-executor-73, groupId=spark-kafka-source-43fffd83-d95f-4bf0-b9df-74d6a29c4095-1616614700-executor] Seeking to offset 72402 for partition customer_events-0
2025-12-10 03:05:18.034 [Executor task launch worker for task 0.0 in stage 28.0 (TID 84)] INFO  o.a.k.c.c.i.LegacyKafkaConsumer - [Consumer clientId=consumer-spark-kafka-source-43fffd83-d95f-4bf0-b9df-74d6a29c4095-1616614700-executor-74, groupId=spark-kafka-source-43fffd83-d95f-4bf0-b9df-74d6a29c4095-1616614700-executor] Seeking to offset 71982 for partition customer_events-1
2025-12-10 03:05:18.034 [Executor task launch worker for task 2.0 in stage 28.0 (TID 86)] INFO  o.a.k.c.c.i.SubscriptionState - [Consumer clientId=consumer-spark-kafka-source-43fffd83-d95f-4bf0-b9df-74d6a29c4095-1616614700-executor-75, groupId=spark-kafka-source-43fffd83-d95f-4bf0-b9df-74d6a29c4095-1616614700-executor] Seeking to earliest offset of partition customer_events-2
2025-12-10 03:05:18.035 [Executor task launch worker for task 1.0 in stage 28.0 (TID 85)] INFO  o.a.k.c.c.i.SubscriptionState - [Consumer clientId=consumer-spark-kafka-source-43fffd83-d95f-4bf0-b9df-74d6a29c4095-1616614700-executor-73, groupId=spark-kafka-source-43fffd83-d95f-4bf0-b9df-74d6a29c4095-1616614700-executor] Seeking to earliest offset of partition customer_events-0
2025-12-10 03:05:18.036 [Executor task launch worker for task 0.0 in stage 28.0 (TID 84)] INFO  o.a.k.c.c.i.SubscriptionState - [Consumer clientId=consumer-spark-kafka-source-43fffd83-d95f-4bf0-b9df-74d6a29c4095-1616614700-executor-74, groupId=spark-kafka-source-43fffd83-d95f-4bf0-b9df-74d6a29c4095-1616614700-executor] Seeking to earliest offset of partition customer_events-1
2025-12-10 03:05:18.037 [Executor task launch worker for task 2.0 in stage 28.0 (TID 86)] INFO  o.a.k.c.c.i.SubscriptionState - [Consumer clientId=consumer-spark-kafka-source-43fffd83-d95f-4bf0-b9df-74d6a29c4095-1616614700-executor-75, groupId=spark-kafka-source-43fffd83-d95f-4bf0-b9df-74d6a29c4095-1616614700-executor] Resetting offset for partition customer_events-2 to position FetchPosition{offset=0, offsetEpoch=Optional.empty, currentLeader=LeaderAndEpoch{leader=Optional[localhost:9093 (id: 1 rack: null)], epoch=0}}.
2025-12-10 03:05:18.037 [Executor task launch worker for task 1.0 in stage 28.0 (TID 85)] INFO  o.a.k.c.c.i.SubscriptionState - [Consumer clientId=consumer-spark-kafka-source-43fffd83-d95f-4bf0-b9df-74d6a29c4095-1616614700-executor-73, groupId=spark-kafka-source-43fffd83-d95f-4bf0-b9df-74d6a29c4095-1616614700-executor] Resetting offset for partition customer_events-0 to position FetchPosition{offset=0, offsetEpoch=Optional.empty, currentLeader=LeaderAndEpoch{leader=Optional[localhost:9092 (id: 0 rack: null)], epoch=0}}.
2025-12-10 03:05:18.037 [Executor task launch worker for task 2.0 in stage 28.0 (TID 86)] INFO  o.a.k.c.c.i.SubscriptionState - [Consumer clientId=consumer-spark-kafka-source-43fffd83-d95f-4bf0-b9df-74d6a29c4095-1616614700-executor-75, groupId=spark-kafka-source-43fffd83-d95f-4bf0-b9df-74d6a29c4095-1616614700-executor] Seeking to latest offset of partition customer_events-2
2025-12-10 03:05:18.037 [Executor task launch worker for task 0.0 in stage 28.0 (TID 84)] INFO  o.a.k.c.c.i.SubscriptionState - [Consumer clientId=consumer-spark-kafka-source-43fffd83-d95f-4bf0-b9df-74d6a29c4095-1616614700-executor-74, groupId=spark-kafka-source-43fffd83-d95f-4bf0-b9df-74d6a29c4095-1616614700-executor] Resetting offset for partition customer_events-1 to position FetchPosition{offset=0, offsetEpoch=Optional.empty, currentLeader=LeaderAndEpoch{leader=Optional[localhost:9094 (id: 2 rack: null)], epoch=0}}.
2025-12-10 03:05:18.037 [Executor task launch worker for task 1.0 in stage 28.0 (TID 85)] INFO  o.a.k.c.c.i.SubscriptionState - [Consumer clientId=consumer-spark-kafka-source-43fffd83-d95f-4bf0-b9df-74d6a29c4095-1616614700-executor-73, groupId=spark-kafka-source-43fffd83-d95f-4bf0-b9df-74d6a29c4095-1616614700-executor] Seeking to latest offset of partition customer_events-0
2025-12-10 03:05:18.038 [Executor task launch worker for task 0.0 in stage 28.0 (TID 84)] INFO  o.a.k.c.c.i.SubscriptionState - [Consumer clientId=consumer-spark-kafka-source-43fffd83-d95f-4bf0-b9df-74d6a29c4095-1616614700-executor-74, groupId=spark-kafka-source-43fffd83-d95f-4bf0-b9df-74d6a29c4095-1616614700-executor] Seeking to latest offset of partition customer_events-1
2025-12-10 03:05:18.038 [Executor task launch worker for task 2.0 in stage 28.0 (TID 86)] INFO  o.a.k.c.c.i.SubscriptionState - [Consumer clientId=consumer-spark-kafka-source-43fffd83-d95f-4bf0-b9df-74d6a29c4095-1616614700-executor-75, groupId=spark-kafka-source-43fffd83-d95f-4bf0-b9df-74d6a29c4095-1616614700-executor] Resetting offset for partition customer_events-2 to position FetchPosition{offset=72889, offsetEpoch=Optional.empty, currentLeader=LeaderAndEpoch{leader=Optional[localhost:9093 (id: 1 rack: null)], epoch=0}}.
2025-12-10 03:05:18.041 [Executor task launch worker for task 1.0 in stage 28.0 (TID 85)] INFO  o.a.k.c.c.i.SubscriptionState - [Consumer clientId=consumer-spark-kafka-source-43fffd83-d95f-4bf0-b9df-74d6a29c4095-1616614700-executor-73, groupId=spark-kafka-source-43fffd83-d95f-4bf0-b9df-74d6a29c4095-1616614700-executor] Resetting offset for partition customer_events-0 to position FetchPosition{offset=73413, offsetEpoch=Optional.empty, currentLeader=LeaderAndEpoch{leader=Optional[localhost:9092 (id: 0 rack: null)], epoch=0}}.
2025-12-10 03:05:18.043 [Executor task launch worker for task 0.0 in stage 28.0 (TID 84)] INFO  o.a.k.c.c.i.SubscriptionState - [Consumer clientId=consumer-spark-kafka-source-43fffd83-d95f-4bf0-b9df-74d6a29c4095-1616614700-executor-74, groupId=spark-kafka-source-43fffd83-d95f-4bf0-b9df-74d6a29c4095-1616614700-executor] Resetting offset for partition customer_events-1 to position FetchPosition{offset=73438, offsetEpoch=Optional.empty, currentLeader=LeaderAndEpoch{leader=Optional[localhost:9094 (id: 2 rack: null)], epoch=0}}.
2025-12-10 03:05:18.046 [Executor task launch worker for task 2.0 in stage 28.0 (TID 86)] INFO  o.a.k.c.c.i.LegacyKafkaConsumer - [Consumer clientId=consumer-spark-kafka-source-43fffd83-d95f-4bf0-b9df-74d6a29c4095-1616614700-executor-75, groupId=spark-kafka-source-43fffd83-d95f-4bf0-b9df-74d6a29c4095-1616614700-executor] Seeking to offset 72261 for partition customer_events-2
2025-12-10 03:05:18.048 [Executor task launch worker for task 1.0 in stage 28.0 (TID 85)] INFO  o.a.k.c.c.i.LegacyKafkaConsumer - [Consumer clientId=consumer-spark-kafka-source-43fffd83-d95f-4bf0-b9df-74d6a29c4095-1616614700-executor-73, groupId=spark-kafka-source-43fffd83-d95f-4bf0-b9df-74d6a29c4095-1616614700-executor] Seeking to offset 72902 for partition customer_events-0
2025-12-10 03:05:18.049 [Executor task launch worker for task 0.0 in stage 28.0 (TID 84)] INFO  o.a.k.c.c.i.LegacyKafkaConsumer - [Consumer clientId=consumer-spark-kafka-source-43fffd83-d95f-4bf0-b9df-74d6a29c4095-1616614700-executor-74, groupId=spark-kafka-source-43fffd83-d95f-4bf0-b9df-74d6a29c4095-1616614700-executor] Seeking to offset 72482 for partition customer_events-1
2025-12-10 03:05:18.051 [Executor task launch worker for task 1.0 in stage 28.0 (TID 85)] INFO  o.a.k.c.c.i.SubscriptionState - [Consumer clientId=consumer-spark-kafka-source-43fffd83-d95f-4bf0-b9df-74d6a29c4095-1616614700-executor-73, groupId=spark-kafka-source-43fffd83-d95f-4bf0-b9df-74d6a29c4095-1616614700-executor] Seeking to earliest offset of partition customer_events-0
2025-12-10 03:05:18.051 [Executor task launch worker for task 2.0 in stage 28.0 (TID 86)] INFO  o.a.k.c.c.i.SubscriptionState - [Consumer clientId=consumer-spark-kafka-source-43fffd83-d95f-4bf0-b9df-74d6a29c4095-1616614700-executor-75, groupId=spark-kafka-source-43fffd83-d95f-4bf0-b9df-74d6a29c4095-1616614700-executor] Seeking to earliest offset of partition customer_events-2
2025-12-10 03:05:18.052 [Executor task launch worker for task 0.0 in stage 28.0 (TID 84)] INFO  o.a.k.c.c.i.SubscriptionState - [Consumer clientId=consumer-spark-kafka-source-43fffd83-d95f-4bf0-b9df-74d6a29c4095-1616614700-executor-74, groupId=spark-kafka-source-43fffd83-d95f-4bf0-b9df-74d6a29c4095-1616614700-executor] Seeking to earliest offset of partition customer_events-1
2025-12-10 03:05:18.054 [Executor task launch worker for task 2.0 in stage 28.0 (TID 86)] INFO  o.a.k.c.c.i.SubscriptionState - [Consumer clientId=consumer-spark-kafka-source-43fffd83-d95f-4bf0-b9df-74d6a29c4095-1616614700-executor-75, groupId=spark-kafka-source-43fffd83-d95f-4bf0-b9df-74d6a29c4095-1616614700-executor] Resetting offset for partition customer_events-2 to position FetchPosition{offset=0, offsetEpoch=Optional.empty, currentLeader=LeaderAndEpoch{leader=Optional[localhost:9093 (id: 1 rack: null)], epoch=0}}.
2025-12-10 03:05:18.054 [Executor task launch worker for task 2.0 in stage 28.0 (TID 86)] INFO  o.a.k.c.c.i.SubscriptionState - [Consumer clientId=consumer-spark-kafka-source-43fffd83-d95f-4bf0-b9df-74d6a29c4095-1616614700-executor-75, groupId=spark-kafka-source-43fffd83-d95f-4bf0-b9df-74d6a29c4095-1616614700-executor] Seeking to latest offset of partition customer_events-2
2025-12-10 03:05:18.054 [Executor task launch worker for task 1.0 in stage 28.0 (TID 85)] INFO  o.a.k.c.c.i.SubscriptionState - [Consumer clientId=consumer-spark-kafka-source-43fffd83-d95f-4bf0-b9df-74d6a29c4095-1616614700-executor-73, groupId=spark-kafka-source-43fffd83-d95f-4bf0-b9df-74d6a29c4095-1616614700-executor] Resetting offset for partition customer_events-0 to position FetchPosition{offset=0, offsetEpoch=Optional.empty, currentLeader=LeaderAndEpoch{leader=Optional[localhost:9092 (id: 0 rack: null)], epoch=0}}.
2025-12-10 03:05:18.055 [Executor task launch worker for task 2.0 in stage 28.0 (TID 86)] INFO  o.a.k.c.c.i.SubscriptionState - [Consumer clientId=consumer-spark-kafka-source-43fffd83-d95f-4bf0-b9df-74d6a29c4095-1616614700-executor-75, groupId=spark-kafka-source-43fffd83-d95f-4bf0-b9df-74d6a29c4095-1616614700-executor] Resetting offset for partition customer_events-2 to position FetchPosition{offset=72889, offsetEpoch=Optional.empty, currentLeader=LeaderAndEpoch{leader=Optional[localhost:9093 (id: 1 rack: null)], epoch=0}}.
2025-12-10 03:05:18.055 [Executor task launch worker for task 0.0 in stage 28.0 (TID 84)] INFO  o.a.k.c.c.i.SubscriptionState - [Consumer clientId=consumer-spark-kafka-source-43fffd83-d95f-4bf0-b9df-74d6a29c4095-1616614700-executor-74, groupId=spark-kafka-source-43fffd83-d95f-4bf0-b9df-74d6a29c4095-1616614700-executor] Resetting offset for partition customer_events-1 to position FetchPosition{offset=0, offsetEpoch=Optional.empty, currentLeader=LeaderAndEpoch{leader=Optional[localhost:9094 (id: 2 rack: null)], epoch=0}}.
2025-12-10 03:05:18.057 [Executor task launch worker for task 0.0 in stage 28.0 (TID 84)] INFO  o.a.k.c.c.i.SubscriptionState - [Consumer clientId=consumer-spark-kafka-source-43fffd83-d95f-4bf0-b9df-74d6a29c4095-1616614700-executor-74, groupId=spark-kafka-source-43fffd83-d95f-4bf0-b9df-74d6a29c4095-1616614700-executor] Seeking to latest offset of partition customer_events-1
2025-12-10 03:05:18.056 [Executor task launch worker for task 1.0 in stage 28.0 (TID 85)] INFO  o.a.k.c.c.i.SubscriptionState - [Consumer clientId=consumer-spark-kafka-source-43fffd83-d95f-4bf0-b9df-74d6a29c4095-1616614700-executor-73, groupId=spark-kafka-source-43fffd83-d95f-4bf0-b9df-74d6a29c4095-1616614700-executor] Seeking to latest offset of partition customer_events-0
2025-12-10 03:05:18.058 [Executor task launch worker for task 0.0 in stage 28.0 (TID 84)] INFO  o.a.k.c.c.i.SubscriptionState - [Consumer clientId=consumer-spark-kafka-source-43fffd83-d95f-4bf0-b9df-74d6a29c4095-1616614700-executor-74, groupId=spark-kafka-source-43fffd83-d95f-4bf0-b9df-74d6a29c4095-1616614700-executor] Resetting offset for partition customer_events-1 to position FetchPosition{offset=73438, offsetEpoch=Optional.empty, currentLeader=LeaderAndEpoch{leader=Optional[localhost:9094 (id: 2 rack: null)], epoch=0}}.
2025-12-10 03:05:18.060 [Executor task launch worker for task 1.0 in stage 28.0 (TID 85)] INFO  o.a.k.c.c.i.SubscriptionState - [Consumer clientId=consumer-spark-kafka-source-43fffd83-d95f-4bf0-b9df-74d6a29c4095-1616614700-executor-73, groupId=spark-kafka-source-43fffd83-d95f-4bf0-b9df-74d6a29c4095-1616614700-executor] Resetting offset for partition customer_events-0 to position FetchPosition{offset=73413, offsetEpoch=Optional.empty, currentLeader=LeaderAndEpoch{leader=Optional[localhost:9092 (id: 0 rack: null)], epoch=0}}.
2025-12-10 03:05:18.058 [Executor task launch worker for task 2.0 in stage 28.0 (TID 86)] INFO  o.a.k.c.c.i.LegacyKafkaConsumer - [Consumer clientId=consumer-spark-kafka-source-43fffd83-d95f-4bf0-b9df-74d6a29c4095-1616614700-executor-75, groupId=spark-kafka-source-43fffd83-d95f-4bf0-b9df-74d6a29c4095-1616614700-executor] Seeking to offset 72761 for partition customer_events-2
2025-12-10 03:05:18.063 [Executor task launch worker for task 2.0 in stage 28.0 (TID 86)] INFO  o.a.k.c.c.i.SubscriptionState - [Consumer clientId=consumer-spark-kafka-source-43fffd83-d95f-4bf0-b9df-74d6a29c4095-1616614700-executor-75, groupId=spark-kafka-source-43fffd83-d95f-4bf0-b9df-74d6a29c4095-1616614700-executor] Seeking to earliest offset of partition customer_events-2
2025-12-10 03:05:18.065 [Executor task launch worker for task 0.0 in stage 28.0 (TID 84)] INFO  o.a.k.c.c.i.LegacyKafkaConsumer - [Consumer clientId=consumer-spark-kafka-source-43fffd83-d95f-4bf0-b9df-74d6a29c4095-1616614700-executor-74, groupId=spark-kafka-source-43fffd83-d95f-4bf0-b9df-74d6a29c4095-1616614700-executor] Seeking to offset 72982 for partition customer_events-1
2025-12-10 03:05:18.068 [Executor task launch worker for task 2.0 in stage 28.0 (TID 86)] INFO  o.a.k.c.c.i.SubscriptionState - [Consumer clientId=consumer-spark-kafka-source-43fffd83-d95f-4bf0-b9df-74d6a29c4095-1616614700-executor-75, groupId=spark-kafka-source-43fffd83-d95f-4bf0-b9df-74d6a29c4095-1616614700-executor] Resetting offset for partition customer_events-2 to position FetchPosition{offset=0, offsetEpoch=Optional.empty, currentLeader=LeaderAndEpoch{leader=Optional[localhost:9093 (id: 1 rack: null)], epoch=0}}.
2025-12-10 03:05:18.072 [Executor task launch worker for task 1.0 in stage 28.0 (TID 85)] INFO  o.a.parquet.hadoop.codec.CodecConfig - Compression: SNAPPY
2025-12-10 03:05:18.072 [Executor task launch worker for task 0.0 in stage 28.0 (TID 84)] INFO  o.a.k.c.c.i.SubscriptionState - [Consumer clientId=consumer-spark-kafka-source-43fffd83-d95f-4bf0-b9df-74d6a29c4095-1616614700-executor-74, groupId=spark-kafka-source-43fffd83-d95f-4bf0-b9df-74d6a29c4095-1616614700-executor] Seeking to earliest offset of partition customer_events-1
2025-12-10 03:05:18.073 [Executor task launch worker for task 2.0 in stage 28.0 (TID 86)] INFO  o.a.k.c.c.i.SubscriptionState - [Consumer clientId=consumer-spark-kafka-source-43fffd83-d95f-4bf0-b9df-74d6a29c4095-1616614700-executor-75, groupId=spark-kafka-source-43fffd83-d95f-4bf0-b9df-74d6a29c4095-1616614700-executor] Seeking to latest offset of partition customer_events-2
2025-12-10 03:05:18.074 [Executor task launch worker for task 1.0 in stage 28.0 (TID 85)] INFO  o.a.parquet.hadoop.codec.CodecConfig - Compression: SNAPPY
2025-12-10 03:05:18.080 [Executor task launch worker for task 2.0 in stage 28.0 (TID 86)] INFO  o.a.k.c.c.i.SubscriptionState - [Consumer clientId=consumer-spark-kafka-source-43fffd83-d95f-4bf0-b9df-74d6a29c4095-1616614700-executor-75, groupId=spark-kafka-source-43fffd83-d95f-4bf0-b9df-74d6a29c4095-1616614700-executor] Resetting offset for partition customer_events-2 to position FetchPosition{offset=72889, offsetEpoch=Optional.empty, currentLeader=LeaderAndEpoch{leader=Optional[localhost:9093 (id: 1 rack: null)], epoch=0}}.
2025-12-10 03:05:18.082 [Executor task launch worker for task 1.0 in stage 28.0 (TID 85)] INFO  o.a.p.hadoop.ParquetOutputFormat - ParquetRecordWriter [block size: 134217728b, row group padding size: 8388608b, validating: false]
2025-12-10 03:05:18.094 [Executor task launch worker for task 2.0 in stage 28.0 (TID 86)] INFO  o.a.parquet.hadoop.codec.CodecConfig - Compression: SNAPPY
2025-12-10 03:05:18.095 [Executor task launch worker for task 2.0 in stage 28.0 (TID 86)] INFO  o.a.parquet.hadoop.codec.CodecConfig - Compression: SNAPPY
2025-12-10 03:05:18.096 [Executor task launch worker for task 2.0 in stage 28.0 (TID 86)] INFO  o.a.p.hadoop.ParquetOutputFormat - ParquetRecordWriter [block size: 134217728b, row group padding size: 8388608b, validating: false]
2025-12-10 03:05:18.207 [Executor task launch worker for task 0.0 in stage 28.0 (TID 84)] INFO  o.a.k.c.c.i.SubscriptionState - [Consumer clientId=consumer-spark-kafka-source-43fffd83-d95f-4bf0-b9df-74d6a29c4095-1616614700-executor-74, groupId=spark-kafka-source-43fffd83-d95f-4bf0-b9df-74d6a29c4095-1616614700-executor] Resetting offset for partition customer_events-1 to position FetchPosition{offset=0, offsetEpoch=Optional.empty, currentLeader=LeaderAndEpoch{leader=Optional[localhost:9094 (id: 2 rack: null)], epoch=0}}.
2025-12-10 03:05:18.208 [Executor task launch worker for task 0.0 in stage 28.0 (TID 84)] INFO  o.a.k.c.c.i.SubscriptionState - [Consumer clientId=consumer-spark-kafka-source-43fffd83-d95f-4bf0-b9df-74d6a29c4095-1616614700-executor-74, groupId=spark-kafka-source-43fffd83-d95f-4bf0-b9df-74d6a29c4095-1616614700-executor] Seeking to latest offset of partition customer_events-1
2025-12-10 03:05:18.209 [Executor task launch worker for task 0.0 in stage 28.0 (TID 84)] INFO  o.a.k.c.c.i.SubscriptionState - [Consumer clientId=consumer-spark-kafka-source-43fffd83-d95f-4bf0-b9df-74d6a29c4095-1616614700-executor-74, groupId=spark-kafka-source-43fffd83-d95f-4bf0-b9df-74d6a29c4095-1616614700-executor] Resetting offset for partition customer_events-1 to position FetchPosition{offset=73439, offsetEpoch=Optional.empty, currentLeader=LeaderAndEpoch{leader=Optional[localhost:9094 (id: 2 rack: null)], epoch=0}}.
2025-12-10 03:05:18.216 [Executor task launch worker for task 0.0 in stage 28.0 (TID 84)] INFO  o.a.parquet.hadoop.codec.CodecConfig - Compression: SNAPPY
2025-12-10 03:05:18.217 [Executor task launch worker for task 0.0 in stage 28.0 (TID 84)] INFO  o.a.parquet.hadoop.codec.CodecConfig - Compression: SNAPPY
2025-12-10 03:05:18.218 [Executor task launch worker for task 0.0 in stage 28.0 (TID 84)] INFO  o.a.p.hadoop.ParquetOutputFormat - ParquetRecordWriter [block size: 134217728b, row group padding size: 8388608b, validating: false]
2025-12-10 03:05:28.009 [dispatcher-BlockManagerMaster] ERROR org.apache.spark.rpc.netty.Inbox - Ignoring error
org.apache.spark.SparkException: Exception thrown in awaitResult: 
	at org.apache.spark.util.SparkThreadUtils$.awaitResult(SparkThreadUtils.scala:56)
	at org.apache.spark.util.ThreadUtils$.awaitResult(ThreadUtils.scala:310)
	at org.apache.spark.rpc.RpcTimeout.awaitResult(RpcTimeout.scala:75)
	at org.apache.spark.rpc.RpcEnv.setupEndpointRefByURI(RpcEnv.scala:102)
	at org.apache.spark.rpc.RpcEnv.setupEndpointRef(RpcEnv.scala:110)
	at org.apache.spark.util.RpcUtils$.makeDriverRef(RpcUtils.scala:36)
	at org.apache.spark.storage.BlockManagerMasterEndpoint.driverEndpoint$lzycompute(BlockManagerMasterEndpoint.scala:124)
	at org.apache.spark.storage.BlockManagerMasterEndpoint.org$apache$spark$storage$BlockManagerMasterEndpoint$$driverEndpoint(BlockManagerMasterEndpoint.scala:123)
	at org.apache.spark.storage.BlockManagerMasterEndpoint.isExecutorAlive$lzycompute$1(BlockManagerMasterEndpoint.scala:688)
	at org.apache.spark.storage.BlockManagerMasterEndpoint.isExecutorAlive$1(BlockManagerMasterEndpoint.scala:687)
	at org.apache.spark.storage.BlockManagerMasterEndpoint.org$apache$spark$storage$BlockManagerMasterEndpoint$$register(BlockManagerMasterEndpoint.scala:725)
	at org.apache.spark.storage.BlockManagerMasterEndpoint$$anonfun$receiveAndReply$1.applyOrElse(BlockManagerMasterEndpoint.scala:133)
	at org.apache.spark.rpc.netty.Inbox.$anonfun$process$1(Inbox.scala:103)
	at org.apache.spark.rpc.netty.Inbox.safelyCall(Inbox.scala:213)
	at org.apache.spark.rpc.netty.Inbox.process(Inbox.scala:100)
	at org.apache.spark.rpc.netty.MessageLoop.org$apache$spark$rpc$netty$MessageLoop$$receiveLoop(MessageLoop.scala:75)
	at org.apache.spark.rpc.netty.MessageLoop$$anon$1.run(MessageLoop.scala:41)
	at java.base/java.util.concurrent.ThreadPoolExecutor.runWorker(ThreadPoolExecutor.java:1128)
	at java.base/java.util.concurrent.ThreadPoolExecutor$Worker.run(ThreadPoolExecutor.java:628)
	at java.base/java.lang.Thread.run(Thread.java:829)
Caused by: org.apache.spark.rpc.RpcEndpointNotFoundException: Cannot find endpoint: spark://CoarseGrainedScheduler@172.16.26.142:59279
	at org.apache.spark.rpc.netty.NettyRpcEnv.$anonfun$asyncSetupEndpointRefByURI$1(NettyRpcEnv.scala:148)
	at org.apache.spark.rpc.netty.NettyRpcEnv.$anonfun$asyncSetupEndpointRefByURI$1$adapted(NettyRpcEnv.scala:144)
	at scala.concurrent.Future.$anonfun$flatMap$1(Future.scala:307)
	at scala.concurrent.impl.Promise.$anonfun$transformWith$1(Promise.scala:41)
	at scala.concurrent.impl.CallbackRunnable.run(Promise.scala:64)
	at org.apache.spark.util.ThreadUtils$$anon$1.execute(ThreadUtils.scala:99)
	at scala.concurrent.impl.ExecutionContextImpl$$anon$4.execute(ExecutionContextImpl.scala:138)
	at scala.concurrent.impl.CallbackRunnable.executeWithValue(Promise.scala:72)
	at scala.concurrent.impl.Promise$DefaultPromise.$anonfun$tryComplete$1(Promise.scala:288)
	at scala.concurrent.impl.Promise$DefaultPromise.$anonfun$tryComplete$1$adapted(Promise.scala:288)
	at scala.concurrent.impl.Promise$DefaultPromise.tryComplete(Promise.scala:288)
	at scala.concurrent.Promise.complete(Promise.scala:53)
	at scala.concurrent.Promise.complete$(Promise.scala:52)
	at scala.concurrent.impl.Promise$DefaultPromise.complete(Promise.scala:187)
	at scala.concurrent.impl.Promise.$anonfun$transform$1(Promise.scala:33)
	at scala.concurrent.impl.CallbackRunnable.run(Promise.scala:64)
	at org.apache.spark.util.ThreadUtils$$anon$1.execute(ThreadUtils.scala:99)
	at scala.concurrent.impl.ExecutionContextImpl$$anon$4.execute(ExecutionContextImpl.scala:138)
	at scala.concurrent.impl.CallbackRunnable.executeWithValue(Promise.scala:72)
	at scala.concurrent.impl.Promise$DefaultPromise.$anonfun$tryComplete$1(Promise.scala:288)
	at scala.concurrent.impl.Promise$DefaultPromise.$anonfun$tryComplete$1$adapted(Promise.scala:288)
	at scala.concurrent.impl.Promise$DefaultPromise.tryComplete(Promise.scala:288)
	at scala.concurrent.Promise.complete(Promise.scala:53)
	at scala.concurrent.Promise.complete$(Promise.scala:52)
	at scala.concurrent.impl.Promise$DefaultPromise.complete(Promise.scala:187)
	at scala.concurrent.impl.Promise.$anonfun$transform$1(Promise.scala:33)
	at scala.concurrent.impl.CallbackRunnable.run(Promise.scala:64)
	at scala.concurrent.BatchingExecutor$Batch.processBatch$1(BatchingExecutor.scala:67)
	at scala.concurrent.BatchingExecutor$Batch.$anonfun$run$1(BatchingExecutor.scala:82)
	at scala.runtime.java8.JFunction0$mcV$sp.apply(JFunction0$mcV$sp.java:23)
	at scala.concurrent.BlockContext$.withBlockContext(BlockContext.scala:85)
	at scala.concurrent.BatchingExecutor$Batch.run(BatchingExecutor.scala:59)
	at scala.concurrent.Future$InternalCallbackExecutor$.unbatchedExecute(Future.scala:875)
	at scala.concurrent.BatchingExecutor.execute(BatchingExecutor.scala:110)
	at scala.concurrent.BatchingExecutor.execute$(BatchingExecutor.scala:107)
	at scala.concurrent.Future$InternalCallbackExecutor$.execute(Future.scala:873)
	at scala.concurrent.impl.CallbackRunnable.executeWithValue(Promise.scala:72)
	at scala.concurrent.impl.Promise$DefaultPromise.$anonfun$tryComplete$1(Promise.scala:288)
	at scala.concurrent.impl.Promise$DefaultPromise.$anonfun$tryComplete$1$adapted(Promise.scala:288)
	at scala.concurrent.impl.Promise$DefaultPromise.tryComplete(Promise.scala:288)
	at scala.concurrent.Promise.trySuccess(Promise.scala:94)
	at scala.concurrent.Promise.trySuccess$(Promise.scala:94)
	at scala.concurrent.impl.Promise$DefaultPromise.trySuccess(Promise.scala:187)
	at org.apache.spark.rpc.netty.NettyRpcEnv.onSuccess$1(NettyRpcEnv.scala:225)
	at org.apache.spark.rpc.netty.NettyRpcEnv.$anonfun$askAbortable$5(NettyRpcEnv.scala:239)
	at org.apache.spark.rpc.netty.NettyRpcEnv.$anonfun$askAbortable$5$adapted(NettyRpcEnv.scala:238)
	at scala.concurrent.impl.CallbackRunnable.run(Promise.scala:64)
	at org.apache.spark.util.ThreadUtils$$anon$1.execute(ThreadUtils.scala:99)
	at scala.concurrent.impl.ExecutionContextImpl$$anon$4.execute(ExecutionContextImpl.scala:138)
	at scala.concurrent.impl.CallbackRunnable.executeWithValue(Promise.scala:72)
	at scala.concurrent.impl.Promise$DefaultPromise.$anonfun$tryComplete$1(Promise.scala:288)
	at scala.concurrent.impl.Promise$DefaultPromise.$anonfun$tryComplete$1$adapted(Promise.scala:288)
	at scala.concurrent.impl.Promise$DefaultPromise.tryComplete(Promise.scala:288)
	at scala.concurrent.Promise.complete(Promise.scala:53)
	at scala.concurrent.Promise.complete$(Promise.scala:52)
	at scala.concurrent.impl.Promise$DefaultPromise.complete(Promise.scala:187)
	at scala.concurrent.Promise.success(Promise.scala:86)
	at scala.concurrent.Promise.success$(Promise.scala:86)
	at scala.concurrent.impl.Promise$DefaultPromise.success(Promise.scala:187)
	at org.apache.spark.rpc.netty.LocalNettyRpcCallContext.send(NettyRpcCallContext.scala:50)
	at org.apache.spark.rpc.netty.NettyRpcCallContext.reply(NettyRpcCallContext.scala:32)
	at org.apache.spark.rpc.netty.RpcEndpointVerifier$$anonfun$receiveAndReply$1.applyOrElse(RpcEndpointVerifier.scala:31)
	... 8 common frames omitted
2025-12-10 03:05:28.011 [executor-heartbeater] WARN  org.apache.spark.executor.Executor - Issue communicating with driver in heartbeater
org.apache.spark.SparkException: Exception thrown in awaitResult: 
	at org.apache.spark.util.SparkThreadUtils$.awaitResult(SparkThreadUtils.scala:56)
	at org.apache.spark.util.ThreadUtils$.awaitResult(ThreadUtils.scala:310)
	at org.apache.spark.rpc.RpcTimeout.awaitResult(RpcTimeout.scala:75)
	at org.apache.spark.rpc.RpcEndpointRef.askSync(RpcEndpointRef.scala:101)
	at org.apache.spark.rpc.RpcEndpointRef.askSync(RpcEndpointRef.scala:85)
	at org.apache.spark.storage.BlockManagerMaster.registerBlockManager(BlockManagerMaster.scala:80)
	at org.apache.spark.storage.BlockManager.reregister(BlockManager.scala:642)
	at org.apache.spark.executor.Executor.reportHeartBeat(Executor.scala:1223)
	at org.apache.spark.executor.Executor.$anonfun$heartbeater$1(Executor.scala:295)
	at scala.runtime.java8.JFunction0$mcV$sp.apply(JFunction0$mcV$sp.java:23)
	at org.apache.spark.util.Utils$.logUncaughtExceptions(Utils.scala:1928)
	at org.apache.spark.Heartbeater$$anon$1.run(Heartbeater.scala:46)
	at java.base/java.util.concurrent.Executors$RunnableAdapter.call(Executors.java:515)
	at java.base/java.util.concurrent.FutureTask.runAndReset(FutureTask.java:305)
	at java.base/java.util.concurrent.ScheduledThreadPoolExecutor$ScheduledFutureTask.run(ScheduledThreadPoolExecutor.java:305)
	at java.base/java.util.concurrent.ThreadPoolExecutor.runWorker(ThreadPoolExecutor.java:1128)
	at java.base/java.util.concurrent.ThreadPoolExecutor$Worker.run(ThreadPoolExecutor.java:628)
	at java.base/java.lang.Thread.run(Thread.java:829)
Caused by: org.apache.spark.SparkException: Exception thrown in awaitResult: 
	at org.apache.spark.util.SparkThreadUtils$.awaitResult(SparkThreadUtils.scala:56)
	at org.apache.spark.util.ThreadUtils$.awaitResult(ThreadUtils.scala:310)
	at org.apache.spark.rpc.RpcTimeout.awaitResult(RpcTimeout.scala:75)
	at org.apache.spark.rpc.RpcEnv.setupEndpointRefByURI(RpcEnv.scala:102)
	at org.apache.spark.rpc.RpcEnv.setupEndpointRef(RpcEnv.scala:110)
	at org.apache.spark.util.RpcUtils$.makeDriverRef(RpcUtils.scala:36)
	at org.apache.spark.storage.BlockManagerMasterEndpoint.driverEndpoint$lzycompute(BlockManagerMasterEndpoint.scala:124)
	at org.apache.spark.storage.BlockManagerMasterEndpoint.org$apache$spark$storage$BlockManagerMasterEndpoint$$driverEndpoint(BlockManagerMasterEndpoint.scala:123)
	at org.apache.spark.storage.BlockManagerMasterEndpoint.isExecutorAlive$lzycompute$1(BlockManagerMasterEndpoint.scala:688)
	at org.apache.spark.storage.BlockManagerMasterEndpoint.isExecutorAlive$1(BlockManagerMasterEndpoint.scala:687)
	at org.apache.spark.storage.BlockManagerMasterEndpoint.org$apache$spark$storage$BlockManagerMasterEndpoint$$register(BlockManagerMasterEndpoint.scala:725)
	at org.apache.spark.storage.BlockManagerMasterEndpoint$$anonfun$receiveAndReply$1.applyOrElse(BlockManagerMasterEndpoint.scala:133)
	at org.apache.spark.rpc.netty.Inbox.$anonfun$process$1(Inbox.scala:103)
	at org.apache.spark.rpc.netty.Inbox.safelyCall(Inbox.scala:213)
	at org.apache.spark.rpc.netty.Inbox.process(Inbox.scala:100)
	at org.apache.spark.rpc.netty.MessageLoop.org$apache$spark$rpc$netty$MessageLoop$$receiveLoop(MessageLoop.scala:75)
	at org.apache.spark.rpc.netty.MessageLoop$$anon$1.run(MessageLoop.scala:41)
	... 3 common frames omitted
Caused by: org.apache.spark.rpc.RpcEndpointNotFoundException: Cannot find endpoint: spark://CoarseGrainedScheduler@172.16.26.142:59279
	at org.apache.spark.rpc.netty.NettyRpcEnv.$anonfun$asyncSetupEndpointRefByURI$1(NettyRpcEnv.scala:148)
	at org.apache.spark.rpc.netty.NettyRpcEnv.$anonfun$asyncSetupEndpointRefByURI$1$adapted(NettyRpcEnv.scala:144)
	at scala.concurrent.Future.$anonfun$flatMap$1(Future.scala:307)
	at scala.concurrent.impl.Promise.$anonfun$transformWith$1(Promise.scala:41)
	at scala.concurrent.impl.CallbackRunnable.run(Promise.scala:64)
	at org.apache.spark.util.ThreadUtils$$anon$1.execute(ThreadUtils.scala:99)
	at scala.concurrent.impl.ExecutionContextImpl$$anon$4.execute(ExecutionContextImpl.scala:138)
	at scala.concurrent.impl.CallbackRunnable.executeWithValue(Promise.scala:72)
	at scala.concurrent.impl.Promise$DefaultPromise.$anonfun$tryComplete$1(Promise.scala:288)
	at scala.concurrent.impl.Promise$DefaultPromise.$anonfun$tryComplete$1$adapted(Promise.scala:288)
	at scala.concurrent.impl.Promise$DefaultPromise.tryComplete(Promise.scala:288)
	at scala.concurrent.Promise.complete(Promise.scala:53)
	at scala.concurrent.Promise.complete$(Promise.scala:52)
	at scala.concurrent.impl.Promise$DefaultPromise.complete(Promise.scala:187)
	at scala.concurrent.impl.Promise.$anonfun$transform$1(Promise.scala:33)
	at scala.concurrent.impl.CallbackRunnable.run(Promise.scala:64)
	at org.apache.spark.util.ThreadUtils$$anon$1.execute(ThreadUtils.scala:99)
	at scala.concurrent.impl.ExecutionContextImpl$$anon$4.execute(ExecutionContextImpl.scala:138)
	at scala.concurrent.impl.CallbackRunnable.executeWithValue(Promise.scala:72)
	at scala.concurrent.impl.Promise$DefaultPromise.$anonfun$tryComplete$1(Promise.scala:288)
	at scala.concurrent.impl.Promise$DefaultPromise.$anonfun$tryComplete$1$adapted(Promise.scala:288)
	at scala.concurrent.impl.Promise$DefaultPromise.tryComplete(Promise.scala:288)
	at scala.concurrent.Promise.complete(Promise.scala:53)
	at scala.concurrent.Promise.complete$(Promise.scala:52)
	at scala.concurrent.impl.Promise$DefaultPromise.complete(Promise.scala:187)
	at scala.concurrent.impl.Promise.$anonfun$transform$1(Promise.scala:33)
	at scala.concurrent.impl.CallbackRunnable.run(Promise.scala:64)
	at scala.concurrent.BatchingExecutor$Batch.processBatch$1(BatchingExecutor.scala:67)
	at scala.concurrent.BatchingExecutor$Batch.$anonfun$run$1(BatchingExecutor.scala:82)
	at scala.runtime.java8.JFunction0$mcV$sp.apply(JFunction0$mcV$sp.java:23)
	at scala.concurrent.BlockContext$.withBlockContext(BlockContext.scala:85)
	at scala.concurrent.BatchingExecutor$Batch.run(BatchingExecutor.scala:59)
	at scala.concurrent.Future$InternalCallbackExecutor$.unbatchedExecute(Future.scala:875)
	at scala.concurrent.BatchingExecutor.execute(BatchingExecutor.scala:110)
	at scala.concurrent.BatchingExecutor.execute$(BatchingExecutor.scala:107)
	at scala.concurrent.Future$InternalCallbackExecutor$.execute(Future.scala:873)
	at scala.concurrent.impl.CallbackRunnable.executeWithValue(Promise.scala:72)
	at scala.concurrent.impl.Promise$DefaultPromise.$anonfun$tryComplete$1(Promise.scala:288)
	at scala.concurrent.impl.Promise$DefaultPromise.$anonfun$tryComplete$1$adapted(Promise.scala:288)
	at scala.concurrent.impl.Promise$DefaultPromise.tryComplete(Promise.scala:288)
	at scala.concurrent.Promise.trySuccess(Promise.scala:94)
	at scala.concurrent.Promise.trySuccess$(Promise.scala:94)
	at scala.concurrent.impl.Promise$DefaultPromise.trySuccess(Promise.scala:187)
	at org.apache.spark.rpc.netty.NettyRpcEnv.onSuccess$1(NettyRpcEnv.scala:225)
	at org.apache.spark.rpc.netty.NettyRpcEnv.$anonfun$askAbortable$5(NettyRpcEnv.scala:239)
	at org.apache.spark.rpc.netty.NettyRpcEnv.$anonfun$askAbortable$5$adapted(NettyRpcEnv.scala:238)
	at scala.concurrent.impl.CallbackRunnable.run(Promise.scala:64)
	at org.apache.spark.util.ThreadUtils$$anon$1.execute(ThreadUtils.scala:99)
	at scala.concurrent.impl.ExecutionContextImpl$$anon$4.execute(ExecutionContextImpl.scala:138)
	at scala.concurrent.impl.CallbackRunnable.executeWithValue(Promise.scala:72)
	at scala.concurrent.impl.Promise$DefaultPromise.$anonfun$tryComplete$1(Promise.scala:288)
	at scala.concurrent.impl.Promise$DefaultPromise.$anonfun$tryComplete$1$adapted(Promise.scala:288)
	at scala.concurrent.impl.Promise$DefaultPromise.tryComplete(Promise.scala:288)
	at scala.concurrent.Promise.complete(Promise.scala:53)
	at scala.concurrent.Promise.complete$(Promise.scala:52)
	at scala.concurrent.impl.Promise$DefaultPromise.complete(Promise.scala:187)
	at scala.concurrent.Promise.success(Promise.scala:86)
	at scala.concurrent.Promise.success$(Promise.scala:86)
	at scala.concurrent.impl.Promise$DefaultPromise.success(Promise.scala:187)
	at org.apache.spark.rpc.netty.LocalNettyRpcCallContext.send(NettyRpcCallContext.scala:50)
	at org.apache.spark.rpc.netty.NettyRpcCallContext.reply(NettyRpcCallContext.scala:32)
	at org.apache.spark.rpc.netty.RpcEndpointVerifier$$anonfun$receiveAndReply$1.applyOrElse(RpcEndpointVerifier.scala:31)
	... 8 common frames omitted
2025-12-10 03:23:17.077 [stream execution thread for [id = c98990cc-c81f-4832-8c6b-0d6f877e43cb, runId = a9de8f77-4dec-465f-afdb-7826313ae329]] WARN  o.a.s.s.e.s.ProcessingTimeExecutor - Current batch is falling behind. The trigger interval is 900000 milliseconds, but spent 1088629 milliseconds
2025-12-10 03:26:38.674 [dispatcher-BlockManagerMaster] ERROR org.apache.spark.rpc.netty.Inbox - Ignoring error
org.apache.spark.SparkException: Exception thrown in awaitResult: 
	at org.apache.spark.util.SparkThreadUtils$.awaitResult(SparkThreadUtils.scala:56)
	at org.apache.spark.util.ThreadUtils$.awaitResult(ThreadUtils.scala:310)
	at org.apache.spark.rpc.RpcTimeout.awaitResult(RpcTimeout.scala:75)
	at org.apache.spark.rpc.RpcEnv.setupEndpointRefByURI(RpcEnv.scala:102)
	at org.apache.spark.rpc.RpcEnv.setupEndpointRef(RpcEnv.scala:110)
	at org.apache.spark.util.RpcUtils$.makeDriverRef(RpcUtils.scala:36)
	at org.apache.spark.storage.BlockManagerMasterEndpoint.driverEndpoint$lzycompute(BlockManagerMasterEndpoint.scala:124)
	at org.apache.spark.storage.BlockManagerMasterEndpoint.org$apache$spark$storage$BlockManagerMasterEndpoint$$driverEndpoint(BlockManagerMasterEndpoint.scala:123)
	at org.apache.spark.storage.BlockManagerMasterEndpoint.isExecutorAlive$lzycompute$1(BlockManagerMasterEndpoint.scala:688)
	at org.apache.spark.storage.BlockManagerMasterEndpoint.isExecutorAlive$1(BlockManagerMasterEndpoint.scala:687)
	at org.apache.spark.storage.BlockManagerMasterEndpoint.org$apache$spark$storage$BlockManagerMasterEndpoint$$register(BlockManagerMasterEndpoint.scala:725)
	at org.apache.spark.storage.BlockManagerMasterEndpoint$$anonfun$receiveAndReply$1.applyOrElse(BlockManagerMasterEndpoint.scala:133)
	at org.apache.spark.rpc.netty.Inbox.$anonfun$process$1(Inbox.scala:103)
	at org.apache.spark.rpc.netty.Inbox.safelyCall(Inbox.scala:213)
	at org.apache.spark.rpc.netty.Inbox.process(Inbox.scala:100)
	at org.apache.spark.rpc.netty.MessageLoop.org$apache$spark$rpc$netty$MessageLoop$$receiveLoop(MessageLoop.scala:75)
	at org.apache.spark.rpc.netty.MessageLoop$$anon$1.run(MessageLoop.scala:41)
	at java.base/java.util.concurrent.ThreadPoolExecutor.runWorker(ThreadPoolExecutor.java:1128)
	at java.base/java.util.concurrent.ThreadPoolExecutor$Worker.run(ThreadPoolExecutor.java:628)
	at java.base/java.lang.Thread.run(Thread.java:829)
Caused by: org.apache.spark.rpc.RpcEndpointNotFoundException: Cannot find endpoint: spark://CoarseGrainedScheduler@172.16.26.142:59279
	at org.apache.spark.rpc.netty.NettyRpcEnv.$anonfun$asyncSetupEndpointRefByURI$1(NettyRpcEnv.scala:148)
	at org.apache.spark.rpc.netty.NettyRpcEnv.$anonfun$asyncSetupEndpointRefByURI$1$adapted(NettyRpcEnv.scala:144)
	at scala.concurrent.Future.$anonfun$flatMap$1(Future.scala:307)
	at scala.concurrent.impl.Promise.$anonfun$transformWith$1(Promise.scala:41)
	at scala.concurrent.impl.CallbackRunnable.run(Promise.scala:64)
	at org.apache.spark.util.ThreadUtils$$anon$1.execute(ThreadUtils.scala:99)
	at scala.concurrent.impl.ExecutionContextImpl$$anon$4.execute(ExecutionContextImpl.scala:138)
	at scala.concurrent.impl.CallbackRunnable.executeWithValue(Promise.scala:72)
	at scala.concurrent.impl.Promise$DefaultPromise.$anonfun$tryComplete$1(Promise.scala:288)
	at scala.concurrent.impl.Promise$DefaultPromise.$anonfun$tryComplete$1$adapted(Promise.scala:288)
	at scala.concurrent.impl.Promise$DefaultPromise.tryComplete(Promise.scala:288)
	at scala.concurrent.Promise.complete(Promise.scala:53)
	at scala.concurrent.Promise.complete$(Promise.scala:52)
	at scala.concurrent.impl.Promise$DefaultPromise.complete(Promise.scala:187)
	at scala.concurrent.impl.Promise.$anonfun$transform$1(Promise.scala:33)
	at scala.concurrent.impl.CallbackRunnable.run(Promise.scala:64)
	at org.apache.spark.util.ThreadUtils$$anon$1.execute(ThreadUtils.scala:99)
	at scala.concurrent.impl.ExecutionContextImpl$$anon$4.execute(ExecutionContextImpl.scala:138)
	at scala.concurrent.impl.CallbackRunnable.executeWithValue(Promise.scala:72)
	at scala.concurrent.impl.Promise$DefaultPromise.$anonfun$tryComplete$1(Promise.scala:288)
	at scala.concurrent.impl.Promise$DefaultPromise.$anonfun$tryComplete$1$adapted(Promise.scala:288)
	at scala.concurrent.impl.Promise$DefaultPromise.tryComplete(Promise.scala:288)
	at scala.concurrent.Promise.complete(Promise.scala:53)
	at scala.concurrent.Promise.complete$(Promise.scala:52)
	at scala.concurrent.impl.Promise$DefaultPromise.complete(Promise.scala:187)
	at scala.concurrent.impl.Promise.$anonfun$transform$1(Promise.scala:33)
	at scala.concurrent.impl.CallbackRunnable.run(Promise.scala:64)
	at scala.concurrent.BatchingExecutor$Batch.processBatch$1(BatchingExecutor.scala:67)
	at scala.concurrent.BatchingExecutor$Batch.$anonfun$run$1(BatchingExecutor.scala:82)
	at scala.runtime.java8.JFunction0$mcV$sp.apply(JFunction0$mcV$sp.java:23)
	at scala.concurrent.BlockContext$.withBlockContext(BlockContext.scala:85)
	at scala.concurrent.BatchingExecutor$Batch.run(BatchingExecutor.scala:59)
	at scala.concurrent.Future$InternalCallbackExecutor$.unbatchedExecute(Future.scala:875)
	at scala.concurrent.BatchingExecutor.execute(BatchingExecutor.scala:110)
	at scala.concurrent.BatchingExecutor.execute$(BatchingExecutor.scala:107)
	at scala.concurrent.Future$InternalCallbackExecutor$.execute(Future.scala:873)
	at scala.concurrent.impl.CallbackRunnable.executeWithValue(Promise.scala:72)
	at scala.concurrent.impl.Promise$DefaultPromise.$anonfun$tryComplete$1(Promise.scala:288)
	at scala.concurrent.impl.Promise$DefaultPromise.$anonfun$tryComplete$1$adapted(Promise.scala:288)
	at scala.concurrent.impl.Promise$DefaultPromise.tryComplete(Promise.scala:288)
	at scala.concurrent.Promise.trySuccess(Promise.scala:94)
	at scala.concurrent.Promise.trySuccess$(Promise.scala:94)
	at scala.concurrent.impl.Promise$DefaultPromise.trySuccess(Promise.scala:187)
	at org.apache.spark.rpc.netty.NettyRpcEnv.onSuccess$1(NettyRpcEnv.scala:225)
	at org.apache.spark.rpc.netty.NettyRpcEnv.$anonfun$askAbortable$5(NettyRpcEnv.scala:239)
	at org.apache.spark.rpc.netty.NettyRpcEnv.$anonfun$askAbortable$5$adapted(NettyRpcEnv.scala:238)
	at scala.concurrent.impl.CallbackRunnable.run(Promise.scala:64)
	at org.apache.spark.util.ThreadUtils$$anon$1.execute(ThreadUtils.scala:99)
	at scala.concurrent.impl.ExecutionContextImpl$$anon$4.execute(ExecutionContextImpl.scala:138)
	at scala.concurrent.impl.CallbackRunnable.executeWithValue(Promise.scala:72)
	at scala.concurrent.impl.Promise$DefaultPromise.$anonfun$tryComplete$1(Promise.scala:288)
	at scala.concurrent.impl.Promise$DefaultPromise.$anonfun$tryComplete$1$adapted(Promise.scala:288)
	at scala.concurrent.impl.Promise$DefaultPromise.tryComplete(Promise.scala:288)
	at scala.concurrent.Promise.complete(Promise.scala:53)
	at scala.concurrent.Promise.complete$(Promise.scala:52)
	at scala.concurrent.impl.Promise$DefaultPromise.complete(Promise.scala:187)
	at scala.concurrent.Promise.success(Promise.scala:86)
	at scala.concurrent.Promise.success$(Promise.scala:86)
	at scala.concurrent.impl.Promise$DefaultPromise.success(Promise.scala:187)
	at org.apache.spark.rpc.netty.LocalNettyRpcCallContext.send(NettyRpcCallContext.scala:50)
	at org.apache.spark.rpc.netty.NettyRpcCallContext.reply(NettyRpcCallContext.scala:32)
	at org.apache.spark.rpc.netty.RpcEndpointVerifier$$anonfun$receiveAndReply$1.applyOrElse(RpcEndpointVerifier.scala:31)
	... 8 common frames omitted
2025-12-10 03:26:38.674 [executor-heartbeater] WARN  org.apache.spark.executor.Executor - Issue communicating with driver in heartbeater
org.apache.spark.SparkException: Exception thrown in awaitResult: 
	at org.apache.spark.util.SparkThreadUtils$.awaitResult(SparkThreadUtils.scala:56)
	at org.apache.spark.util.ThreadUtils$.awaitResult(ThreadUtils.scala:310)
	at org.apache.spark.rpc.RpcTimeout.awaitResult(RpcTimeout.scala:75)
	at org.apache.spark.rpc.RpcEndpointRef.askSync(RpcEndpointRef.scala:101)
	at org.apache.spark.rpc.RpcEndpointRef.askSync(RpcEndpointRef.scala:85)
	at org.apache.spark.storage.BlockManagerMaster.registerBlockManager(BlockManagerMaster.scala:80)
	at org.apache.spark.storage.BlockManager.reregister(BlockManager.scala:642)
	at org.apache.spark.executor.Executor.reportHeartBeat(Executor.scala:1223)
	at org.apache.spark.executor.Executor.$anonfun$heartbeater$1(Executor.scala:295)
	at scala.runtime.java8.JFunction0$mcV$sp.apply(JFunction0$mcV$sp.java:23)
	at org.apache.spark.util.Utils$.logUncaughtExceptions(Utils.scala:1928)
	at org.apache.spark.Heartbeater$$anon$1.run(Heartbeater.scala:46)
	at java.base/java.util.concurrent.Executors$RunnableAdapter.call(Executors.java:515)
	at java.base/java.util.concurrent.FutureTask.runAndReset(FutureTask.java:305)
	at java.base/java.util.concurrent.ScheduledThreadPoolExecutor$ScheduledFutureTask.run(ScheduledThreadPoolExecutor.java:305)
	at java.base/java.util.concurrent.ThreadPoolExecutor.runWorker(ThreadPoolExecutor.java:1128)
	at java.base/java.util.concurrent.ThreadPoolExecutor$Worker.run(ThreadPoolExecutor.java:628)
	at java.base/java.lang.Thread.run(Thread.java:829)
Caused by: org.apache.spark.SparkException: Exception thrown in awaitResult: 
	at org.apache.spark.util.SparkThreadUtils$.awaitResult(SparkThreadUtils.scala:56)
	at org.apache.spark.util.ThreadUtils$.awaitResult(ThreadUtils.scala:310)
	at org.apache.spark.rpc.RpcTimeout.awaitResult(RpcTimeout.scala:75)
	at org.apache.spark.rpc.RpcEnv.setupEndpointRefByURI(RpcEnv.scala:102)
	at org.apache.spark.rpc.RpcEnv.setupEndpointRef(RpcEnv.scala:110)
	at org.apache.spark.util.RpcUtils$.makeDriverRef(RpcUtils.scala:36)
	at org.apache.spark.storage.BlockManagerMasterEndpoint.driverEndpoint$lzycompute(BlockManagerMasterEndpoint.scala:124)
	at org.apache.spark.storage.BlockManagerMasterEndpoint.org$apache$spark$storage$BlockManagerMasterEndpoint$$driverEndpoint(BlockManagerMasterEndpoint.scala:123)
	at org.apache.spark.storage.BlockManagerMasterEndpoint.isExecutorAlive$lzycompute$1(BlockManagerMasterEndpoint.scala:688)
	at org.apache.spark.storage.BlockManagerMasterEndpoint.isExecutorAlive$1(BlockManagerMasterEndpoint.scala:687)
	at org.apache.spark.storage.BlockManagerMasterEndpoint.org$apache$spark$storage$BlockManagerMasterEndpoint$$register(BlockManagerMasterEndpoint.scala:725)
	at org.apache.spark.storage.BlockManagerMasterEndpoint$$anonfun$receiveAndReply$1.applyOrElse(BlockManagerMasterEndpoint.scala:133)
	at org.apache.spark.rpc.netty.Inbox.$anonfun$process$1(Inbox.scala:103)
	at org.apache.spark.rpc.netty.Inbox.safelyCall(Inbox.scala:213)
	at org.apache.spark.rpc.netty.Inbox.process(Inbox.scala:100)
	at org.apache.spark.rpc.netty.MessageLoop.org$apache$spark$rpc$netty$MessageLoop$$receiveLoop(MessageLoop.scala:75)
	at org.apache.spark.rpc.netty.MessageLoop$$anon$1.run(MessageLoop.scala:41)
	... 3 common frames omitted
Caused by: org.apache.spark.rpc.RpcEndpointNotFoundException: Cannot find endpoint: spark://CoarseGrainedScheduler@172.16.26.142:59279
	at org.apache.spark.rpc.netty.NettyRpcEnv.$anonfun$asyncSetupEndpointRefByURI$1(NettyRpcEnv.scala:148)
	at org.apache.spark.rpc.netty.NettyRpcEnv.$anonfun$asyncSetupEndpointRefByURI$1$adapted(NettyRpcEnv.scala:144)
	at scala.concurrent.Future.$anonfun$flatMap$1(Future.scala:307)
	at scala.concurrent.impl.Promise.$anonfun$transformWith$1(Promise.scala:41)
	at scala.concurrent.impl.CallbackRunnable.run(Promise.scala:64)
	at org.apache.spark.util.ThreadUtils$$anon$1.execute(ThreadUtils.scala:99)
	at scala.concurrent.impl.ExecutionContextImpl$$anon$4.execute(ExecutionContextImpl.scala:138)
	at scala.concurrent.impl.CallbackRunnable.executeWithValue(Promise.scala:72)
	at scala.concurrent.impl.Promise$DefaultPromise.$anonfun$tryComplete$1(Promise.scala:288)
	at scala.concurrent.impl.Promise$DefaultPromise.$anonfun$tryComplete$1$adapted(Promise.scala:288)
	at scala.concurrent.impl.Promise$DefaultPromise.tryComplete(Promise.scala:288)
	at scala.concurrent.Promise.complete(Promise.scala:53)
	at scala.concurrent.Promise.complete$(Promise.scala:52)
	at scala.concurrent.impl.Promise$DefaultPromise.complete(Promise.scala:187)
	at scala.concurrent.impl.Promise.$anonfun$transform$1(Promise.scala:33)
	at scala.concurrent.impl.CallbackRunnable.run(Promise.scala:64)
	at org.apache.spark.util.ThreadUtils$$anon$1.execute(ThreadUtils.scala:99)
	at scala.concurrent.impl.ExecutionContextImpl$$anon$4.execute(ExecutionContextImpl.scala:138)
	at scala.concurrent.impl.CallbackRunnable.executeWithValue(Promise.scala:72)
	at scala.concurrent.impl.Promise$DefaultPromise.$anonfun$tryComplete$1(Promise.scala:288)
	at scala.concurrent.impl.Promise$DefaultPromise.$anonfun$tryComplete$1$adapted(Promise.scala:288)
	at scala.concurrent.impl.Promise$DefaultPromise.tryComplete(Promise.scala:288)
	at scala.concurrent.Promise.complete(Promise.scala:53)
	at scala.concurrent.Promise.complete$(Promise.scala:52)
	at scala.concurrent.impl.Promise$DefaultPromise.complete(Promise.scala:187)
	at scala.concurrent.impl.Promise.$anonfun$transform$1(Promise.scala:33)
	at scala.concurrent.impl.CallbackRunnable.run(Promise.scala:64)
	at scala.concurrent.BatchingExecutor$Batch.processBatch$1(BatchingExecutor.scala:67)
	at scala.concurrent.BatchingExecutor$Batch.$anonfun$run$1(BatchingExecutor.scala:82)
	at scala.runtime.java8.JFunction0$mcV$sp.apply(JFunction0$mcV$sp.java:23)
	at scala.concurrent.BlockContext$.withBlockContext(BlockContext.scala:85)
	at scala.concurrent.BatchingExecutor$Batch.run(BatchingExecutor.scala:59)
	at scala.concurrent.Future$InternalCallbackExecutor$.unbatchedExecute(Future.scala:875)
	at scala.concurrent.BatchingExecutor.execute(BatchingExecutor.scala:110)
	at scala.concurrent.BatchingExecutor.execute$(BatchingExecutor.scala:107)
	at scala.concurrent.Future$InternalCallbackExecutor$.execute(Future.scala:873)
	at scala.concurrent.impl.CallbackRunnable.executeWithValue(Promise.scala:72)
	at scala.concurrent.impl.Promise$DefaultPromise.$anonfun$tryComplete$1(Promise.scala:288)
	at scala.concurrent.impl.Promise$DefaultPromise.$anonfun$tryComplete$1$adapted(Promise.scala:288)
	at scala.concurrent.impl.Promise$DefaultPromise.tryComplete(Promise.scala:288)
	at scala.concurrent.Promise.trySuccess(Promise.scala:94)
	at scala.concurrent.Promise.trySuccess$(Promise.scala:94)
	at scala.concurrent.impl.Promise$DefaultPromise.trySuccess(Promise.scala:187)
	at org.apache.spark.rpc.netty.NettyRpcEnv.onSuccess$1(NettyRpcEnv.scala:225)
	at org.apache.spark.rpc.netty.NettyRpcEnv.$anonfun$askAbortable$5(NettyRpcEnv.scala:239)
	at org.apache.spark.rpc.netty.NettyRpcEnv.$anonfun$askAbortable$5$adapted(NettyRpcEnv.scala:238)
	at scala.concurrent.impl.CallbackRunnable.run(Promise.scala:64)
	at org.apache.spark.util.ThreadUtils$$anon$1.execute(ThreadUtils.scala:99)
	at scala.concurrent.impl.ExecutionContextImpl$$anon$4.execute(ExecutionContextImpl.scala:138)
	at scala.concurrent.impl.CallbackRunnable.executeWithValue(Promise.scala:72)
	at scala.concurrent.impl.Promise$DefaultPromise.$anonfun$tryComplete$1(Promise.scala:288)
	at scala.concurrent.impl.Promise$DefaultPromise.$anonfun$tryComplete$1$adapted(Promise.scala:288)
	at scala.concurrent.impl.Promise$DefaultPromise.tryComplete(Promise.scala:288)
	at scala.concurrent.Promise.complete(Promise.scala:53)
	at scala.concurrent.Promise.complete$(Promise.scala:52)
	at scala.concurrent.impl.Promise$DefaultPromise.complete(Promise.scala:187)
	at scala.concurrent.Promise.success(Promise.scala:86)
	at scala.concurrent.Promise.success$(Promise.scala:86)
	at scala.concurrent.impl.Promise$DefaultPromise.success(Promise.scala:187)
	at org.apache.spark.rpc.netty.LocalNettyRpcCallContext.send(NettyRpcCallContext.scala:50)
	at org.apache.spark.rpc.netty.NettyRpcCallContext.reply(NettyRpcCallContext.scala:32)
	at org.apache.spark.rpc.netty.RpcEndpointVerifier$$anonfun$receiveAndReply$1.applyOrElse(RpcEndpointVerifier.scala:31)
	... 8 common frames omitted
2025-12-10 03:26:48.671 [dispatcher-BlockManagerMaster] ERROR org.apache.spark.rpc.netty.Inbox - Ignoring error
org.apache.spark.SparkException: Exception thrown in awaitResult: 
	at org.apache.spark.util.SparkThreadUtils$.awaitResult(SparkThreadUtils.scala:56)
	at org.apache.spark.util.ThreadUtils$.awaitResult(ThreadUtils.scala:310)
	at org.apache.spark.rpc.RpcTimeout.awaitResult(RpcTimeout.scala:75)
	at org.apache.spark.rpc.RpcEnv.setupEndpointRefByURI(RpcEnv.scala:102)
	at org.apache.spark.rpc.RpcEnv.setupEndpointRef(RpcEnv.scala:110)
	at org.apache.spark.util.RpcUtils$.makeDriverRef(RpcUtils.scala:36)
	at org.apache.spark.storage.BlockManagerMasterEndpoint.driverEndpoint$lzycompute(BlockManagerMasterEndpoint.scala:124)
	at org.apache.spark.storage.BlockManagerMasterEndpoint.org$apache$spark$storage$BlockManagerMasterEndpoint$$driverEndpoint(BlockManagerMasterEndpoint.scala:123)
	at org.apache.spark.storage.BlockManagerMasterEndpoint.isExecutorAlive$lzycompute$1(BlockManagerMasterEndpoint.scala:688)
	at org.apache.spark.storage.BlockManagerMasterEndpoint.isExecutorAlive$1(BlockManagerMasterEndpoint.scala:687)
	at org.apache.spark.storage.BlockManagerMasterEndpoint.org$apache$spark$storage$BlockManagerMasterEndpoint$$register(BlockManagerMasterEndpoint.scala:725)
	at org.apache.spark.storage.BlockManagerMasterEndpoint$$anonfun$receiveAndReply$1.applyOrElse(BlockManagerMasterEndpoint.scala:133)
	at org.apache.spark.rpc.netty.Inbox.$anonfun$process$1(Inbox.scala:103)
	at org.apache.spark.rpc.netty.Inbox.safelyCall(Inbox.scala:213)
	at org.apache.spark.rpc.netty.Inbox.process(Inbox.scala:100)
	at org.apache.spark.rpc.netty.MessageLoop.org$apache$spark$rpc$netty$MessageLoop$$receiveLoop(MessageLoop.scala:75)
	at org.apache.spark.rpc.netty.MessageLoop$$anon$1.run(MessageLoop.scala:41)
	at java.base/java.util.concurrent.ThreadPoolExecutor.runWorker(ThreadPoolExecutor.java:1128)
	at java.base/java.util.concurrent.ThreadPoolExecutor$Worker.run(ThreadPoolExecutor.java:628)
	at java.base/java.lang.Thread.run(Thread.java:829)
Caused by: org.apache.spark.rpc.RpcEndpointNotFoundException: Cannot find endpoint: spark://CoarseGrainedScheduler@172.16.26.142:59279
	at org.apache.spark.rpc.netty.NettyRpcEnv.$anonfun$asyncSetupEndpointRefByURI$1(NettyRpcEnv.scala:148)
	at org.apache.spark.rpc.netty.NettyRpcEnv.$anonfun$asyncSetupEndpointRefByURI$1$adapted(NettyRpcEnv.scala:144)
	at scala.concurrent.Future.$anonfun$flatMap$1(Future.scala:307)
	at scala.concurrent.impl.Promise.$anonfun$transformWith$1(Promise.scala:41)
	at scala.concurrent.impl.CallbackRunnable.run(Promise.scala:64)
	at org.apache.spark.util.ThreadUtils$$anon$1.execute(ThreadUtils.scala:99)
	at scala.concurrent.impl.ExecutionContextImpl$$anon$4.execute(ExecutionContextImpl.scala:138)
	at scala.concurrent.impl.CallbackRunnable.executeWithValue(Promise.scala:72)
	at scala.concurrent.impl.Promise$DefaultPromise.dispatchOrAddCallback(Promise.scala:316)
	at scala.concurrent.impl.Promise$DefaultPromise.onComplete(Promise.scala:307)
	at scala.concurrent.impl.Promise.transformWith(Promise.scala:40)
	at scala.concurrent.impl.Promise.transformWith$(Promise.scala:38)
	at scala.concurrent.impl.Promise$DefaultPromise.transformWith(Promise.scala:187)
	at scala.concurrent.Future.flatMap(Future.scala:306)
	at scala.concurrent.Future.flatMap$(Future.scala:306)
	at scala.concurrent.impl.Promise$DefaultPromise.flatMap(Promise.scala:187)
	at org.apache.spark.rpc.netty.NettyRpcEnv.asyncSetupEndpointRefByURI(NettyRpcEnv.scala:150)
	... 17 common frames omitted
2025-12-10 03:26:48.671 [executor-heartbeater] WARN  org.apache.spark.executor.Executor - Issue communicating with driver in heartbeater
org.apache.spark.SparkException: Exception thrown in awaitResult: 
	at org.apache.spark.util.SparkThreadUtils$.awaitResult(SparkThreadUtils.scala:56)
	at org.apache.spark.util.ThreadUtils$.awaitResult(ThreadUtils.scala:310)
	at org.apache.spark.rpc.RpcTimeout.awaitResult(RpcTimeout.scala:75)
	at org.apache.spark.rpc.RpcEndpointRef.askSync(RpcEndpointRef.scala:101)
	at org.apache.spark.rpc.RpcEndpointRef.askSync(RpcEndpointRef.scala:85)
	at org.apache.spark.storage.BlockManagerMaster.registerBlockManager(BlockManagerMaster.scala:80)
	at org.apache.spark.storage.BlockManager.reregister(BlockManager.scala:642)
	at org.apache.spark.executor.Executor.reportHeartBeat(Executor.scala:1223)
	at org.apache.spark.executor.Executor.$anonfun$heartbeater$1(Executor.scala:295)
	at scala.runtime.java8.JFunction0$mcV$sp.apply(JFunction0$mcV$sp.java:23)
	at org.apache.spark.util.Utils$.logUncaughtExceptions(Utils.scala:1928)
	at org.apache.spark.Heartbeater$$anon$1.run(Heartbeater.scala:46)
	at java.base/java.util.concurrent.Executors$RunnableAdapter.call(Executors.java:515)
	at java.base/java.util.concurrent.FutureTask.runAndReset(FutureTask.java:305)
	at java.base/java.util.concurrent.ScheduledThreadPoolExecutor$ScheduledFutureTask.run(ScheduledThreadPoolExecutor.java:305)
	at java.base/java.util.concurrent.ThreadPoolExecutor.runWorker(ThreadPoolExecutor.java:1128)
	at java.base/java.util.concurrent.ThreadPoolExecutor$Worker.run(ThreadPoolExecutor.java:628)
	at java.base/java.lang.Thread.run(Thread.java:829)
Caused by: org.apache.spark.SparkException: Exception thrown in awaitResult: 
	at org.apache.spark.util.SparkThreadUtils$.awaitResult(SparkThreadUtils.scala:56)
	at org.apache.spark.util.ThreadUtils$.awaitResult(ThreadUtils.scala:310)
	at org.apache.spark.rpc.RpcTimeout.awaitResult(RpcTimeout.scala:75)
	at org.apache.spark.rpc.RpcEnv.setupEndpointRefByURI(RpcEnv.scala:102)
	at org.apache.spark.rpc.RpcEnv.setupEndpointRef(RpcEnv.scala:110)
	at org.apache.spark.util.RpcUtils$.makeDriverRef(RpcUtils.scala:36)
	at org.apache.spark.storage.BlockManagerMasterEndpoint.driverEndpoint$lzycompute(BlockManagerMasterEndpoint.scala:124)
	at org.apache.spark.storage.BlockManagerMasterEndpoint.org$apache$spark$storage$BlockManagerMasterEndpoint$$driverEndpoint(BlockManagerMasterEndpoint.scala:123)
	at org.apache.spark.storage.BlockManagerMasterEndpoint.isExecutorAlive$lzycompute$1(BlockManagerMasterEndpoint.scala:688)
	at org.apache.spark.storage.BlockManagerMasterEndpoint.isExecutorAlive$1(BlockManagerMasterEndpoint.scala:687)
	at org.apache.spark.storage.BlockManagerMasterEndpoint.org$apache$spark$storage$BlockManagerMasterEndpoint$$register(BlockManagerMasterEndpoint.scala:725)
	at org.apache.spark.storage.BlockManagerMasterEndpoint$$anonfun$receiveAndReply$1.applyOrElse(BlockManagerMasterEndpoint.scala:133)
	at org.apache.spark.rpc.netty.Inbox.$anonfun$process$1(Inbox.scala:103)
	at org.apache.spark.rpc.netty.Inbox.safelyCall(Inbox.scala:213)
	at org.apache.spark.rpc.netty.Inbox.process(Inbox.scala:100)
	at org.apache.spark.rpc.netty.MessageLoop.org$apache$spark$rpc$netty$MessageLoop$$receiveLoop(MessageLoop.scala:75)
	at org.apache.spark.rpc.netty.MessageLoop$$anon$1.run(MessageLoop.scala:41)
	... 3 common frames omitted
Caused by: org.apache.spark.rpc.RpcEndpointNotFoundException: Cannot find endpoint: spark://CoarseGrainedScheduler@172.16.26.142:59279
	at org.apache.spark.rpc.netty.NettyRpcEnv.$anonfun$asyncSetupEndpointRefByURI$1(NettyRpcEnv.scala:148)
	at org.apache.spark.rpc.netty.NettyRpcEnv.$anonfun$asyncSetupEndpointRefByURI$1$adapted(NettyRpcEnv.scala:144)
	at scala.concurrent.Future.$anonfun$flatMap$1(Future.scala:307)
	at scala.concurrent.impl.Promise.$anonfun$transformWith$1(Promise.scala:41)
	at scala.concurrent.impl.CallbackRunnable.run(Promise.scala:64)
	at org.apache.spark.util.ThreadUtils$$anon$1.execute(ThreadUtils.scala:99)
	at scala.concurrent.impl.ExecutionContextImpl$$anon$4.execute(ExecutionContextImpl.scala:138)
	at scala.concurrent.impl.CallbackRunnable.executeWithValue(Promise.scala:72)
	at scala.concurrent.impl.Promise$DefaultPromise.dispatchOrAddCallback(Promise.scala:316)
	at scala.concurrent.impl.Promise$DefaultPromise.onComplete(Promise.scala:307)
	at scala.concurrent.impl.Promise.transformWith(Promise.scala:40)
	at scala.concurrent.impl.Promise.transformWith$(Promise.scala:38)
	at scala.concurrent.impl.Promise$DefaultPromise.transformWith(Promise.scala:187)
	at scala.concurrent.Future.flatMap(Future.scala:306)
	at scala.concurrent.Future.flatMap$(Future.scala:306)
	at scala.concurrent.impl.Promise$DefaultPromise.flatMap(Promise.scala:187)
	at org.apache.spark.rpc.netty.NettyRpcEnv.asyncSetupEndpointRefByURI(NettyRpcEnv.scala:150)
	... 17 common frames omitted
2025-12-10 03:26:58.666 [dispatcher-BlockManagerMaster] ERROR org.apache.spark.rpc.netty.Inbox - Ignoring error
org.apache.spark.SparkException: Exception thrown in awaitResult: 
	at org.apache.spark.util.SparkThreadUtils$.awaitResult(SparkThreadUtils.scala:56)
	at org.apache.spark.util.ThreadUtils$.awaitResult(ThreadUtils.scala:310)
	at org.apache.spark.rpc.RpcTimeout.awaitResult(RpcTimeout.scala:75)
	at org.apache.spark.rpc.RpcEnv.setupEndpointRefByURI(RpcEnv.scala:102)
	at org.apache.spark.rpc.RpcEnv.setupEndpointRef(RpcEnv.scala:110)
	at org.apache.spark.util.RpcUtils$.makeDriverRef(RpcUtils.scala:36)
	at org.apache.spark.storage.BlockManagerMasterEndpoint.driverEndpoint$lzycompute(BlockManagerMasterEndpoint.scala:124)
	at org.apache.spark.storage.BlockManagerMasterEndpoint.org$apache$spark$storage$BlockManagerMasterEndpoint$$driverEndpoint(BlockManagerMasterEndpoint.scala:123)
	at org.apache.spark.storage.BlockManagerMasterEndpoint.isExecutorAlive$lzycompute$1(BlockManagerMasterEndpoint.scala:688)
	at org.apache.spark.storage.BlockManagerMasterEndpoint.isExecutorAlive$1(BlockManagerMasterEndpoint.scala:687)
	at org.apache.spark.storage.BlockManagerMasterEndpoint.org$apache$spark$storage$BlockManagerMasterEndpoint$$register(BlockManagerMasterEndpoint.scala:725)
	at org.apache.spark.storage.BlockManagerMasterEndpoint$$anonfun$receiveAndReply$1.applyOrElse(BlockManagerMasterEndpoint.scala:133)
	at org.apache.spark.rpc.netty.Inbox.$anonfun$process$1(Inbox.scala:103)
	at org.apache.spark.rpc.netty.Inbox.safelyCall(Inbox.scala:213)
	at org.apache.spark.rpc.netty.Inbox.process(Inbox.scala:100)
	at org.apache.spark.rpc.netty.MessageLoop.org$apache$spark$rpc$netty$MessageLoop$$receiveLoop(MessageLoop.scala:75)
	at org.apache.spark.rpc.netty.MessageLoop$$anon$1.run(MessageLoop.scala:41)
	at java.base/java.util.concurrent.ThreadPoolExecutor.runWorker(ThreadPoolExecutor.java:1128)
	at java.base/java.util.concurrent.ThreadPoolExecutor$Worker.run(ThreadPoolExecutor.java:628)
	at java.base/java.lang.Thread.run(Thread.java:829)
Caused by: org.apache.spark.rpc.RpcEndpointNotFoundException: Cannot find endpoint: spark://CoarseGrainedScheduler@172.16.26.142:59279
	at org.apache.spark.rpc.netty.NettyRpcEnv.$anonfun$asyncSetupEndpointRefByURI$1(NettyRpcEnv.scala:148)
	at org.apache.spark.rpc.netty.NettyRpcEnv.$anonfun$asyncSetupEndpointRefByURI$1$adapted(NettyRpcEnv.scala:144)
	at scala.concurrent.Future.$anonfun$flatMap$1(Future.scala:307)
	at scala.concurrent.impl.Promise.$anonfun$transformWith$1(Promise.scala:41)
	at scala.concurrent.impl.CallbackRunnable.run(Promise.scala:64)
	at org.apache.spark.util.ThreadUtils$$anon$1.execute(ThreadUtils.scala:99)
	at scala.concurrent.impl.ExecutionContextImpl$$anon$4.execute(ExecutionContextImpl.scala:138)
	at scala.concurrent.impl.CallbackRunnable.executeWithValue(Promise.scala:72)
	at scala.concurrent.impl.Promise$DefaultPromise.$anonfun$tryComplete$1(Promise.scala:288)
	at scala.concurrent.impl.Promise$DefaultPromise.$anonfun$tryComplete$1$adapted(Promise.scala:288)
	at scala.concurrent.impl.Promise$DefaultPromise.tryComplete(Promise.scala:288)
	at scala.concurrent.Promise.complete(Promise.scala:53)
	at scala.concurrent.Promise.complete$(Promise.scala:52)
	at scala.concurrent.impl.Promise$DefaultPromise.complete(Promise.scala:187)
	at scala.concurrent.impl.Promise.$anonfun$transform$1(Promise.scala:33)
	at scala.concurrent.impl.CallbackRunnable.run(Promise.scala:64)
	at org.apache.spark.util.ThreadUtils$$anon$1.execute(ThreadUtils.scala:99)
	at scala.concurrent.impl.ExecutionContextImpl$$anon$4.execute(ExecutionContextImpl.scala:138)
	at scala.concurrent.impl.CallbackRunnable.executeWithValue(Promise.scala:72)
	at scala.concurrent.impl.Promise$DefaultPromise.$anonfun$tryComplete$1(Promise.scala:288)
	at scala.concurrent.impl.Promise$DefaultPromise.$anonfun$tryComplete$1$adapted(Promise.scala:288)
	at scala.concurrent.impl.Promise$DefaultPromise.tryComplete(Promise.scala:288)
	at scala.concurrent.Promise.complete(Promise.scala:53)
	at scala.concurrent.Promise.complete$(Promise.scala:52)
	at scala.concurrent.impl.Promise$DefaultPromise.complete(Promise.scala:187)
	at scala.concurrent.impl.Promise.$anonfun$transform$1(Promise.scala:33)
	at scala.concurrent.impl.CallbackRunnable.run(Promise.scala:64)
	at scala.concurrent.BatchingExecutor$Batch.processBatch$1(BatchingExecutor.scala:67)
	at scala.concurrent.BatchingExecutor$Batch.$anonfun$run$1(BatchingExecutor.scala:82)
	at scala.runtime.java8.JFunction0$mcV$sp.apply(JFunction0$mcV$sp.java:23)
	at scala.concurrent.BlockContext$.withBlockContext(BlockContext.scala:85)
	at scala.concurrent.BatchingExecutor$Batch.run(BatchingExecutor.scala:59)
	at scala.concurrent.Future$InternalCallbackExecutor$.unbatchedExecute(Future.scala:875)
	at scala.concurrent.BatchingExecutor.execute(BatchingExecutor.scala:110)
	at scala.concurrent.BatchingExecutor.execute$(BatchingExecutor.scala:107)
	at scala.concurrent.Future$InternalCallbackExecutor$.execute(Future.scala:873)
	at scala.concurrent.impl.CallbackRunnable.executeWithValue(Promise.scala:72)
	at scala.concurrent.impl.Promise$DefaultPromise.$anonfun$tryComplete$1(Promise.scala:288)
	at scala.concurrent.impl.Promise$DefaultPromise.$anonfun$tryComplete$1$adapted(Promise.scala:288)
	at scala.concurrent.impl.Promise$DefaultPromise.tryComplete(Promise.scala:288)
	at scala.concurrent.Promise.trySuccess(Promise.scala:94)
	at scala.concurrent.Promise.trySuccess$(Promise.scala:94)
	at scala.concurrent.impl.Promise$DefaultPromise.trySuccess(Promise.scala:187)
	at org.apache.spark.rpc.netty.NettyRpcEnv.onSuccess$1(NettyRpcEnv.scala:225)
	at org.apache.spark.rpc.netty.NettyRpcEnv.$anonfun$askAbortable$5(NettyRpcEnv.scala:239)
	at org.apache.spark.rpc.netty.NettyRpcEnv.$anonfun$askAbortable$5$adapted(NettyRpcEnv.scala:238)
	at scala.concurrent.impl.CallbackRunnable.run(Promise.scala:64)
	at org.apache.spark.util.ThreadUtils$$anon$1.execute(ThreadUtils.scala:99)
	at scala.concurrent.impl.ExecutionContextImpl$$anon$4.execute(ExecutionContextImpl.scala:138)
	at scala.concurrent.impl.CallbackRunnable.executeWithValue(Promise.scala:72)
	at scala.concurrent.impl.Promise$DefaultPromise.$anonfun$tryComplete$1(Promise.scala:288)
	at scala.concurrent.impl.Promise$DefaultPromise.$anonfun$tryComplete$1$adapted(Promise.scala:288)
	at scala.concurrent.impl.Promise$DefaultPromise.tryComplete(Promise.scala:288)
	at scala.concurrent.Promise.complete(Promise.scala:53)
	at scala.concurrent.Promise.complete$(Promise.scala:52)
	at scala.concurrent.impl.Promise$DefaultPromise.complete(Promise.scala:187)
	at scala.concurrent.Promise.success(Promise.scala:86)
	at scala.concurrent.Promise.success$(Promise.scala:86)
	at scala.concurrent.impl.Promise$DefaultPromise.success(Promise.scala:187)
	at org.apache.spark.rpc.netty.LocalNettyRpcCallContext.send(NettyRpcCallContext.scala:50)
	at org.apache.spark.rpc.netty.NettyRpcCallContext.reply(NettyRpcCallContext.scala:32)
	at org.apache.spark.rpc.netty.RpcEndpointVerifier$$anonfun$receiveAndReply$1.applyOrElse(RpcEndpointVerifier.scala:31)
	... 8 common frames omitted
2025-12-10 03:26:58.666 [executor-heartbeater] WARN  org.apache.spark.executor.Executor - Issue communicating with driver in heartbeater
org.apache.spark.SparkException: Exception thrown in awaitResult: 
	at org.apache.spark.util.SparkThreadUtils$.awaitResult(SparkThreadUtils.scala:56)
	at org.apache.spark.util.ThreadUtils$.awaitResult(ThreadUtils.scala:310)
	at org.apache.spark.rpc.RpcTimeout.awaitResult(RpcTimeout.scala:75)
	at org.apache.spark.rpc.RpcEndpointRef.askSync(RpcEndpointRef.scala:101)
	at org.apache.spark.rpc.RpcEndpointRef.askSync(RpcEndpointRef.scala:85)
	at org.apache.spark.storage.BlockManagerMaster.registerBlockManager(BlockManagerMaster.scala:80)
	at org.apache.spark.storage.BlockManager.reregister(BlockManager.scala:642)
	at org.apache.spark.executor.Executor.reportHeartBeat(Executor.scala:1223)
	at org.apache.spark.executor.Executor.$anonfun$heartbeater$1(Executor.scala:295)
	at scala.runtime.java8.JFunction0$mcV$sp.apply(JFunction0$mcV$sp.java:23)
	at org.apache.spark.util.Utils$.logUncaughtExceptions(Utils.scala:1928)
	at org.apache.spark.Heartbeater$$anon$1.run(Heartbeater.scala:46)
	at java.base/java.util.concurrent.Executors$RunnableAdapter.call(Executors.java:515)
	at java.base/java.util.concurrent.FutureTask.runAndReset(FutureTask.java:305)
	at java.base/java.util.concurrent.ScheduledThreadPoolExecutor$ScheduledFutureTask.run(ScheduledThreadPoolExecutor.java:305)
	at java.base/java.util.concurrent.ThreadPoolExecutor.runWorker(ThreadPoolExecutor.java:1128)
	at java.base/java.util.concurrent.ThreadPoolExecutor$Worker.run(ThreadPoolExecutor.java:628)
	at java.base/java.lang.Thread.run(Thread.java:829)
Caused by: org.apache.spark.SparkException: Exception thrown in awaitResult: 
	at org.apache.spark.util.SparkThreadUtils$.awaitResult(SparkThreadUtils.scala:56)
	at org.apache.spark.util.ThreadUtils$.awaitResult(ThreadUtils.scala:310)
	at org.apache.spark.rpc.RpcTimeout.awaitResult(RpcTimeout.scala:75)
	at org.apache.spark.rpc.RpcEnv.setupEndpointRefByURI(RpcEnv.scala:102)
	at org.apache.spark.rpc.RpcEnv.setupEndpointRef(RpcEnv.scala:110)
	at org.apache.spark.util.RpcUtils$.makeDriverRef(RpcUtils.scala:36)
	at org.apache.spark.storage.BlockManagerMasterEndpoint.driverEndpoint$lzycompute(BlockManagerMasterEndpoint.scala:124)
	at org.apache.spark.storage.BlockManagerMasterEndpoint.org$apache$spark$storage$BlockManagerMasterEndpoint$$driverEndpoint(BlockManagerMasterEndpoint.scala:123)
	at org.apache.spark.storage.BlockManagerMasterEndpoint.isExecutorAlive$lzycompute$1(BlockManagerMasterEndpoint.scala:688)
	at org.apache.spark.storage.BlockManagerMasterEndpoint.isExecutorAlive$1(BlockManagerMasterEndpoint.scala:687)
	at org.apache.spark.storage.BlockManagerMasterEndpoint.org$apache$spark$storage$BlockManagerMasterEndpoint$$register(BlockManagerMasterEndpoint.scala:725)
	at org.apache.spark.storage.BlockManagerMasterEndpoint$$anonfun$receiveAndReply$1.applyOrElse(BlockManagerMasterEndpoint.scala:133)
	at org.apache.spark.rpc.netty.Inbox.$anonfun$process$1(Inbox.scala:103)
	at org.apache.spark.rpc.netty.Inbox.safelyCall(Inbox.scala:213)
	at org.apache.spark.rpc.netty.Inbox.process(Inbox.scala:100)
	at org.apache.spark.rpc.netty.MessageLoop.org$apache$spark$rpc$netty$MessageLoop$$receiveLoop(MessageLoop.scala:75)
	at org.apache.spark.rpc.netty.MessageLoop$$anon$1.run(MessageLoop.scala:41)
	... 3 common frames omitted
Caused by: org.apache.spark.rpc.RpcEndpointNotFoundException: Cannot find endpoint: spark://CoarseGrainedScheduler@172.16.26.142:59279
	at org.apache.spark.rpc.netty.NettyRpcEnv.$anonfun$asyncSetupEndpointRefByURI$1(NettyRpcEnv.scala:148)
	at org.apache.spark.rpc.netty.NettyRpcEnv.$anonfun$asyncSetupEndpointRefByURI$1$adapted(NettyRpcEnv.scala:144)
	at scala.concurrent.Future.$anonfun$flatMap$1(Future.scala:307)
	at scala.concurrent.impl.Promise.$anonfun$transformWith$1(Promise.scala:41)
	at scala.concurrent.impl.CallbackRunnable.run(Promise.scala:64)
	at org.apache.spark.util.ThreadUtils$$anon$1.execute(ThreadUtils.scala:99)
	at scala.concurrent.impl.ExecutionContextImpl$$anon$4.execute(ExecutionContextImpl.scala:138)
	at scala.concurrent.impl.CallbackRunnable.executeWithValue(Promise.scala:72)
	at scala.concurrent.impl.Promise$DefaultPromise.$anonfun$tryComplete$1(Promise.scala:288)
	at scala.concurrent.impl.Promise$DefaultPromise.$anonfun$tryComplete$1$adapted(Promise.scala:288)
	at scala.concurrent.impl.Promise$DefaultPromise.tryComplete(Promise.scala:288)
	at scala.concurrent.Promise.complete(Promise.scala:53)
	at scala.concurrent.Promise.complete$(Promise.scala:52)
	at scala.concurrent.impl.Promise$DefaultPromise.complete(Promise.scala:187)
	at scala.concurrent.impl.Promise.$anonfun$transform$1(Promise.scala:33)
	at scala.concurrent.impl.CallbackRunnable.run(Promise.scala:64)
	at org.apache.spark.util.ThreadUtils$$anon$1.execute(ThreadUtils.scala:99)
	at scala.concurrent.impl.ExecutionContextImpl$$anon$4.execute(ExecutionContextImpl.scala:138)
	at scala.concurrent.impl.CallbackRunnable.executeWithValue(Promise.scala:72)
	at scala.concurrent.impl.Promise$DefaultPromise.$anonfun$tryComplete$1(Promise.scala:288)
	at scala.concurrent.impl.Promise$DefaultPromise.$anonfun$tryComplete$1$adapted(Promise.scala:288)
	at scala.concurrent.impl.Promise$DefaultPromise.tryComplete(Promise.scala:288)
	at scala.concurrent.Promise.complete(Promise.scala:53)
	at scala.concurrent.Promise.complete$(Promise.scala:52)
	at scala.concurrent.impl.Promise$DefaultPromise.complete(Promise.scala:187)
	at scala.concurrent.impl.Promise.$anonfun$transform$1(Promise.scala:33)
	at scala.concurrent.impl.CallbackRunnable.run(Promise.scala:64)
	at scala.concurrent.BatchingExecutor$Batch.processBatch$1(BatchingExecutor.scala:67)
	at scala.concurrent.BatchingExecutor$Batch.$anonfun$run$1(BatchingExecutor.scala:82)
	at scala.runtime.java8.JFunction0$mcV$sp.apply(JFunction0$mcV$sp.java:23)
	at scala.concurrent.BlockContext$.withBlockContext(BlockContext.scala:85)
	at scala.concurrent.BatchingExecutor$Batch.run(BatchingExecutor.scala:59)
	at scala.concurrent.Future$InternalCallbackExecutor$.unbatchedExecute(Future.scala:875)
	at scala.concurrent.BatchingExecutor.execute(BatchingExecutor.scala:110)
	at scala.concurrent.BatchingExecutor.execute$(BatchingExecutor.scala:107)
	at scala.concurrent.Future$InternalCallbackExecutor$.execute(Future.scala:873)
	at scala.concurrent.impl.CallbackRunnable.executeWithValue(Promise.scala:72)
	at scala.concurrent.impl.Promise$DefaultPromise.$anonfun$tryComplete$1(Promise.scala:288)
	at scala.concurrent.impl.Promise$DefaultPromise.$anonfun$tryComplete$1$adapted(Promise.scala:288)
	at scala.concurrent.impl.Promise$DefaultPromise.tryComplete(Promise.scala:288)
	at scala.concurrent.Promise.trySuccess(Promise.scala:94)
	at scala.concurrent.Promise.trySuccess$(Promise.scala:94)
	at scala.concurrent.impl.Promise$DefaultPromise.trySuccess(Promise.scala:187)
	at org.apache.spark.rpc.netty.NettyRpcEnv.onSuccess$1(NettyRpcEnv.scala:225)
	at org.apache.spark.rpc.netty.NettyRpcEnv.$anonfun$askAbortable$5(NettyRpcEnv.scala:239)
	at org.apache.spark.rpc.netty.NettyRpcEnv.$anonfun$askAbortable$5$adapted(NettyRpcEnv.scala:238)
	at scala.concurrent.impl.CallbackRunnable.run(Promise.scala:64)
	at org.apache.spark.util.ThreadUtils$$anon$1.execute(ThreadUtils.scala:99)
	at scala.concurrent.impl.ExecutionContextImpl$$anon$4.execute(ExecutionContextImpl.scala:138)
	at scala.concurrent.impl.CallbackRunnable.executeWithValue(Promise.scala:72)
	at scala.concurrent.impl.Promise$DefaultPromise.$anonfun$tryComplete$1(Promise.scala:288)
	at scala.concurrent.impl.Promise$DefaultPromise.$anonfun$tryComplete$1$adapted(Promise.scala:288)
	at scala.concurrent.impl.Promise$DefaultPromise.tryComplete(Promise.scala:288)
	at scala.concurrent.Promise.complete(Promise.scala:53)
	at scala.concurrent.Promise.complete$(Promise.scala:52)
	at scala.concurrent.impl.Promise$DefaultPromise.complete(Promise.scala:187)
	at scala.concurrent.Promise.success(Promise.scala:86)
	at scala.concurrent.Promise.success$(Promise.scala:86)
	at scala.concurrent.impl.Promise$DefaultPromise.success(Promise.scala:187)
	at org.apache.spark.rpc.netty.LocalNettyRpcCallContext.send(NettyRpcCallContext.scala:50)
	at org.apache.spark.rpc.netty.NettyRpcCallContext.reply(NettyRpcCallContext.scala:32)
	at org.apache.spark.rpc.netty.RpcEndpointVerifier$$anonfun$receiveAndReply$1.applyOrElse(RpcEndpointVerifier.scala:31)
	... 8 common frames omitted
2025-12-10 03:27:08.660 [executor-heartbeater] WARN  org.apache.spark.executor.Executor - Issue communicating with driver in heartbeater
org.apache.spark.SparkException: Exception thrown in awaitResult: 
	at org.apache.spark.util.SparkThreadUtils$.awaitResult(SparkThreadUtils.scala:56)
	at org.apache.spark.util.ThreadUtils$.awaitResult(ThreadUtils.scala:310)
	at org.apache.spark.rpc.RpcTimeout.awaitResult(RpcTimeout.scala:75)
	at org.apache.spark.rpc.RpcEndpointRef.askSync(RpcEndpointRef.scala:101)
	at org.apache.spark.rpc.RpcEndpointRef.askSync(RpcEndpointRef.scala:85)
	at org.apache.spark.storage.BlockManagerMaster.registerBlockManager(BlockManagerMaster.scala:80)
	at org.apache.spark.storage.BlockManager.reregister(BlockManager.scala:642)
	at org.apache.spark.executor.Executor.reportHeartBeat(Executor.scala:1223)
	at org.apache.spark.executor.Executor.$anonfun$heartbeater$1(Executor.scala:295)
	at scala.runtime.java8.JFunction0$mcV$sp.apply(JFunction0$mcV$sp.java:23)
	at org.apache.spark.util.Utils$.logUncaughtExceptions(Utils.scala:1928)
	at org.apache.spark.Heartbeater$$anon$1.run(Heartbeater.scala:46)
	at java.base/java.util.concurrent.Executors$RunnableAdapter.call(Executors.java:515)
	at java.base/java.util.concurrent.FutureTask.runAndReset(FutureTask.java:305)
	at java.base/java.util.concurrent.ScheduledThreadPoolExecutor$ScheduledFutureTask.run(ScheduledThreadPoolExecutor.java:305)
	at java.base/java.util.concurrent.ThreadPoolExecutor.runWorker(ThreadPoolExecutor.java:1128)
	at java.base/java.util.concurrent.ThreadPoolExecutor$Worker.run(ThreadPoolExecutor.java:628)
	at java.base/java.lang.Thread.run(Thread.java:829)
Caused by: org.apache.spark.SparkException: Exception thrown in awaitResult: 
	at org.apache.spark.util.SparkThreadUtils$.awaitResult(SparkThreadUtils.scala:56)
	at org.apache.spark.util.ThreadUtils$.awaitResult(ThreadUtils.scala:310)
	at org.apache.spark.rpc.RpcTimeout.awaitResult(RpcTimeout.scala:75)
	at org.apache.spark.rpc.RpcEnv.setupEndpointRefByURI(RpcEnv.scala:102)
	at org.apache.spark.rpc.RpcEnv.setupEndpointRef(RpcEnv.scala:110)
	at org.apache.spark.util.RpcUtils$.makeDriverRef(RpcUtils.scala:36)
	at org.apache.spark.storage.BlockManagerMasterEndpoint.driverEndpoint$lzycompute(BlockManagerMasterEndpoint.scala:124)
	at org.apache.spark.storage.BlockManagerMasterEndpoint.org$apache$spark$storage$BlockManagerMasterEndpoint$$driverEndpoint(BlockManagerMasterEndpoint.scala:123)
	at org.apache.spark.storage.BlockManagerMasterEndpoint.isExecutorAlive$lzycompute$1(BlockManagerMasterEndpoint.scala:688)
	at org.apache.spark.storage.BlockManagerMasterEndpoint.isExecutorAlive$1(BlockManagerMasterEndpoint.scala:687)
	at org.apache.spark.storage.BlockManagerMasterEndpoint.org$apache$spark$storage$BlockManagerMasterEndpoint$$register(BlockManagerMasterEndpoint.scala:725)
	at org.apache.spark.storage.BlockManagerMasterEndpoint$$anonfun$receiveAndReply$1.applyOrElse(BlockManagerMasterEndpoint.scala:133)
	at org.apache.spark.rpc.netty.Inbox.$anonfun$process$1(Inbox.scala:103)
	at org.apache.spark.rpc.netty.Inbox.safelyCall(Inbox.scala:213)
	at org.apache.spark.rpc.netty.Inbox.process(Inbox.scala:100)
	at org.apache.spark.rpc.netty.MessageLoop.org$apache$spark$rpc$netty$MessageLoop$$receiveLoop(MessageLoop.scala:75)
	at org.apache.spark.rpc.netty.MessageLoop$$anon$1.run(MessageLoop.scala:41)
	... 3 common frames omitted
Caused by: org.apache.spark.rpc.RpcEndpointNotFoundException: Cannot find endpoint: spark://CoarseGrainedScheduler@172.16.26.142:59279
	at org.apache.spark.rpc.netty.NettyRpcEnv.$anonfun$asyncSetupEndpointRefByURI$1(NettyRpcEnv.scala:148)
	at org.apache.spark.rpc.netty.NettyRpcEnv.$anonfun$asyncSetupEndpointRefByURI$1$adapted(NettyRpcEnv.scala:144)
	at scala.concurrent.Future.$anonfun$flatMap$1(Future.scala:307)
	at scala.concurrent.impl.Promise.$anonfun$transformWith$1(Promise.scala:41)
	at scala.concurrent.impl.CallbackRunnable.run(Promise.scala:64)
	at org.apache.spark.util.ThreadUtils$$anon$1.execute(ThreadUtils.scala:99)
	at scala.concurrent.impl.ExecutionContextImpl$$anon$4.execute(ExecutionContextImpl.scala:138)
	at scala.concurrent.impl.CallbackRunnable.executeWithValue(Promise.scala:72)
	at scala.concurrent.impl.Promise$DefaultPromise.$anonfun$tryComplete$1(Promise.scala:288)
	at scala.concurrent.impl.Promise$DefaultPromise.$anonfun$tryComplete$1$adapted(Promise.scala:288)
	at scala.concurrent.impl.Promise$DefaultPromise.tryComplete(Promise.scala:288)
	at scala.concurrent.Promise.complete(Promise.scala:53)
	at scala.concurrent.Promise.complete$(Promise.scala:52)
	at scala.concurrent.impl.Promise$DefaultPromise.complete(Promise.scala:187)
	at scala.concurrent.impl.Promise.$anonfun$transform$1(Promise.scala:33)
	at scala.concurrent.impl.CallbackRunnable.run(Promise.scala:64)
	at org.apache.spark.util.ThreadUtils$$anon$1.execute(ThreadUtils.scala:99)
	at scala.concurrent.impl.ExecutionContextImpl$$anon$4.execute(ExecutionContextImpl.scala:138)
	at scala.concurrent.impl.CallbackRunnable.executeWithValue(Promise.scala:72)
	at scala.concurrent.impl.Promise$DefaultPromise.$anonfun$tryComplete$1(Promise.scala:288)
	at scala.concurrent.impl.Promise$DefaultPromise.$anonfun$tryComplete$1$adapted(Promise.scala:288)
	at scala.concurrent.impl.Promise$DefaultPromise.tryComplete(Promise.scala:288)
	at scala.concurrent.Promise.complete(Promise.scala:53)
	at scala.concurrent.Promise.complete$(Promise.scala:52)
	at scala.concurrent.impl.Promise$DefaultPromise.complete(Promise.scala:187)
	at scala.concurrent.impl.Promise.$anonfun$transform$1(Promise.scala:33)
	at scala.concurrent.impl.CallbackRunnable.run(Promise.scala:64)
	at scala.concurrent.BatchingExecutor$Batch.processBatch$1(BatchingExecutor.scala:67)
	at scala.concurrent.BatchingExecutor$Batch.$anonfun$run$1(BatchingExecutor.scala:82)
	at scala.runtime.java8.JFunction0$mcV$sp.apply(JFunction0$mcV$sp.java:23)
	at scala.concurrent.BlockContext$.withBlockContext(BlockContext.scala:85)
	at scala.concurrent.BatchingExecutor$Batch.run(BatchingExecutor.scala:59)
	at scala.concurrent.Future$InternalCallbackExecutor$.unbatchedExecute(Future.scala:875)
	at scala.concurrent.BatchingExecutor.execute(BatchingExecutor.scala:110)
	at scala.concurrent.BatchingExecutor.execute$(BatchingExecutor.scala:107)
	at scala.concurrent.Future$InternalCallbackExecutor$.execute(Future.scala:873)
	at scala.concurrent.impl.CallbackRunnable.executeWithValue(Promise.scala:72)
	at scala.concurrent.impl.Promise$DefaultPromise.$anonfun$tryComplete$1(Promise.scala:288)
	at scala.concurrent.impl.Promise$DefaultPromise.$anonfun$tryComplete$1$adapted(Promise.scala:288)
	at scala.concurrent.impl.Promise$DefaultPromise.tryComplete(Promise.scala:288)
	at scala.concurrent.Promise.trySuccess(Promise.scala:94)
	at scala.concurrent.Promise.trySuccess$(Promise.scala:94)
	at scala.concurrent.impl.Promise$DefaultPromise.trySuccess(Promise.scala:187)
	at org.apache.spark.rpc.netty.NettyRpcEnv.onSuccess$1(NettyRpcEnv.scala:225)
	at org.apache.spark.rpc.netty.NettyRpcEnv.$anonfun$askAbortable$5(NettyRpcEnv.scala:239)
	at org.apache.spark.rpc.netty.NettyRpcEnv.$anonfun$askAbortable$5$adapted(NettyRpcEnv.scala:238)
	at scala.concurrent.impl.CallbackRunnable.run(Promise.scala:64)
	at org.apache.spark.util.ThreadUtils$$anon$1.execute(ThreadUtils.scala:99)
	at scala.concurrent.impl.ExecutionContextImpl$$anon$4.execute(ExecutionContextImpl.scala:138)
	at scala.concurrent.impl.CallbackRunnable.executeWithValue(Promise.scala:72)
	at scala.concurrent.impl.Promise$DefaultPromise.$anonfun$tryComplete$1(Promise.scala:288)
	at scala.concurrent.impl.Promise$DefaultPromise.$anonfun$tryComplete$1$adapted(Promise.scala:288)
	at scala.concurrent.impl.Promise$DefaultPromise.tryComplete(Promise.scala:288)
	at scala.concurrent.Promise.complete(Promise.scala:53)
	at scala.concurrent.Promise.complete$(Promise.scala:52)
	at scala.concurrent.impl.Promise$DefaultPromise.complete(Promise.scala:187)
	at scala.concurrent.Promise.success(Promise.scala:86)
	at scala.concurrent.Promise.success$(Promise.scala:86)
	at scala.concurrent.impl.Promise$DefaultPromise.success(Promise.scala:187)
	at org.apache.spark.rpc.netty.LocalNettyRpcCallContext.send(NettyRpcCallContext.scala:50)
	at org.apache.spark.rpc.netty.NettyRpcCallContext.reply(NettyRpcCallContext.scala:32)
	at org.apache.spark.rpc.netty.RpcEndpointVerifier$$anonfun$receiveAndReply$1.applyOrElse(RpcEndpointVerifier.scala:31)
	... 8 common frames omitted
2025-12-10 03:27:08.660 [dispatcher-BlockManagerMaster] ERROR org.apache.spark.rpc.netty.Inbox - Ignoring error
org.apache.spark.SparkException: Exception thrown in awaitResult: 
	at org.apache.spark.util.SparkThreadUtils$.awaitResult(SparkThreadUtils.scala:56)
	at org.apache.spark.util.ThreadUtils$.awaitResult(ThreadUtils.scala:310)
	at org.apache.spark.rpc.RpcTimeout.awaitResult(RpcTimeout.scala:75)
	at org.apache.spark.rpc.RpcEnv.setupEndpointRefByURI(RpcEnv.scala:102)
	at org.apache.spark.rpc.RpcEnv.setupEndpointRef(RpcEnv.scala:110)
	at org.apache.spark.util.RpcUtils$.makeDriverRef(RpcUtils.scala:36)
	at org.apache.spark.storage.BlockManagerMasterEndpoint.driverEndpoint$lzycompute(BlockManagerMasterEndpoint.scala:124)
	at org.apache.spark.storage.BlockManagerMasterEndpoint.org$apache$spark$storage$BlockManagerMasterEndpoint$$driverEndpoint(BlockManagerMasterEndpoint.scala:123)
	at org.apache.spark.storage.BlockManagerMasterEndpoint.isExecutorAlive$lzycompute$1(BlockManagerMasterEndpoint.scala:688)
	at org.apache.spark.storage.BlockManagerMasterEndpoint.isExecutorAlive$1(BlockManagerMasterEndpoint.scala:687)
	at org.apache.spark.storage.BlockManagerMasterEndpoint.org$apache$spark$storage$BlockManagerMasterEndpoint$$register(BlockManagerMasterEndpoint.scala:725)
	at org.apache.spark.storage.BlockManagerMasterEndpoint$$anonfun$receiveAndReply$1.applyOrElse(BlockManagerMasterEndpoint.scala:133)
	at org.apache.spark.rpc.netty.Inbox.$anonfun$process$1(Inbox.scala:103)
	at org.apache.spark.rpc.netty.Inbox.safelyCall(Inbox.scala:213)
	at org.apache.spark.rpc.netty.Inbox.process(Inbox.scala:100)
	at org.apache.spark.rpc.netty.MessageLoop.org$apache$spark$rpc$netty$MessageLoop$$receiveLoop(MessageLoop.scala:75)
	at org.apache.spark.rpc.netty.MessageLoop$$anon$1.run(MessageLoop.scala:41)
	at java.base/java.util.concurrent.ThreadPoolExecutor.runWorker(ThreadPoolExecutor.java:1128)
	at java.base/java.util.concurrent.ThreadPoolExecutor$Worker.run(ThreadPoolExecutor.java:628)
	at java.base/java.lang.Thread.run(Thread.java:829)
Caused by: org.apache.spark.rpc.RpcEndpointNotFoundException: Cannot find endpoint: spark://CoarseGrainedScheduler@172.16.26.142:59279
	at org.apache.spark.rpc.netty.NettyRpcEnv.$anonfun$asyncSetupEndpointRefByURI$1(NettyRpcEnv.scala:148)
	at org.apache.spark.rpc.netty.NettyRpcEnv.$anonfun$asyncSetupEndpointRefByURI$1$adapted(NettyRpcEnv.scala:144)
	at scala.concurrent.Future.$anonfun$flatMap$1(Future.scala:307)
	at scala.concurrent.impl.Promise.$anonfun$transformWith$1(Promise.scala:41)
	at scala.concurrent.impl.CallbackRunnable.run(Promise.scala:64)
	at org.apache.spark.util.ThreadUtils$$anon$1.execute(ThreadUtils.scala:99)
	at scala.concurrent.impl.ExecutionContextImpl$$anon$4.execute(ExecutionContextImpl.scala:138)
	at scala.concurrent.impl.CallbackRunnable.executeWithValue(Promise.scala:72)
	at scala.concurrent.impl.Promise$DefaultPromise.$anonfun$tryComplete$1(Promise.scala:288)
	at scala.concurrent.impl.Promise$DefaultPromise.$anonfun$tryComplete$1$adapted(Promise.scala:288)
	at scala.concurrent.impl.Promise$DefaultPromise.tryComplete(Promise.scala:288)
	at scala.concurrent.Promise.complete(Promise.scala:53)
	at scala.concurrent.Promise.complete$(Promise.scala:52)
	at scala.concurrent.impl.Promise$DefaultPromise.complete(Promise.scala:187)
	at scala.concurrent.impl.Promise.$anonfun$transform$1(Promise.scala:33)
	at scala.concurrent.impl.CallbackRunnable.run(Promise.scala:64)
	at org.apache.spark.util.ThreadUtils$$anon$1.execute(ThreadUtils.scala:99)
	at scala.concurrent.impl.ExecutionContextImpl$$anon$4.execute(ExecutionContextImpl.scala:138)
	at scala.concurrent.impl.CallbackRunnable.executeWithValue(Promise.scala:72)
	at scala.concurrent.impl.Promise$DefaultPromise.$anonfun$tryComplete$1(Promise.scala:288)
	at scala.concurrent.impl.Promise$DefaultPromise.$anonfun$tryComplete$1$adapted(Promise.scala:288)
	at scala.concurrent.impl.Promise$DefaultPromise.tryComplete(Promise.scala:288)
	at scala.concurrent.Promise.complete(Promise.scala:53)
	at scala.concurrent.Promise.complete$(Promise.scala:52)
	at scala.concurrent.impl.Promise$DefaultPromise.complete(Promise.scala:187)
	at scala.concurrent.impl.Promise.$anonfun$transform$1(Promise.scala:33)
	at scala.concurrent.impl.CallbackRunnable.run(Promise.scala:64)
	at scala.concurrent.BatchingExecutor$Batch.processBatch$1(BatchingExecutor.scala:67)
	at scala.concurrent.BatchingExecutor$Batch.$anonfun$run$1(BatchingExecutor.scala:82)
	at scala.runtime.java8.JFunction0$mcV$sp.apply(JFunction0$mcV$sp.java:23)
	at scala.concurrent.BlockContext$.withBlockContext(BlockContext.scala:85)
	at scala.concurrent.BatchingExecutor$Batch.run(BatchingExecutor.scala:59)
	at scala.concurrent.Future$InternalCallbackExecutor$.unbatchedExecute(Future.scala:875)
	at scala.concurrent.BatchingExecutor.execute(BatchingExecutor.scala:110)
	at scala.concurrent.BatchingExecutor.execute$(BatchingExecutor.scala:107)
	at scala.concurrent.Future$InternalCallbackExecutor$.execute(Future.scala:873)
	at scala.concurrent.impl.CallbackRunnable.executeWithValue(Promise.scala:72)
	at scala.concurrent.impl.Promise$DefaultPromise.$anonfun$tryComplete$1(Promise.scala:288)
	at scala.concurrent.impl.Promise$DefaultPromise.$anonfun$tryComplete$1$adapted(Promise.scala:288)
	at scala.concurrent.impl.Promise$DefaultPromise.tryComplete(Promise.scala:288)
	at scala.concurrent.Promise.trySuccess(Promise.scala:94)
	at scala.concurrent.Promise.trySuccess$(Promise.scala:94)
	at scala.concurrent.impl.Promise$DefaultPromise.trySuccess(Promise.scala:187)
	at org.apache.spark.rpc.netty.NettyRpcEnv.onSuccess$1(NettyRpcEnv.scala:225)
	at org.apache.spark.rpc.netty.NettyRpcEnv.$anonfun$askAbortable$5(NettyRpcEnv.scala:239)
	at org.apache.spark.rpc.netty.NettyRpcEnv.$anonfun$askAbortable$5$adapted(NettyRpcEnv.scala:238)
	at scala.concurrent.impl.CallbackRunnable.run(Promise.scala:64)
	at org.apache.spark.util.ThreadUtils$$anon$1.execute(ThreadUtils.scala:99)
	at scala.concurrent.impl.ExecutionContextImpl$$anon$4.execute(ExecutionContextImpl.scala:138)
	at scala.concurrent.impl.CallbackRunnable.executeWithValue(Promise.scala:72)
	at scala.concurrent.impl.Promise$DefaultPromise.$anonfun$tryComplete$1(Promise.scala:288)
	at scala.concurrent.impl.Promise$DefaultPromise.$anonfun$tryComplete$1$adapted(Promise.scala:288)
	at scala.concurrent.impl.Promise$DefaultPromise.tryComplete(Promise.scala:288)
	at scala.concurrent.Promise.complete(Promise.scala:53)
	at scala.concurrent.Promise.complete$(Promise.scala:52)
	at scala.concurrent.impl.Promise$DefaultPromise.complete(Promise.scala:187)
	at scala.concurrent.Promise.success(Promise.scala:86)
	at scala.concurrent.Promise.success$(Promise.scala:86)
	at scala.concurrent.impl.Promise$DefaultPromise.success(Promise.scala:187)
	at org.apache.spark.rpc.netty.LocalNettyRpcCallContext.send(NettyRpcCallContext.scala:50)
	at org.apache.spark.rpc.netty.NettyRpcCallContext.reply(NettyRpcCallContext.scala:32)
	at org.apache.spark.rpc.netty.RpcEndpointVerifier$$anonfun$receiveAndReply$1.applyOrElse(RpcEndpointVerifier.scala:31)
	... 8 common frames omitted
2025-12-10 03:27:14.469 [commons-pool-evictor] INFO  o.a.k.c.c.i.ConsumerCoordinator - [Consumer clientId=consumer-spark-kafka-source-43fffd83-d95f-4bf0-b9df-74d6a29c4095-1616614700-executor-73, groupId=spark-kafka-source-43fffd83-d95f-4bf0-b9df-74d6a29c4095-1616614700-executor] Resetting generation and member id due to: consumer pro-actively leaving the group
2025-12-10 03:27:14.471 [commons-pool-evictor] INFO  o.a.k.c.c.i.ConsumerCoordinator - [Consumer clientId=consumer-spark-kafka-source-43fffd83-d95f-4bf0-b9df-74d6a29c4095-1616614700-executor-73, groupId=spark-kafka-source-43fffd83-d95f-4bf0-b9df-74d6a29c4095-1616614700-executor] Request joining group due to: consumer pro-actively leaving the group
2025-12-10 03:27:14.489 [commons-pool-evictor] INFO  o.a.kafka.common.metrics.Metrics - Metrics scheduler closed
2025-12-10 03:27:14.489 [commons-pool-evictor] INFO  o.a.kafka.common.metrics.Metrics - Closing reporter org.apache.kafka.common.metrics.JmxReporter
2025-12-10 03:27:14.489 [commons-pool-evictor] INFO  o.a.kafka.common.metrics.Metrics - Closing reporter org.apache.kafka.common.telemetry.internals.ClientTelemetryReporter
2025-12-10 03:27:14.489 [commons-pool-evictor] INFO  o.a.kafka.common.metrics.Metrics - Metrics reporters closed
2025-12-10 03:27:14.491 [commons-pool-evictor] INFO  o.a.kafka.common.utils.AppInfoParser - App info kafka.consumer for consumer-spark-kafka-source-43fffd83-d95f-4bf0-b9df-74d6a29c4095-1616614700-executor-73 unregistered
2025-12-10 03:27:14.492 [commons-pool-evictor] INFO  o.a.k.c.c.i.ConsumerCoordinator - [Consumer clientId=consumer-spark-kafka-source-43fffd83-d95f-4bf0-b9df-74d6a29c4095-1616614700-executor-74, groupId=spark-kafka-source-43fffd83-d95f-4bf0-b9df-74d6a29c4095-1616614700-executor] Resetting generation and member id due to: consumer pro-actively leaving the group
2025-12-10 03:27:14.492 [commons-pool-evictor] INFO  o.a.k.c.c.i.ConsumerCoordinator - [Consumer clientId=consumer-spark-kafka-source-43fffd83-d95f-4bf0-b9df-74d6a29c4095-1616614700-executor-74, groupId=spark-kafka-source-43fffd83-d95f-4bf0-b9df-74d6a29c4095-1616614700-executor] Request joining group due to: consumer pro-actively leaving the group
2025-12-10 03:27:14.499 [commons-pool-evictor] INFO  o.a.kafka.common.metrics.Metrics - Metrics scheduler closed
2025-12-10 03:27:14.499 [commons-pool-evictor] INFO  o.a.kafka.common.metrics.Metrics - Closing reporter org.apache.kafka.common.metrics.JmxReporter
2025-12-10 03:27:14.500 [commons-pool-evictor] INFO  o.a.kafka.common.metrics.Metrics - Closing reporter org.apache.kafka.common.telemetry.internals.ClientTelemetryReporter
2025-12-10 03:27:14.500 [commons-pool-evictor] INFO  o.a.kafka.common.metrics.Metrics - Metrics reporters closed
2025-12-10 03:27:14.502 [commons-pool-evictor] INFO  o.a.kafka.common.utils.AppInfoParser - App info kafka.consumer for consumer-spark-kafka-source-43fffd83-d95f-4bf0-b9df-74d6a29c4095-1616614700-executor-74 unregistered
2025-12-10 03:27:14.502 [commons-pool-evictor] INFO  o.a.k.c.c.i.ConsumerCoordinator - [Consumer clientId=consumer-spark-kafka-source-43fffd83-d95f-4bf0-b9df-74d6a29c4095-1616614700-executor-75, groupId=spark-kafka-source-43fffd83-d95f-4bf0-b9df-74d6a29c4095-1616614700-executor] Resetting generation and member id due to: consumer pro-actively leaving the group
2025-12-10 03:27:14.502 [commons-pool-evictor] INFO  o.a.k.c.c.i.ConsumerCoordinator - [Consumer clientId=consumer-spark-kafka-source-43fffd83-d95f-4bf0-b9df-74d6a29c4095-1616614700-executor-75, groupId=spark-kafka-source-43fffd83-d95f-4bf0-b9df-74d6a29c4095-1616614700-executor] Request joining group due to: consumer pro-actively leaving the group
2025-12-10 03:27:14.511 [commons-pool-evictor] INFO  o.a.kafka.common.metrics.Metrics - Metrics scheduler closed
2025-12-10 03:27:14.511 [commons-pool-evictor] INFO  o.a.kafka.common.metrics.Metrics - Closing reporter org.apache.kafka.common.metrics.JmxReporter
2025-12-10 03:27:14.511 [commons-pool-evictor] INFO  o.a.kafka.common.metrics.Metrics - Closing reporter org.apache.kafka.common.telemetry.internals.ClientTelemetryReporter
2025-12-10 03:27:14.511 [commons-pool-evictor] INFO  o.a.kafka.common.metrics.Metrics - Metrics reporters closed
2025-12-10 03:27:14.513 [commons-pool-evictor] INFO  o.a.kafka.common.utils.AppInfoParser - App info kafka.consumer for consumer-spark-kafka-source-43fffd83-d95f-4bf0-b9df-74d6a29c4095-1616614700-executor-75 unregistered
2025-12-10 03:27:18.672 [executor-heartbeater] WARN  org.apache.spark.executor.Executor - Issue communicating with driver in heartbeater
org.apache.spark.SparkException: Exception thrown in awaitResult: 
	at org.apache.spark.util.SparkThreadUtils$.awaitResult(SparkThreadUtils.scala:56)
	at org.apache.spark.util.ThreadUtils$.awaitResult(ThreadUtils.scala:310)
	at org.apache.spark.rpc.RpcTimeout.awaitResult(RpcTimeout.scala:75)
	at org.apache.spark.rpc.RpcEndpointRef.askSync(RpcEndpointRef.scala:101)
	at org.apache.spark.rpc.RpcEndpointRef.askSync(RpcEndpointRef.scala:85)
	at org.apache.spark.storage.BlockManagerMaster.registerBlockManager(BlockManagerMaster.scala:80)
	at org.apache.spark.storage.BlockManager.reregister(BlockManager.scala:642)
	at org.apache.spark.executor.Executor.reportHeartBeat(Executor.scala:1223)
	at org.apache.spark.executor.Executor.$anonfun$heartbeater$1(Executor.scala:295)
	at scala.runtime.java8.JFunction0$mcV$sp.apply(JFunction0$mcV$sp.java:23)
	at org.apache.spark.util.Utils$.logUncaughtExceptions(Utils.scala:1928)
	at org.apache.spark.Heartbeater$$anon$1.run(Heartbeater.scala:46)
	at java.base/java.util.concurrent.Executors$RunnableAdapter.call(Executors.java:515)
	at java.base/java.util.concurrent.FutureTask.runAndReset(FutureTask.java:305)
	at java.base/java.util.concurrent.ScheduledThreadPoolExecutor$ScheduledFutureTask.run(ScheduledThreadPoolExecutor.java:305)
	at java.base/java.util.concurrent.ThreadPoolExecutor.runWorker(ThreadPoolExecutor.java:1128)
	at java.base/java.util.concurrent.ThreadPoolExecutor$Worker.run(ThreadPoolExecutor.java:628)
	at java.base/java.lang.Thread.run(Thread.java:829)
Caused by: org.apache.spark.SparkException: Exception thrown in awaitResult: 
	at org.apache.spark.util.SparkThreadUtils$.awaitResult(SparkThreadUtils.scala:56)
	at org.apache.spark.util.ThreadUtils$.awaitResult(ThreadUtils.scala:310)
	at org.apache.spark.rpc.RpcTimeout.awaitResult(RpcTimeout.scala:75)
	at org.apache.spark.rpc.RpcEnv.setupEndpointRefByURI(RpcEnv.scala:102)
	at org.apache.spark.rpc.RpcEnv.setupEndpointRef(RpcEnv.scala:110)
	at org.apache.spark.util.RpcUtils$.makeDriverRef(RpcUtils.scala:36)
	at org.apache.spark.storage.BlockManagerMasterEndpoint.driverEndpoint$lzycompute(BlockManagerMasterEndpoint.scala:124)
	at org.apache.spark.storage.BlockManagerMasterEndpoint.org$apache$spark$storage$BlockManagerMasterEndpoint$$driverEndpoint(BlockManagerMasterEndpoint.scala:123)
	at org.apache.spark.storage.BlockManagerMasterEndpoint.isExecutorAlive$lzycompute$1(BlockManagerMasterEndpoint.scala:688)
	at org.apache.spark.storage.BlockManagerMasterEndpoint.isExecutorAlive$1(BlockManagerMasterEndpoint.scala:687)
	at org.apache.spark.storage.BlockManagerMasterEndpoint.org$apache$spark$storage$BlockManagerMasterEndpoint$$register(BlockManagerMasterEndpoint.scala:725)
	at org.apache.spark.storage.BlockManagerMasterEndpoint$$anonfun$receiveAndReply$1.applyOrElse(BlockManagerMasterEndpoint.scala:133)
	at org.apache.spark.rpc.netty.Inbox.$anonfun$process$1(Inbox.scala:103)
	at org.apache.spark.rpc.netty.Inbox.safelyCall(Inbox.scala:213)
	at org.apache.spark.rpc.netty.Inbox.process(Inbox.scala:100)
	at org.apache.spark.rpc.netty.MessageLoop.org$apache$spark$rpc$netty$MessageLoop$$receiveLoop(MessageLoop.scala:75)
	at org.apache.spark.rpc.netty.MessageLoop$$anon$1.run(MessageLoop.scala:41)
	... 3 common frames omitted
Caused by: org.apache.spark.rpc.RpcEndpointNotFoundException: Cannot find endpoint: spark://CoarseGrainedScheduler@172.16.26.142:59279
	at org.apache.spark.rpc.netty.NettyRpcEnv.$anonfun$asyncSetupEndpointRefByURI$1(NettyRpcEnv.scala:148)
	at org.apache.spark.rpc.netty.NettyRpcEnv.$anonfun$asyncSetupEndpointRefByURI$1$adapted(NettyRpcEnv.scala:144)
	at scala.concurrent.Future.$anonfun$flatMap$1(Future.scala:307)
	at scala.concurrent.impl.Promise.$anonfun$transformWith$1(Promise.scala:41)
	at scala.concurrent.impl.CallbackRunnable.run(Promise.scala:64)
	at org.apache.spark.util.ThreadUtils$$anon$1.execute(ThreadUtils.scala:99)
	at scala.concurrent.impl.ExecutionContextImpl$$anon$4.execute(ExecutionContextImpl.scala:138)
	at scala.concurrent.impl.CallbackRunnable.executeWithValue(Promise.scala:72)
	at scala.concurrent.impl.Promise$DefaultPromise.$anonfun$tryComplete$1(Promise.scala:288)
	at scala.concurrent.impl.Promise$DefaultPromise.$anonfun$tryComplete$1$adapted(Promise.scala:288)
	at scala.concurrent.impl.Promise$DefaultPromise.tryComplete(Promise.scala:288)
	at scala.concurrent.Promise.complete(Promise.scala:53)
	at scala.concurrent.Promise.complete$(Promise.scala:52)
	at scala.concurrent.impl.Promise$DefaultPromise.complete(Promise.scala:187)
	at scala.concurrent.impl.Promise.$anonfun$transform$1(Promise.scala:33)
	at scala.concurrent.impl.CallbackRunnable.run(Promise.scala:64)
	at org.apache.spark.util.ThreadUtils$$anon$1.execute(ThreadUtils.scala:99)
	at scala.concurrent.impl.ExecutionContextImpl$$anon$4.execute(ExecutionContextImpl.scala:138)
	at scala.concurrent.impl.CallbackRunnable.executeWithValue(Promise.scala:72)
	at scala.concurrent.impl.Promise$DefaultPromise.$anonfun$tryComplete$1(Promise.scala:288)
	at scala.concurrent.impl.Promise$DefaultPromise.$anonfun$tryComplete$1$adapted(Promise.scala:288)
	at scala.concurrent.impl.Promise$DefaultPromise.tryComplete(Promise.scala:288)
	at scala.concurrent.Promise.complete(Promise.scala:53)
	at scala.concurrent.Promise.complete$(Promise.scala:52)
	at scala.concurrent.impl.Promise$DefaultPromise.complete(Promise.scala:187)
	at scala.concurrent.impl.Promise.$anonfun$transform$1(Promise.scala:33)
	at scala.concurrent.impl.CallbackRunnable.run(Promise.scala:64)
	at scala.concurrent.BatchingExecutor$Batch.processBatch$1(BatchingExecutor.scala:67)
	at scala.concurrent.BatchingExecutor$Batch.$anonfun$run$1(BatchingExecutor.scala:82)
	at scala.runtime.java8.JFunction0$mcV$sp.apply(JFunction0$mcV$sp.java:23)
	at scala.concurrent.BlockContext$.withBlockContext(BlockContext.scala:85)
	at scala.concurrent.BatchingExecutor$Batch.run(BatchingExecutor.scala:59)
	at scala.concurrent.Future$InternalCallbackExecutor$.unbatchedExecute(Future.scala:875)
	at scala.concurrent.BatchingExecutor.execute(BatchingExecutor.scala:110)
	at scala.concurrent.BatchingExecutor.execute$(BatchingExecutor.scala:107)
	at scala.concurrent.Future$InternalCallbackExecutor$.execute(Future.scala:873)
	at scala.concurrent.impl.CallbackRunnable.executeWithValue(Promise.scala:72)
	at scala.concurrent.impl.Promise$DefaultPromise.$anonfun$tryComplete$1(Promise.scala:288)
	at scala.concurrent.impl.Promise$DefaultPromise.$anonfun$tryComplete$1$adapted(Promise.scala:288)
	at scala.concurrent.impl.Promise$DefaultPromise.tryComplete(Promise.scala:288)
	at scala.concurrent.Promise.trySuccess(Promise.scala:94)
	at scala.concurrent.Promise.trySuccess$(Promise.scala:94)
	at scala.concurrent.impl.Promise$DefaultPromise.trySuccess(Promise.scala:187)
	at org.apache.spark.rpc.netty.NettyRpcEnv.onSuccess$1(NettyRpcEnv.scala:225)
	at org.apache.spark.rpc.netty.NettyRpcEnv.$anonfun$askAbortable$5(NettyRpcEnv.scala:239)
	at org.apache.spark.rpc.netty.NettyRpcEnv.$anonfun$askAbortable$5$adapted(NettyRpcEnv.scala:238)
	at scala.concurrent.impl.CallbackRunnable.run(Promise.scala:64)
	at org.apache.spark.util.ThreadUtils$$anon$1.execute(ThreadUtils.scala:99)
	at scala.concurrent.impl.ExecutionContextImpl$$anon$4.execute(ExecutionContextImpl.scala:138)
	at scala.concurrent.impl.CallbackRunnable.executeWithValue(Promise.scala:72)
	at scala.concurrent.impl.Promise$DefaultPromise.$anonfun$tryComplete$1(Promise.scala:288)
	at scala.concurrent.impl.Promise$DefaultPromise.$anonfun$tryComplete$1$adapted(Promise.scala:288)
	at scala.concurrent.impl.Promise$DefaultPromise.tryComplete(Promise.scala:288)
	at scala.concurrent.Promise.complete(Promise.scala:53)
	at scala.concurrent.Promise.complete$(Promise.scala:52)
	at scala.concurrent.impl.Promise$DefaultPromise.complete(Promise.scala:187)
	at scala.concurrent.Promise.success(Promise.scala:86)
	at scala.concurrent.Promise.success$(Promise.scala:86)
	at scala.concurrent.impl.Promise$DefaultPromise.success(Promise.scala:187)
	at org.apache.spark.rpc.netty.LocalNettyRpcCallContext.send(NettyRpcCallContext.scala:50)
	at org.apache.spark.rpc.netty.NettyRpcCallContext.reply(NettyRpcCallContext.scala:32)
	at org.apache.spark.rpc.netty.RpcEndpointVerifier$$anonfun$receiveAndReply$1.applyOrElse(RpcEndpointVerifier.scala:31)
	... 8 common frames omitted
2025-12-10 03:27:18.672 [dispatcher-BlockManagerMaster] ERROR org.apache.spark.rpc.netty.Inbox - Ignoring error
org.apache.spark.SparkException: Exception thrown in awaitResult: 
	at org.apache.spark.util.SparkThreadUtils$.awaitResult(SparkThreadUtils.scala:56)
	at org.apache.spark.util.ThreadUtils$.awaitResult(ThreadUtils.scala:310)
	at org.apache.spark.rpc.RpcTimeout.awaitResult(RpcTimeout.scala:75)
	at org.apache.spark.rpc.RpcEnv.setupEndpointRefByURI(RpcEnv.scala:102)
	at org.apache.spark.rpc.RpcEnv.setupEndpointRef(RpcEnv.scala:110)
	at org.apache.spark.util.RpcUtils$.makeDriverRef(RpcUtils.scala:36)
	at org.apache.spark.storage.BlockManagerMasterEndpoint.driverEndpoint$lzycompute(BlockManagerMasterEndpoint.scala:124)
	at org.apache.spark.storage.BlockManagerMasterEndpoint.org$apache$spark$storage$BlockManagerMasterEndpoint$$driverEndpoint(BlockManagerMasterEndpoint.scala:123)
	at org.apache.spark.storage.BlockManagerMasterEndpoint.isExecutorAlive$lzycompute$1(BlockManagerMasterEndpoint.scala:688)
	at org.apache.spark.storage.BlockManagerMasterEndpoint.isExecutorAlive$1(BlockManagerMasterEndpoint.scala:687)
	at org.apache.spark.storage.BlockManagerMasterEndpoint.org$apache$spark$storage$BlockManagerMasterEndpoint$$register(BlockManagerMasterEndpoint.scala:725)
	at org.apache.spark.storage.BlockManagerMasterEndpoint$$anonfun$receiveAndReply$1.applyOrElse(BlockManagerMasterEndpoint.scala:133)
	at org.apache.spark.rpc.netty.Inbox.$anonfun$process$1(Inbox.scala:103)
	at org.apache.spark.rpc.netty.Inbox.safelyCall(Inbox.scala:213)
	at org.apache.spark.rpc.netty.Inbox.process(Inbox.scala:100)
	at org.apache.spark.rpc.netty.MessageLoop.org$apache$spark$rpc$netty$MessageLoop$$receiveLoop(MessageLoop.scala:75)
	at org.apache.spark.rpc.netty.MessageLoop$$anon$1.run(MessageLoop.scala:41)
	at java.base/java.util.concurrent.ThreadPoolExecutor.runWorker(ThreadPoolExecutor.java:1128)
	at java.base/java.util.concurrent.ThreadPoolExecutor$Worker.run(ThreadPoolExecutor.java:628)
	at java.base/java.lang.Thread.run(Thread.java:829)
Caused by: org.apache.spark.rpc.RpcEndpointNotFoundException: Cannot find endpoint: spark://CoarseGrainedScheduler@172.16.26.142:59279
	at org.apache.spark.rpc.netty.NettyRpcEnv.$anonfun$asyncSetupEndpointRefByURI$1(NettyRpcEnv.scala:148)
	at org.apache.spark.rpc.netty.NettyRpcEnv.$anonfun$asyncSetupEndpointRefByURI$1$adapted(NettyRpcEnv.scala:144)
	at scala.concurrent.Future.$anonfun$flatMap$1(Future.scala:307)
	at scala.concurrent.impl.Promise.$anonfun$transformWith$1(Promise.scala:41)
	at scala.concurrent.impl.CallbackRunnable.run(Promise.scala:64)
	at org.apache.spark.util.ThreadUtils$$anon$1.execute(ThreadUtils.scala:99)
	at scala.concurrent.impl.ExecutionContextImpl$$anon$4.execute(ExecutionContextImpl.scala:138)
	at scala.concurrent.impl.CallbackRunnable.executeWithValue(Promise.scala:72)
	at scala.concurrent.impl.Promise$DefaultPromise.$anonfun$tryComplete$1(Promise.scala:288)
	at scala.concurrent.impl.Promise$DefaultPromise.$anonfun$tryComplete$1$adapted(Promise.scala:288)
	at scala.concurrent.impl.Promise$DefaultPromise.tryComplete(Promise.scala:288)
	at scala.concurrent.Promise.complete(Promise.scala:53)
	at scala.concurrent.Promise.complete$(Promise.scala:52)
	at scala.concurrent.impl.Promise$DefaultPromise.complete(Promise.scala:187)
	at scala.concurrent.impl.Promise.$anonfun$transform$1(Promise.scala:33)
	at scala.concurrent.impl.CallbackRunnable.run(Promise.scala:64)
	at org.apache.spark.util.ThreadUtils$$anon$1.execute(ThreadUtils.scala:99)
	at scala.concurrent.impl.ExecutionContextImpl$$anon$4.execute(ExecutionContextImpl.scala:138)
	at scala.concurrent.impl.CallbackRunnable.executeWithValue(Promise.scala:72)
	at scala.concurrent.impl.Promise$DefaultPromise.$anonfun$tryComplete$1(Promise.scala:288)
	at scala.concurrent.impl.Promise$DefaultPromise.$anonfun$tryComplete$1$adapted(Promise.scala:288)
	at scala.concurrent.impl.Promise$DefaultPromise.tryComplete(Promise.scala:288)
	at scala.concurrent.Promise.complete(Promise.scala:53)
	at scala.concurrent.Promise.complete$(Promise.scala:52)
	at scala.concurrent.impl.Promise$DefaultPromise.complete(Promise.scala:187)
	at scala.concurrent.impl.Promise.$anonfun$transform$1(Promise.scala:33)
	at scala.concurrent.impl.CallbackRunnable.run(Promise.scala:64)
	at scala.concurrent.BatchingExecutor$Batch.processBatch$1(BatchingExecutor.scala:67)
	at scala.concurrent.BatchingExecutor$Batch.$anonfun$run$1(BatchingExecutor.scala:82)
	at scala.runtime.java8.JFunction0$mcV$sp.apply(JFunction0$mcV$sp.java:23)
	at scala.concurrent.BlockContext$.withBlockContext(BlockContext.scala:85)
	at scala.concurrent.BatchingExecutor$Batch.run(BatchingExecutor.scala:59)
	at scala.concurrent.Future$InternalCallbackExecutor$.unbatchedExecute(Future.scala:875)
	at scala.concurrent.BatchingExecutor.execute(BatchingExecutor.scala:110)
	at scala.concurrent.BatchingExecutor.execute$(BatchingExecutor.scala:107)
	at scala.concurrent.Future$InternalCallbackExecutor$.execute(Future.scala:873)
	at scala.concurrent.impl.CallbackRunnable.executeWithValue(Promise.scala:72)
	at scala.concurrent.impl.Promise$DefaultPromise.$anonfun$tryComplete$1(Promise.scala:288)
	at scala.concurrent.impl.Promise$DefaultPromise.$anonfun$tryComplete$1$adapted(Promise.scala:288)
	at scala.concurrent.impl.Promise$DefaultPromise.tryComplete(Promise.scala:288)
	at scala.concurrent.Promise.trySuccess(Promise.scala:94)
	at scala.concurrent.Promise.trySuccess$(Promise.scala:94)
	at scala.concurrent.impl.Promise$DefaultPromise.trySuccess(Promise.scala:187)
	at org.apache.spark.rpc.netty.NettyRpcEnv.onSuccess$1(NettyRpcEnv.scala:225)
	at org.apache.spark.rpc.netty.NettyRpcEnv.$anonfun$askAbortable$5(NettyRpcEnv.scala:239)
	at org.apache.spark.rpc.netty.NettyRpcEnv.$anonfun$askAbortable$5$adapted(NettyRpcEnv.scala:238)
	at scala.concurrent.impl.CallbackRunnable.run(Promise.scala:64)
	at org.apache.spark.util.ThreadUtils$$anon$1.execute(ThreadUtils.scala:99)
	at scala.concurrent.impl.ExecutionContextImpl$$anon$4.execute(ExecutionContextImpl.scala:138)
	at scala.concurrent.impl.CallbackRunnable.executeWithValue(Promise.scala:72)
	at scala.concurrent.impl.Promise$DefaultPromise.$anonfun$tryComplete$1(Promise.scala:288)
	at scala.concurrent.impl.Promise$DefaultPromise.$anonfun$tryComplete$1$adapted(Promise.scala:288)
	at scala.concurrent.impl.Promise$DefaultPromise.tryComplete(Promise.scala:288)
	at scala.concurrent.Promise.complete(Promise.scala:53)
	at scala.concurrent.Promise.complete$(Promise.scala:52)
	at scala.concurrent.impl.Promise$DefaultPromise.complete(Promise.scala:187)
	at scala.concurrent.Promise.success(Promise.scala:86)
	at scala.concurrent.Promise.success$(Promise.scala:86)
	at scala.concurrent.impl.Promise$DefaultPromise.success(Promise.scala:187)
	at org.apache.spark.rpc.netty.LocalNettyRpcCallContext.send(NettyRpcCallContext.scala:50)
	at org.apache.spark.rpc.netty.NettyRpcCallContext.reply(NettyRpcCallContext.scala:32)
	at org.apache.spark.rpc.netty.RpcEndpointVerifier$$anonfun$receiveAndReply$1.applyOrElse(RpcEndpointVerifier.scala:31)
	... 8 common frames omitted
2025-12-10 03:42:44.639 [executor-heartbeater] WARN  org.apache.spark.executor.Executor - Issue communicating with driver in heartbeater
org.apache.spark.SparkException: Exception thrown in awaitResult: 
	at org.apache.spark.util.SparkThreadUtils$.awaitResult(SparkThreadUtils.scala:56)
	at org.apache.spark.util.ThreadUtils$.awaitResult(ThreadUtils.scala:310)
	at org.apache.spark.rpc.RpcTimeout.awaitResult(RpcTimeout.scala:75)
	at org.apache.spark.rpc.RpcEndpointRef.askSync(RpcEndpointRef.scala:101)
	at org.apache.spark.rpc.RpcEndpointRef.askSync(RpcEndpointRef.scala:85)
	at org.apache.spark.storage.BlockManagerMaster.registerBlockManager(BlockManagerMaster.scala:80)
	at org.apache.spark.storage.BlockManager.reregister(BlockManager.scala:642)
	at org.apache.spark.executor.Executor.reportHeartBeat(Executor.scala:1223)
	at org.apache.spark.executor.Executor.$anonfun$heartbeater$1(Executor.scala:295)
	at scala.runtime.java8.JFunction0$mcV$sp.apply(JFunction0$mcV$sp.java:23)
	at org.apache.spark.util.Utils$.logUncaughtExceptions(Utils.scala:1928)
	at org.apache.spark.Heartbeater$$anon$1.run(Heartbeater.scala:46)
	at java.base/java.util.concurrent.Executors$RunnableAdapter.call(Executors.java:515)
	at java.base/java.util.concurrent.FutureTask.runAndReset(FutureTask.java:305)
	at java.base/java.util.concurrent.ScheduledThreadPoolExecutor$ScheduledFutureTask.run(ScheduledThreadPoolExecutor.java:305)
	at java.base/java.util.concurrent.ThreadPoolExecutor.runWorker(ThreadPoolExecutor.java:1128)
	at java.base/java.util.concurrent.ThreadPoolExecutor$Worker.run(ThreadPoolExecutor.java:628)
	at java.base/java.lang.Thread.run(Thread.java:829)
Caused by: org.apache.spark.SparkException: Exception thrown in awaitResult: 
	at org.apache.spark.util.SparkThreadUtils$.awaitResult(SparkThreadUtils.scala:56)
	at org.apache.spark.util.ThreadUtils$.awaitResult(ThreadUtils.scala:310)
	at org.apache.spark.rpc.RpcTimeout.awaitResult(RpcTimeout.scala:75)
	at org.apache.spark.rpc.RpcEnv.setupEndpointRefByURI(RpcEnv.scala:102)
	at org.apache.spark.rpc.RpcEnv.setupEndpointRef(RpcEnv.scala:110)
	at org.apache.spark.util.RpcUtils$.makeDriverRef(RpcUtils.scala:36)
	at org.apache.spark.storage.BlockManagerMasterEndpoint.driverEndpoint$lzycompute(BlockManagerMasterEndpoint.scala:124)
	at org.apache.spark.storage.BlockManagerMasterEndpoint.org$apache$spark$storage$BlockManagerMasterEndpoint$$driverEndpoint(BlockManagerMasterEndpoint.scala:123)
	at org.apache.spark.storage.BlockManagerMasterEndpoint.isExecutorAlive$lzycompute$1(BlockManagerMasterEndpoint.scala:688)
	at org.apache.spark.storage.BlockManagerMasterEndpoint.isExecutorAlive$1(BlockManagerMasterEndpoint.scala:687)
	at org.apache.spark.storage.BlockManagerMasterEndpoint.org$apache$spark$storage$BlockManagerMasterEndpoint$$register(BlockManagerMasterEndpoint.scala:725)
	at org.apache.spark.storage.BlockManagerMasterEndpoint$$anonfun$receiveAndReply$1.applyOrElse(BlockManagerMasterEndpoint.scala:133)
	at org.apache.spark.rpc.netty.Inbox.$anonfun$process$1(Inbox.scala:103)
	at org.apache.spark.rpc.netty.Inbox.safelyCall(Inbox.scala:213)
	at org.apache.spark.rpc.netty.Inbox.process(Inbox.scala:100)
	at org.apache.spark.rpc.netty.MessageLoop.org$apache$spark$rpc$netty$MessageLoop$$receiveLoop(MessageLoop.scala:75)
	at org.apache.spark.rpc.netty.MessageLoop$$anon$1.run(MessageLoop.scala:41)
	... 3 common frames omitted
Caused by: org.apache.spark.rpc.RpcEndpointNotFoundException: Cannot find endpoint: spark://CoarseGrainedScheduler@172.16.26.142:59279
	at org.apache.spark.rpc.netty.NettyRpcEnv.$anonfun$asyncSetupEndpointRefByURI$1(NettyRpcEnv.scala:148)
	at org.apache.spark.rpc.netty.NettyRpcEnv.$anonfun$asyncSetupEndpointRefByURI$1$adapted(NettyRpcEnv.scala:144)
	at scala.concurrent.Future.$anonfun$flatMap$1(Future.scala:307)
	at scala.concurrent.impl.Promise.$anonfun$transformWith$1(Promise.scala:41)
	at scala.concurrent.impl.CallbackRunnable.run(Promise.scala:64)
	at org.apache.spark.util.ThreadUtils$$anon$1.execute(ThreadUtils.scala:99)
	at scala.concurrent.impl.ExecutionContextImpl$$anon$4.execute(ExecutionContextImpl.scala:138)
	at scala.concurrent.impl.CallbackRunnable.executeWithValue(Promise.scala:72)
	at scala.concurrent.impl.Promise$DefaultPromise.$anonfun$tryComplete$1(Promise.scala:288)
	at scala.concurrent.impl.Promise$DefaultPromise.$anonfun$tryComplete$1$adapted(Promise.scala:288)
	at scala.concurrent.impl.Promise$DefaultPromise.tryComplete(Promise.scala:288)
	at scala.concurrent.Promise.complete(Promise.scala:53)
	at scala.concurrent.Promise.complete$(Promise.scala:52)
	at scala.concurrent.impl.Promise$DefaultPromise.complete(Promise.scala:187)
	at scala.concurrent.impl.Promise.$anonfun$transform$1(Promise.scala:33)
	at scala.concurrent.impl.CallbackRunnable.run(Promise.scala:64)
	at org.apache.spark.util.ThreadUtils$$anon$1.execute(ThreadUtils.scala:99)
	at scala.concurrent.impl.ExecutionContextImpl$$anon$4.execute(ExecutionContextImpl.scala:138)
	at scala.concurrent.impl.CallbackRunnable.executeWithValue(Promise.scala:72)
	at scala.concurrent.impl.Promise$DefaultPromise.$anonfun$tryComplete$1(Promise.scala:288)
	at scala.concurrent.impl.Promise$DefaultPromise.$anonfun$tryComplete$1$adapted(Promise.scala:288)
	at scala.concurrent.impl.Promise$DefaultPromise.tryComplete(Promise.scala:288)
	at scala.concurrent.Promise.complete(Promise.scala:53)
	at scala.concurrent.Promise.complete$(Promise.scala:52)
	at scala.concurrent.impl.Promise$DefaultPromise.complete(Promise.scala:187)
	at scala.concurrent.impl.Promise.$anonfun$transform$1(Promise.scala:33)
	at scala.concurrent.impl.CallbackRunnable.run(Promise.scala:64)
	at scala.concurrent.BatchingExecutor$Batch.processBatch$1(BatchingExecutor.scala:67)
	at scala.concurrent.BatchingExecutor$Batch.$anonfun$run$1(BatchingExecutor.scala:82)
	at scala.runtime.java8.JFunction0$mcV$sp.apply(JFunction0$mcV$sp.java:23)
	at scala.concurrent.BlockContext$.withBlockContext(BlockContext.scala:85)
	at scala.concurrent.BatchingExecutor$Batch.run(BatchingExecutor.scala:59)
	at scala.concurrent.Future$InternalCallbackExecutor$.unbatchedExecute(Future.scala:875)
	at scala.concurrent.BatchingExecutor.execute(BatchingExecutor.scala:110)
	at scala.concurrent.BatchingExecutor.execute$(BatchingExecutor.scala:107)
	at scala.concurrent.Future$InternalCallbackExecutor$.execute(Future.scala:873)
	at scala.concurrent.impl.CallbackRunnable.executeWithValue(Promise.scala:72)
	at scala.concurrent.impl.Promise$DefaultPromise.$anonfun$tryComplete$1(Promise.scala:288)
	at scala.concurrent.impl.Promise$DefaultPromise.$anonfun$tryComplete$1$adapted(Promise.scala:288)
	at scala.concurrent.impl.Promise$DefaultPromise.tryComplete(Promise.scala:288)
	at scala.concurrent.Promise.trySuccess(Promise.scala:94)
	at scala.concurrent.Promise.trySuccess$(Promise.scala:94)
	at scala.concurrent.impl.Promise$DefaultPromise.trySuccess(Promise.scala:187)
	at org.apache.spark.rpc.netty.NettyRpcEnv.onSuccess$1(NettyRpcEnv.scala:225)
	at org.apache.spark.rpc.netty.NettyRpcEnv.$anonfun$askAbortable$5(NettyRpcEnv.scala:239)
	at org.apache.spark.rpc.netty.NettyRpcEnv.$anonfun$askAbortable$5$adapted(NettyRpcEnv.scala:238)
	at scala.concurrent.impl.CallbackRunnable.run(Promise.scala:64)
	at org.apache.spark.util.ThreadUtils$$anon$1.execute(ThreadUtils.scala:99)
	at scala.concurrent.impl.ExecutionContextImpl$$anon$4.execute(ExecutionContextImpl.scala:138)
	at scala.concurrent.impl.CallbackRunnable.executeWithValue(Promise.scala:72)
	at scala.concurrent.impl.Promise$DefaultPromise.$anonfun$tryComplete$1(Promise.scala:288)
	at scala.concurrent.impl.Promise$DefaultPromise.$anonfun$tryComplete$1$adapted(Promise.scala:288)
	at scala.concurrent.impl.Promise$DefaultPromise.tryComplete(Promise.scala:288)
	at scala.concurrent.Promise.complete(Promise.scala:53)
	at scala.concurrent.Promise.complete$(Promise.scala:52)
	at scala.concurrent.impl.Promise$DefaultPromise.complete(Promise.scala:187)
	at scala.concurrent.Promise.success(Promise.scala:86)
	at scala.concurrent.Promise.success$(Promise.scala:86)
	at scala.concurrent.impl.Promise$DefaultPromise.success(Promise.scala:187)
	at org.apache.spark.rpc.netty.LocalNettyRpcCallContext.send(NettyRpcCallContext.scala:50)
	at org.apache.spark.rpc.netty.NettyRpcCallContext.reply(NettyRpcCallContext.scala:32)
	at org.apache.spark.rpc.netty.RpcEndpointVerifier$$anonfun$receiveAndReply$1.applyOrElse(RpcEndpointVerifier.scala:31)
	... 8 common frames omitted
2025-12-10 03:42:44.639 [dispatcher-BlockManagerMaster] ERROR org.apache.spark.rpc.netty.Inbox - Ignoring error
org.apache.spark.SparkException: Exception thrown in awaitResult: 
	at org.apache.spark.util.SparkThreadUtils$.awaitResult(SparkThreadUtils.scala:56)
	at org.apache.spark.util.ThreadUtils$.awaitResult(ThreadUtils.scala:310)
	at org.apache.spark.rpc.RpcTimeout.awaitResult(RpcTimeout.scala:75)
	at org.apache.spark.rpc.RpcEnv.setupEndpointRefByURI(RpcEnv.scala:102)
	at org.apache.spark.rpc.RpcEnv.setupEndpointRef(RpcEnv.scala:110)
	at org.apache.spark.util.RpcUtils$.makeDriverRef(RpcUtils.scala:36)
	at org.apache.spark.storage.BlockManagerMasterEndpoint.driverEndpoint$lzycompute(BlockManagerMasterEndpoint.scala:124)
	at org.apache.spark.storage.BlockManagerMasterEndpoint.org$apache$spark$storage$BlockManagerMasterEndpoint$$driverEndpoint(BlockManagerMasterEndpoint.scala:123)
	at org.apache.spark.storage.BlockManagerMasterEndpoint.isExecutorAlive$lzycompute$1(BlockManagerMasterEndpoint.scala:688)
	at org.apache.spark.storage.BlockManagerMasterEndpoint.isExecutorAlive$1(BlockManagerMasterEndpoint.scala:687)
	at org.apache.spark.storage.BlockManagerMasterEndpoint.org$apache$spark$storage$BlockManagerMasterEndpoint$$register(BlockManagerMasterEndpoint.scala:725)
	at org.apache.spark.storage.BlockManagerMasterEndpoint$$anonfun$receiveAndReply$1.applyOrElse(BlockManagerMasterEndpoint.scala:133)
	at org.apache.spark.rpc.netty.Inbox.$anonfun$process$1(Inbox.scala:103)
	at org.apache.spark.rpc.netty.Inbox.safelyCall(Inbox.scala:213)
	at org.apache.spark.rpc.netty.Inbox.process(Inbox.scala:100)
	at org.apache.spark.rpc.netty.MessageLoop.org$apache$spark$rpc$netty$MessageLoop$$receiveLoop(MessageLoop.scala:75)
	at org.apache.spark.rpc.netty.MessageLoop$$anon$1.run(MessageLoop.scala:41)
	at java.base/java.util.concurrent.ThreadPoolExecutor.runWorker(ThreadPoolExecutor.java:1128)
	at java.base/java.util.concurrent.ThreadPoolExecutor$Worker.run(ThreadPoolExecutor.java:628)
	at java.base/java.lang.Thread.run(Thread.java:829)
Caused by: org.apache.spark.rpc.RpcEndpointNotFoundException: Cannot find endpoint: spark://CoarseGrainedScheduler@172.16.26.142:59279
	at org.apache.spark.rpc.netty.NettyRpcEnv.$anonfun$asyncSetupEndpointRefByURI$1(NettyRpcEnv.scala:148)
	at org.apache.spark.rpc.netty.NettyRpcEnv.$anonfun$asyncSetupEndpointRefByURI$1$adapted(NettyRpcEnv.scala:144)
	at scala.concurrent.Future.$anonfun$flatMap$1(Future.scala:307)
	at scala.concurrent.impl.Promise.$anonfun$transformWith$1(Promise.scala:41)
	at scala.concurrent.impl.CallbackRunnable.run(Promise.scala:64)
	at org.apache.spark.util.ThreadUtils$$anon$1.execute(ThreadUtils.scala:99)
	at scala.concurrent.impl.ExecutionContextImpl$$anon$4.execute(ExecutionContextImpl.scala:138)
	at scala.concurrent.impl.CallbackRunnable.executeWithValue(Promise.scala:72)
	at scala.concurrent.impl.Promise$DefaultPromise.$anonfun$tryComplete$1(Promise.scala:288)
	at scala.concurrent.impl.Promise$DefaultPromise.$anonfun$tryComplete$1$adapted(Promise.scala:288)
	at scala.concurrent.impl.Promise$DefaultPromise.tryComplete(Promise.scala:288)
	at scala.concurrent.Promise.complete(Promise.scala:53)
	at scala.concurrent.Promise.complete$(Promise.scala:52)
	at scala.concurrent.impl.Promise$DefaultPromise.complete(Promise.scala:187)
	at scala.concurrent.impl.Promise.$anonfun$transform$1(Promise.scala:33)
	at scala.concurrent.impl.CallbackRunnable.run(Promise.scala:64)
	at org.apache.spark.util.ThreadUtils$$anon$1.execute(ThreadUtils.scala:99)
	at scala.concurrent.impl.ExecutionContextImpl$$anon$4.execute(ExecutionContextImpl.scala:138)
	at scala.concurrent.impl.CallbackRunnable.executeWithValue(Promise.scala:72)
	at scala.concurrent.impl.Promise$DefaultPromise.$anonfun$tryComplete$1(Promise.scala:288)
	at scala.concurrent.impl.Promise$DefaultPromise.$anonfun$tryComplete$1$adapted(Promise.scala:288)
	at scala.concurrent.impl.Promise$DefaultPromise.tryComplete(Promise.scala:288)
	at scala.concurrent.Promise.complete(Promise.scala:53)
	at scala.concurrent.Promise.complete$(Promise.scala:52)
	at scala.concurrent.impl.Promise$DefaultPromise.complete(Promise.scala:187)
	at scala.concurrent.impl.Promise.$anonfun$transform$1(Promise.scala:33)
	at scala.concurrent.impl.CallbackRunnable.run(Promise.scala:64)
	at scala.concurrent.BatchingExecutor$Batch.processBatch$1(BatchingExecutor.scala:67)
	at scala.concurrent.BatchingExecutor$Batch.$anonfun$run$1(BatchingExecutor.scala:82)
	at scala.runtime.java8.JFunction0$mcV$sp.apply(JFunction0$mcV$sp.java:23)
	at scala.concurrent.BlockContext$.withBlockContext(BlockContext.scala:85)
	at scala.concurrent.BatchingExecutor$Batch.run(BatchingExecutor.scala:59)
	at scala.concurrent.Future$InternalCallbackExecutor$.unbatchedExecute(Future.scala:875)
	at scala.concurrent.BatchingExecutor.execute(BatchingExecutor.scala:110)
	at scala.concurrent.BatchingExecutor.execute$(BatchingExecutor.scala:107)
	at scala.concurrent.Future$InternalCallbackExecutor$.execute(Future.scala:873)
	at scala.concurrent.impl.CallbackRunnable.executeWithValue(Promise.scala:72)
	at scala.concurrent.impl.Promise$DefaultPromise.$anonfun$tryComplete$1(Promise.scala:288)
	at scala.concurrent.impl.Promise$DefaultPromise.$anonfun$tryComplete$1$adapted(Promise.scala:288)
	at scala.concurrent.impl.Promise$DefaultPromise.tryComplete(Promise.scala:288)
	at scala.concurrent.Promise.trySuccess(Promise.scala:94)
	at scala.concurrent.Promise.trySuccess$(Promise.scala:94)
	at scala.concurrent.impl.Promise$DefaultPromise.trySuccess(Promise.scala:187)
	at org.apache.spark.rpc.netty.NettyRpcEnv.onSuccess$1(NettyRpcEnv.scala:225)
	at org.apache.spark.rpc.netty.NettyRpcEnv.$anonfun$askAbortable$5(NettyRpcEnv.scala:239)
	at org.apache.spark.rpc.netty.NettyRpcEnv.$anonfun$askAbortable$5$adapted(NettyRpcEnv.scala:238)
	at scala.concurrent.impl.CallbackRunnable.run(Promise.scala:64)
	at org.apache.spark.util.ThreadUtils$$anon$1.execute(ThreadUtils.scala:99)
	at scala.concurrent.impl.ExecutionContextImpl$$anon$4.execute(ExecutionContextImpl.scala:138)
	at scala.concurrent.impl.CallbackRunnable.executeWithValue(Promise.scala:72)
	at scala.concurrent.impl.Promise$DefaultPromise.$anonfun$tryComplete$1(Promise.scala:288)
	at scala.concurrent.impl.Promise$DefaultPromise.$anonfun$tryComplete$1$adapted(Promise.scala:288)
	at scala.concurrent.impl.Promise$DefaultPromise.tryComplete(Promise.scala:288)
	at scala.concurrent.Promise.complete(Promise.scala:53)
	at scala.concurrent.Promise.complete$(Promise.scala:52)
	at scala.concurrent.impl.Promise$DefaultPromise.complete(Promise.scala:187)
	at scala.concurrent.Promise.success(Promise.scala:86)
	at scala.concurrent.Promise.success$(Promise.scala:86)
	at scala.concurrent.impl.Promise$DefaultPromise.success(Promise.scala:187)
	at org.apache.spark.rpc.netty.LocalNettyRpcCallContext.send(NettyRpcCallContext.scala:50)
	at org.apache.spark.rpc.netty.NettyRpcCallContext.reply(NettyRpcCallContext.scala:32)
	at org.apache.spark.rpc.netty.RpcEndpointVerifier$$anonfun$receiveAndReply$1.applyOrElse(RpcEndpointVerifier.scala:31)
	... 8 common frames omitted
2025-12-10 04:14:51.840 [dispatcher-BlockManagerMaster] ERROR org.apache.spark.rpc.netty.Inbox - Ignoring error
org.apache.spark.SparkException: Exception thrown in awaitResult: 
	at org.apache.spark.util.SparkThreadUtils$.awaitResult(SparkThreadUtils.scala:56)
	at org.apache.spark.util.ThreadUtils$.awaitResult(ThreadUtils.scala:310)
	at org.apache.spark.rpc.RpcTimeout.awaitResult(RpcTimeout.scala:75)
	at org.apache.spark.rpc.RpcEnv.setupEndpointRefByURI(RpcEnv.scala:102)
	at org.apache.spark.rpc.RpcEnv.setupEndpointRef(RpcEnv.scala:110)
	at org.apache.spark.util.RpcUtils$.makeDriverRef(RpcUtils.scala:36)
	at org.apache.spark.storage.BlockManagerMasterEndpoint.driverEndpoint$lzycompute(BlockManagerMasterEndpoint.scala:124)
	at org.apache.spark.storage.BlockManagerMasterEndpoint.org$apache$spark$storage$BlockManagerMasterEndpoint$$driverEndpoint(BlockManagerMasterEndpoint.scala:123)
	at org.apache.spark.storage.BlockManagerMasterEndpoint.isExecutorAlive$lzycompute$1(BlockManagerMasterEndpoint.scala:688)
	at org.apache.spark.storage.BlockManagerMasterEndpoint.isExecutorAlive$1(BlockManagerMasterEndpoint.scala:687)
	at org.apache.spark.storage.BlockManagerMasterEndpoint.org$apache$spark$storage$BlockManagerMasterEndpoint$$register(BlockManagerMasterEndpoint.scala:725)
	at org.apache.spark.storage.BlockManagerMasterEndpoint$$anonfun$receiveAndReply$1.applyOrElse(BlockManagerMasterEndpoint.scala:133)
	at org.apache.spark.rpc.netty.Inbox.$anonfun$process$1(Inbox.scala:103)
	at org.apache.spark.rpc.netty.Inbox.safelyCall(Inbox.scala:213)
	at org.apache.spark.rpc.netty.Inbox.process(Inbox.scala:100)
	at org.apache.spark.rpc.netty.MessageLoop.org$apache$spark$rpc$netty$MessageLoop$$receiveLoop(MessageLoop.scala:75)
	at org.apache.spark.rpc.netty.MessageLoop$$anon$1.run(MessageLoop.scala:41)
	at java.base/java.util.concurrent.ThreadPoolExecutor.runWorker(ThreadPoolExecutor.java:1128)
	at java.base/java.util.concurrent.ThreadPoolExecutor$Worker.run(ThreadPoolExecutor.java:628)
	at java.base/java.lang.Thread.run(Thread.java:829)
Caused by: org.apache.spark.rpc.RpcEndpointNotFoundException: Cannot find endpoint: spark://CoarseGrainedScheduler@172.16.26.142:59279
	at org.apache.spark.rpc.netty.NettyRpcEnv.$anonfun$asyncSetupEndpointRefByURI$1(NettyRpcEnv.scala:148)
	at org.apache.spark.rpc.netty.NettyRpcEnv.$anonfun$asyncSetupEndpointRefByURI$1$adapted(NettyRpcEnv.scala:144)
	at scala.concurrent.Future.$anonfun$flatMap$1(Future.scala:307)
	at scala.concurrent.impl.Promise.$anonfun$transformWith$1(Promise.scala:41)
	at scala.concurrent.impl.CallbackRunnable.run(Promise.scala:64)
	at org.apache.spark.util.ThreadUtils$$anon$1.execute(ThreadUtils.scala:99)
	at scala.concurrent.impl.ExecutionContextImpl$$anon$4.execute(ExecutionContextImpl.scala:138)
	at scala.concurrent.impl.CallbackRunnable.executeWithValue(Promise.scala:72)
	at scala.concurrent.impl.Promise$DefaultPromise.$anonfun$tryComplete$1(Promise.scala:288)
	at scala.concurrent.impl.Promise$DefaultPromise.$anonfun$tryComplete$1$adapted(Promise.scala:288)
	at scala.concurrent.impl.Promise$DefaultPromise.tryComplete(Promise.scala:288)
	at scala.concurrent.Promise.complete(Promise.scala:53)
	at scala.concurrent.Promise.complete$(Promise.scala:52)
	at scala.concurrent.impl.Promise$DefaultPromise.complete(Promise.scala:187)
	at scala.concurrent.impl.Promise.$anonfun$transform$1(Promise.scala:33)
	at scala.concurrent.impl.CallbackRunnable.run(Promise.scala:64)
	at org.apache.spark.util.ThreadUtils$$anon$1.execute(ThreadUtils.scala:99)
	at scala.concurrent.impl.ExecutionContextImpl$$anon$4.execute(ExecutionContextImpl.scala:138)
	at scala.concurrent.impl.CallbackRunnable.executeWithValue(Promise.scala:72)
	at scala.concurrent.impl.Promise$DefaultPromise.$anonfun$tryComplete$1(Promise.scala:288)
	at scala.concurrent.impl.Promise$DefaultPromise.$anonfun$tryComplete$1$adapted(Promise.scala:288)
	at scala.concurrent.impl.Promise$DefaultPromise.tryComplete(Promise.scala:288)
	at scala.concurrent.Promise.complete(Promise.scala:53)
	at scala.concurrent.Promise.complete$(Promise.scala:52)
	at scala.concurrent.impl.Promise$DefaultPromise.complete(Promise.scala:187)
	at scala.concurrent.impl.Promise.$anonfun$transform$1(Promise.scala:33)
	at scala.concurrent.impl.CallbackRunnable.run(Promise.scala:64)
	at scala.concurrent.BatchingExecutor$Batch.processBatch$1(BatchingExecutor.scala:67)
	at scala.concurrent.BatchingExecutor$Batch.$anonfun$run$1(BatchingExecutor.scala:82)
	at scala.runtime.java8.JFunction0$mcV$sp.apply(JFunction0$mcV$sp.java:23)
	at scala.concurrent.BlockContext$.withBlockContext(BlockContext.scala:85)
	at scala.concurrent.BatchingExecutor$Batch.run(BatchingExecutor.scala:59)
	at scala.concurrent.Future$InternalCallbackExecutor$.unbatchedExecute(Future.scala:875)
	at scala.concurrent.BatchingExecutor.execute(BatchingExecutor.scala:110)
	at scala.concurrent.BatchingExecutor.execute$(BatchingExecutor.scala:107)
	at scala.concurrent.Future$InternalCallbackExecutor$.execute(Future.scala:873)
	at scala.concurrent.impl.CallbackRunnable.executeWithValue(Promise.scala:72)
	at scala.concurrent.impl.Promise$DefaultPromise.$anonfun$tryComplete$1(Promise.scala:288)
	at scala.concurrent.impl.Promise$DefaultPromise.$anonfun$tryComplete$1$adapted(Promise.scala:288)
	at scala.concurrent.impl.Promise$DefaultPromise.tryComplete(Promise.scala:288)
	at scala.concurrent.Promise.trySuccess(Promise.scala:94)
	at scala.concurrent.Promise.trySuccess$(Promise.scala:94)
	at scala.concurrent.impl.Promise$DefaultPromise.trySuccess(Promise.scala:187)
	at org.apache.spark.rpc.netty.NettyRpcEnv.onSuccess$1(NettyRpcEnv.scala:225)
	at org.apache.spark.rpc.netty.NettyRpcEnv.$anonfun$askAbortable$5(NettyRpcEnv.scala:239)
	at org.apache.spark.rpc.netty.NettyRpcEnv.$anonfun$askAbortable$5$adapted(NettyRpcEnv.scala:238)
	at scala.concurrent.impl.CallbackRunnable.run(Promise.scala:64)
	at org.apache.spark.util.ThreadUtils$$anon$1.execute(ThreadUtils.scala:99)
	at scala.concurrent.impl.ExecutionContextImpl$$anon$4.execute(ExecutionContextImpl.scala:138)
	at scala.concurrent.impl.CallbackRunnable.executeWithValue(Promise.scala:72)
	at scala.concurrent.impl.Promise$DefaultPromise.$anonfun$tryComplete$1(Promise.scala:288)
	at scala.concurrent.impl.Promise$DefaultPromise.$anonfun$tryComplete$1$adapted(Promise.scala:288)
	at scala.concurrent.impl.Promise$DefaultPromise.tryComplete(Promise.scala:288)
	at scala.concurrent.Promise.complete(Promise.scala:53)
	at scala.concurrent.Promise.complete$(Promise.scala:52)
	at scala.concurrent.impl.Promise$DefaultPromise.complete(Promise.scala:187)
	at scala.concurrent.Promise.success(Promise.scala:86)
	at scala.concurrent.Promise.success$(Promise.scala:86)
	at scala.concurrent.impl.Promise$DefaultPromise.success(Promise.scala:187)
	at org.apache.spark.rpc.netty.LocalNettyRpcCallContext.send(NettyRpcCallContext.scala:50)
	at org.apache.spark.rpc.netty.NettyRpcCallContext.reply(NettyRpcCallContext.scala:32)
	at org.apache.spark.rpc.netty.RpcEndpointVerifier$$anonfun$receiveAndReply$1.applyOrElse(RpcEndpointVerifier.scala:31)
	... 8 common frames omitted
2025-12-10 04:14:51.840 [executor-heartbeater] WARN  org.apache.spark.executor.Executor - Issue communicating with driver in heartbeater
org.apache.spark.SparkException: Exception thrown in awaitResult: 
	at org.apache.spark.util.SparkThreadUtils$.awaitResult(SparkThreadUtils.scala:56)
	at org.apache.spark.util.ThreadUtils$.awaitResult(ThreadUtils.scala:310)
	at org.apache.spark.rpc.RpcTimeout.awaitResult(RpcTimeout.scala:75)
	at org.apache.spark.rpc.RpcEndpointRef.askSync(RpcEndpointRef.scala:101)
	at org.apache.spark.rpc.RpcEndpointRef.askSync(RpcEndpointRef.scala:85)
	at org.apache.spark.storage.BlockManagerMaster.registerBlockManager(BlockManagerMaster.scala:80)
	at org.apache.spark.storage.BlockManager.reregister(BlockManager.scala:642)
	at org.apache.spark.executor.Executor.reportHeartBeat(Executor.scala:1223)
	at org.apache.spark.executor.Executor.$anonfun$heartbeater$1(Executor.scala:295)
	at scala.runtime.java8.JFunction0$mcV$sp.apply(JFunction0$mcV$sp.java:23)
	at org.apache.spark.util.Utils$.logUncaughtExceptions(Utils.scala:1928)
	at org.apache.spark.Heartbeater$$anon$1.run(Heartbeater.scala:46)
	at java.base/java.util.concurrent.Executors$RunnableAdapter.call(Executors.java:515)
	at java.base/java.util.concurrent.FutureTask.runAndReset(FutureTask.java:305)
	at java.base/java.util.concurrent.ScheduledThreadPoolExecutor$ScheduledFutureTask.run(ScheduledThreadPoolExecutor.java:305)
	at java.base/java.util.concurrent.ThreadPoolExecutor.runWorker(ThreadPoolExecutor.java:1128)
	at java.base/java.util.concurrent.ThreadPoolExecutor$Worker.run(ThreadPoolExecutor.java:628)
	at java.base/java.lang.Thread.run(Thread.java:829)
Caused by: org.apache.spark.SparkException: Exception thrown in awaitResult: 
	at org.apache.spark.util.SparkThreadUtils$.awaitResult(SparkThreadUtils.scala:56)
	at org.apache.spark.util.ThreadUtils$.awaitResult(ThreadUtils.scala:310)
	at org.apache.spark.rpc.RpcTimeout.awaitResult(RpcTimeout.scala:75)
	at org.apache.spark.rpc.RpcEnv.setupEndpointRefByURI(RpcEnv.scala:102)
	at org.apache.spark.rpc.RpcEnv.setupEndpointRef(RpcEnv.scala:110)
	at org.apache.spark.util.RpcUtils$.makeDriverRef(RpcUtils.scala:36)
	at org.apache.spark.storage.BlockManagerMasterEndpoint.driverEndpoint$lzycompute(BlockManagerMasterEndpoint.scala:124)
	at org.apache.spark.storage.BlockManagerMasterEndpoint.org$apache$spark$storage$BlockManagerMasterEndpoint$$driverEndpoint(BlockManagerMasterEndpoint.scala:123)
	at org.apache.spark.storage.BlockManagerMasterEndpoint.isExecutorAlive$lzycompute$1(BlockManagerMasterEndpoint.scala:688)
	at org.apache.spark.storage.BlockManagerMasterEndpoint.isExecutorAlive$1(BlockManagerMasterEndpoint.scala:687)
	at org.apache.spark.storage.BlockManagerMasterEndpoint.org$apache$spark$storage$BlockManagerMasterEndpoint$$register(BlockManagerMasterEndpoint.scala:725)
	at org.apache.spark.storage.BlockManagerMasterEndpoint$$anonfun$receiveAndReply$1.applyOrElse(BlockManagerMasterEndpoint.scala:133)
	at org.apache.spark.rpc.netty.Inbox.$anonfun$process$1(Inbox.scala:103)
	at org.apache.spark.rpc.netty.Inbox.safelyCall(Inbox.scala:213)
	at org.apache.spark.rpc.netty.Inbox.process(Inbox.scala:100)
	at org.apache.spark.rpc.netty.MessageLoop.org$apache$spark$rpc$netty$MessageLoop$$receiveLoop(MessageLoop.scala:75)
	at org.apache.spark.rpc.netty.MessageLoop$$anon$1.run(MessageLoop.scala:41)
	... 3 common frames omitted
Caused by: org.apache.spark.rpc.RpcEndpointNotFoundException: Cannot find endpoint: spark://CoarseGrainedScheduler@172.16.26.142:59279
	at org.apache.spark.rpc.netty.NettyRpcEnv.$anonfun$asyncSetupEndpointRefByURI$1(NettyRpcEnv.scala:148)
	at org.apache.spark.rpc.netty.NettyRpcEnv.$anonfun$asyncSetupEndpointRefByURI$1$adapted(NettyRpcEnv.scala:144)
	at scala.concurrent.Future.$anonfun$flatMap$1(Future.scala:307)
	at scala.concurrent.impl.Promise.$anonfun$transformWith$1(Promise.scala:41)
	at scala.concurrent.impl.CallbackRunnable.run(Promise.scala:64)
	at org.apache.spark.util.ThreadUtils$$anon$1.execute(ThreadUtils.scala:99)
	at scala.concurrent.impl.ExecutionContextImpl$$anon$4.execute(ExecutionContextImpl.scala:138)
	at scala.concurrent.impl.CallbackRunnable.executeWithValue(Promise.scala:72)
	at scala.concurrent.impl.Promise$DefaultPromise.$anonfun$tryComplete$1(Promise.scala:288)
	at scala.concurrent.impl.Promise$DefaultPromise.$anonfun$tryComplete$1$adapted(Promise.scala:288)
	at scala.concurrent.impl.Promise$DefaultPromise.tryComplete(Promise.scala:288)
	at scala.concurrent.Promise.complete(Promise.scala:53)
	at scala.concurrent.Promise.complete$(Promise.scala:52)
	at scala.concurrent.impl.Promise$DefaultPromise.complete(Promise.scala:187)
	at scala.concurrent.impl.Promise.$anonfun$transform$1(Promise.scala:33)
	at scala.concurrent.impl.CallbackRunnable.run(Promise.scala:64)
	at org.apache.spark.util.ThreadUtils$$anon$1.execute(ThreadUtils.scala:99)
	at scala.concurrent.impl.ExecutionContextImpl$$anon$4.execute(ExecutionContextImpl.scala:138)
	at scala.concurrent.impl.CallbackRunnable.executeWithValue(Promise.scala:72)
	at scala.concurrent.impl.Promise$DefaultPromise.$anonfun$tryComplete$1(Promise.scala:288)
	at scala.concurrent.impl.Promise$DefaultPromise.$anonfun$tryComplete$1$adapted(Promise.scala:288)
	at scala.concurrent.impl.Promise$DefaultPromise.tryComplete(Promise.scala:288)
	at scala.concurrent.Promise.complete(Promise.scala:53)
	at scala.concurrent.Promise.complete$(Promise.scala:52)
	at scala.concurrent.impl.Promise$DefaultPromise.complete(Promise.scala:187)
	at scala.concurrent.impl.Promise.$anonfun$transform$1(Promise.scala:33)
	at scala.concurrent.impl.CallbackRunnable.run(Promise.scala:64)
	at scala.concurrent.BatchingExecutor$Batch.processBatch$1(BatchingExecutor.scala:67)
	at scala.concurrent.BatchingExecutor$Batch.$anonfun$run$1(BatchingExecutor.scala:82)
	at scala.runtime.java8.JFunction0$mcV$sp.apply(JFunction0$mcV$sp.java:23)
	at scala.concurrent.BlockContext$.withBlockContext(BlockContext.scala:85)
	at scala.concurrent.BatchingExecutor$Batch.run(BatchingExecutor.scala:59)
	at scala.concurrent.Future$InternalCallbackExecutor$.unbatchedExecute(Future.scala:875)
	at scala.concurrent.BatchingExecutor.execute(BatchingExecutor.scala:110)
	at scala.concurrent.BatchingExecutor.execute$(BatchingExecutor.scala:107)
	at scala.concurrent.Future$InternalCallbackExecutor$.execute(Future.scala:873)
	at scala.concurrent.impl.CallbackRunnable.executeWithValue(Promise.scala:72)
	at scala.concurrent.impl.Promise$DefaultPromise.$anonfun$tryComplete$1(Promise.scala:288)
	at scala.concurrent.impl.Promise$DefaultPromise.$anonfun$tryComplete$1$adapted(Promise.scala:288)
	at scala.concurrent.impl.Promise$DefaultPromise.tryComplete(Promise.scala:288)
	at scala.concurrent.Promise.trySuccess(Promise.scala:94)
	at scala.concurrent.Promise.trySuccess$(Promise.scala:94)
	at scala.concurrent.impl.Promise$DefaultPromise.trySuccess(Promise.scala:187)
	at org.apache.spark.rpc.netty.NettyRpcEnv.onSuccess$1(NettyRpcEnv.scala:225)
	at org.apache.spark.rpc.netty.NettyRpcEnv.$anonfun$askAbortable$5(NettyRpcEnv.scala:239)
	at org.apache.spark.rpc.netty.NettyRpcEnv.$anonfun$askAbortable$5$adapted(NettyRpcEnv.scala:238)
	at scala.concurrent.impl.CallbackRunnable.run(Promise.scala:64)
	at org.apache.spark.util.ThreadUtils$$anon$1.execute(ThreadUtils.scala:99)
	at scala.concurrent.impl.ExecutionContextImpl$$anon$4.execute(ExecutionContextImpl.scala:138)
	at scala.concurrent.impl.CallbackRunnable.executeWithValue(Promise.scala:72)
	at scala.concurrent.impl.Promise$DefaultPromise.$anonfun$tryComplete$1(Promise.scala:288)
	at scala.concurrent.impl.Promise$DefaultPromise.$anonfun$tryComplete$1$adapted(Promise.scala:288)
	at scala.concurrent.impl.Promise$DefaultPromise.tryComplete(Promise.scala:288)
	at scala.concurrent.Promise.complete(Promise.scala:53)
	at scala.concurrent.Promise.complete$(Promise.scala:52)
	at scala.concurrent.impl.Promise$DefaultPromise.complete(Promise.scala:187)
	at scala.concurrent.Promise.success(Promise.scala:86)
	at scala.concurrent.Promise.success$(Promise.scala:86)
	at scala.concurrent.impl.Promise$DefaultPromise.success(Promise.scala:187)
	at org.apache.spark.rpc.netty.LocalNettyRpcCallContext.send(NettyRpcCallContext.scala:50)
	at org.apache.spark.rpc.netty.NettyRpcCallContext.reply(NettyRpcCallContext.scala:32)
	at org.apache.spark.rpc.netty.RpcEndpointVerifier$$anonfun$receiveAndReply$1.applyOrElse(RpcEndpointVerifier.scala:31)
	... 8 common frames omitted
2025-12-10 04:14:52.385 [Executor task launch worker for task 2.0 in stage 29.0 (TID 89)] INFO  o.a.k.c.consumer.ConsumerConfig - ConsumerConfig values: 
	allow.auto.create.topics = true
	auto.commit.interval.ms = 5000
	auto.include.jmx.reporter = true
	auto.offset.reset = none
	bootstrap.servers = [localhost:9092]
	check.crcs = true
	client.dns.lookup = use_all_dns_ips
	client.id = consumer-spark-kafka-source-43fffd83-d95f-4bf0-b9df-74d6a29c4095-1616614700-executor-78
	client.rack = 
	connections.max.idle.ms = 540000
	default.api.timeout.ms = 60000
	enable.auto.commit = false
	enable.metrics.push = true
	exclude.internal.topics = true
	fetch.max.bytes = 52428800
	fetch.max.wait.ms = 500
	fetch.min.bytes = 1
	group.id = spark-kafka-source-43fffd83-d95f-4bf0-b9df-74d6a29c4095-1616614700-executor
	group.instance.id = null
	group.protocol = classic
	group.remote.assignor = null
	heartbeat.interval.ms = 3000
	interceptor.classes = []
	internal.leave.group.on.close = true
	internal.throw.on.fetch.stable.offset.unsupported = false
	isolation.level = read_uncommitted
	key.deserializer = class org.apache.kafka.common.serialization.ByteArrayDeserializer
	max.partition.fetch.bytes = 1048576
	max.poll.interval.ms = 300000
	max.poll.records = 500
	metadata.max.age.ms = 300000
	metric.reporters = []
	metrics.num.samples = 2
	metrics.recording.level = INFO
	metrics.sample.window.ms = 30000
	partition.assignment.strategy = [class org.apache.kafka.clients.consumer.RangeAssignor, class org.apache.kafka.clients.consumer.CooperativeStickyAssignor]
	receive.buffer.bytes = 65536
	reconnect.backoff.max.ms = 1000
	reconnect.backoff.ms = 50
	request.timeout.ms = 30000
	retry.backoff.max.ms = 1000
	retry.backoff.ms = 100
	sasl.client.callback.handler.class = null
	sasl.jaas.config = null
	sasl.kerberos.kinit.cmd = /usr/bin/kinit
	sasl.kerberos.min.time.before.relogin = 60000
	sasl.kerberos.service.name = null
	sasl.kerberos.ticket.renew.jitter = 0.05
	sasl.kerberos.ticket.renew.window.factor = 0.8
	sasl.login.callback.handler.class = null
	sasl.login.class = null
	sasl.login.connect.timeout.ms = null
	sasl.login.read.timeout.ms = null
	sasl.login.refresh.buffer.seconds = 300
	sasl.login.refresh.min.period.seconds = 60
	sasl.login.refresh.window.factor = 0.8
	sasl.login.refresh.window.jitter = 0.05
	sasl.login.retry.backoff.max.ms = 10000
	sasl.login.retry.backoff.ms = 100
	sasl.mechanism = GSSAPI
	sasl.oauthbearer.clock.skew.seconds = 30
	sasl.oauthbearer.expected.audience = null
	sasl.oauthbearer.expected.issuer = null
	sasl.oauthbearer.jwks.endpoint.refresh.ms = 3600000
	sasl.oauthbearer.jwks.endpoint.retry.backoff.max.ms = 10000
	sasl.oauthbearer.jwks.endpoint.retry.backoff.ms = 100
	sasl.oauthbearer.jwks.endpoint.url = null
	sasl.oauthbearer.scope.claim.name = scope
	sasl.oauthbearer.sub.claim.name = sub
	sasl.oauthbearer.token.endpoint.url = null
	security.protocol = PLAINTEXT
	security.providers = null
	send.buffer.bytes = 131072
	session.timeout.ms = 45000
	socket.connection.setup.timeout.max.ms = 30000
	socket.connection.setup.timeout.ms = 10000
	ssl.cipher.suites = null
	ssl.enabled.protocols = [TLSv1.2, TLSv1.3]
	ssl.endpoint.identification.algorithm = https
	ssl.engine.factory.class = null
	ssl.key.password = null
	ssl.keymanager.algorithm = SunX509
	ssl.keystore.certificate.chain = null
	ssl.keystore.key = null
	ssl.keystore.location = null
	ssl.keystore.password = null
	ssl.keystore.type = JKS
	ssl.protocol = TLSv1.3
	ssl.provider = null
	ssl.secure.random.implementation = null
	ssl.trustmanager.algorithm = PKIX
	ssl.truststore.certificates = null
	ssl.truststore.location = null
	ssl.truststore.password = null
	ssl.truststore.type = JKS
	value.deserializer = class org.apache.kafka.common.serialization.ByteArrayDeserializer

2025-12-10 04:14:52.385 [Executor task launch worker for task 1.0 in stage 29.0 (TID 88)] INFO  o.a.k.c.consumer.ConsumerConfig - ConsumerConfig values: 
	allow.auto.create.topics = true
	auto.commit.interval.ms = 5000
	auto.include.jmx.reporter = true
	auto.offset.reset = none
	bootstrap.servers = [localhost:9092]
	check.crcs = true
	client.dns.lookup = use_all_dns_ips
	client.id = consumer-spark-kafka-source-43fffd83-d95f-4bf0-b9df-74d6a29c4095-1616614700-executor-77
	client.rack = 
	connections.max.idle.ms = 540000
	default.api.timeout.ms = 60000
	enable.auto.commit = false
	enable.metrics.push = true
	exclude.internal.topics = true
	fetch.max.bytes = 52428800
	fetch.max.wait.ms = 500
	fetch.min.bytes = 1
	group.id = spark-kafka-source-43fffd83-d95f-4bf0-b9df-74d6a29c4095-1616614700-executor
	group.instance.id = null
	group.protocol = classic
	group.remote.assignor = null
	heartbeat.interval.ms = 3000
	interceptor.classes = []
	internal.leave.group.on.close = true
	internal.throw.on.fetch.stable.offset.unsupported = false
	isolation.level = read_uncommitted
	key.deserializer = class org.apache.kafka.common.serialization.ByteArrayDeserializer
	max.partition.fetch.bytes = 1048576
	max.poll.interval.ms = 300000
	max.poll.records = 500
	metadata.max.age.ms = 300000
	metric.reporters = []
	metrics.num.samples = 2
	metrics.recording.level = INFO
	metrics.sample.window.ms = 30000
	partition.assignment.strategy = [class org.apache.kafka.clients.consumer.RangeAssignor, class org.apache.kafka.clients.consumer.CooperativeStickyAssignor]
	receive.buffer.bytes = 65536
	reconnect.backoff.max.ms = 1000
	reconnect.backoff.ms = 50
	request.timeout.ms = 30000
	retry.backoff.max.ms = 1000
	retry.backoff.ms = 100
	sasl.client.callback.handler.class = null
	sasl.jaas.config = null
	sasl.kerberos.kinit.cmd = /usr/bin/kinit
	sasl.kerberos.min.time.before.relogin = 60000
	sasl.kerberos.service.name = null
	sasl.kerberos.ticket.renew.jitter = 0.05
	sasl.kerberos.ticket.renew.window.factor = 0.8
	sasl.login.callback.handler.class = null
	sasl.login.class = null
	sasl.login.connect.timeout.ms = null
	sasl.login.read.timeout.ms = null
	sasl.login.refresh.buffer.seconds = 300
	sasl.login.refresh.min.period.seconds = 60
	sasl.login.refresh.window.factor = 0.8
	sasl.login.refresh.window.jitter = 0.05
	sasl.login.retry.backoff.max.ms = 10000
	sasl.login.retry.backoff.ms = 100
	sasl.mechanism = GSSAPI
	sasl.oauthbearer.clock.skew.seconds = 30
	sasl.oauthbearer.expected.audience = null
	sasl.oauthbearer.expected.issuer = null
	sasl.oauthbearer.jwks.endpoint.refresh.ms = 3600000
	sasl.oauthbearer.jwks.endpoint.retry.backoff.max.ms = 10000
	sasl.oauthbearer.jwks.endpoint.retry.backoff.ms = 100
	sasl.oauthbearer.jwks.endpoint.url = null
	sasl.oauthbearer.scope.claim.name = scope
	sasl.oauthbearer.sub.claim.name = sub
	sasl.oauthbearer.token.endpoint.url = null
	security.protocol = PLAINTEXT
	security.providers = null
	send.buffer.bytes = 131072
	session.timeout.ms = 45000
	socket.connection.setup.timeout.max.ms = 30000
	socket.connection.setup.timeout.ms = 10000
	ssl.cipher.suites = null
	ssl.enabled.protocols = [TLSv1.2, TLSv1.3]
	ssl.endpoint.identification.algorithm = https
	ssl.engine.factory.class = null
	ssl.key.password = null
	ssl.keymanager.algorithm = SunX509
	ssl.keystore.certificate.chain = null
	ssl.keystore.key = null
	ssl.keystore.location = null
	ssl.keystore.password = null
	ssl.keystore.type = JKS
	ssl.protocol = TLSv1.3
	ssl.provider = null
	ssl.secure.random.implementation = null
	ssl.trustmanager.algorithm = PKIX
	ssl.truststore.certificates = null
	ssl.truststore.location = null
	ssl.truststore.password = null
	ssl.truststore.type = JKS
	value.deserializer = class org.apache.kafka.common.serialization.ByteArrayDeserializer

2025-12-10 04:14:52.385 [Executor task launch worker for task 0.0 in stage 29.0 (TID 87)] INFO  o.a.k.c.consumer.ConsumerConfig - ConsumerConfig values: 
	allow.auto.create.topics = true
	auto.commit.interval.ms = 5000
	auto.include.jmx.reporter = true
	auto.offset.reset = none
	bootstrap.servers = [localhost:9092]
	check.crcs = true
	client.dns.lookup = use_all_dns_ips
	client.id = consumer-spark-kafka-source-43fffd83-d95f-4bf0-b9df-74d6a29c4095-1616614700-executor-76
	client.rack = 
	connections.max.idle.ms = 540000
	default.api.timeout.ms = 60000
	enable.auto.commit = false
	enable.metrics.push = true
	exclude.internal.topics = true
	fetch.max.bytes = 52428800
	fetch.max.wait.ms = 500
	fetch.min.bytes = 1
	group.id = spark-kafka-source-43fffd83-d95f-4bf0-b9df-74d6a29c4095-1616614700-executor
	group.instance.id = null
	group.protocol = classic
	group.remote.assignor = null
	heartbeat.interval.ms = 3000
	interceptor.classes = []
	internal.leave.group.on.close = true
	internal.throw.on.fetch.stable.offset.unsupported = false
	isolation.level = read_uncommitted
	key.deserializer = class org.apache.kafka.common.serialization.ByteArrayDeserializer
	max.partition.fetch.bytes = 1048576
	max.poll.interval.ms = 300000
	max.poll.records = 500
	metadata.max.age.ms = 300000
	metric.reporters = []
	metrics.num.samples = 2
	metrics.recording.level = INFO
	metrics.sample.window.ms = 30000
	partition.assignment.strategy = [class org.apache.kafka.clients.consumer.RangeAssignor, class org.apache.kafka.clients.consumer.CooperativeStickyAssignor]
	receive.buffer.bytes = 65536
	reconnect.backoff.max.ms = 1000
	reconnect.backoff.ms = 50
	request.timeout.ms = 30000
	retry.backoff.max.ms = 1000
	retry.backoff.ms = 100
	sasl.client.callback.handler.class = null
	sasl.jaas.config = null
	sasl.kerberos.kinit.cmd = /usr/bin/kinit
	sasl.kerberos.min.time.before.relogin = 60000
	sasl.kerberos.service.name = null
	sasl.kerberos.ticket.renew.jitter = 0.05
	sasl.kerberos.ticket.renew.window.factor = 0.8
	sasl.login.callback.handler.class = null
	sasl.login.class = null
	sasl.login.connect.timeout.ms = null
	sasl.login.read.timeout.ms = null
	sasl.login.refresh.buffer.seconds = 300
	sasl.login.refresh.min.period.seconds = 60
	sasl.login.refresh.window.factor = 0.8
	sasl.login.refresh.window.jitter = 0.05
	sasl.login.retry.backoff.max.ms = 10000
	sasl.login.retry.backoff.ms = 100
	sasl.mechanism = GSSAPI
	sasl.oauthbearer.clock.skew.seconds = 30
	sasl.oauthbearer.expected.audience = null
	sasl.oauthbearer.expected.issuer = null
	sasl.oauthbearer.jwks.endpoint.refresh.ms = 3600000
	sasl.oauthbearer.jwks.endpoint.retry.backoff.max.ms = 10000
	sasl.oauthbearer.jwks.endpoint.retry.backoff.ms = 100
	sasl.oauthbearer.jwks.endpoint.url = null
	sasl.oauthbearer.scope.claim.name = scope
	sasl.oauthbearer.sub.claim.name = sub
	sasl.oauthbearer.token.endpoint.url = null
	security.protocol = PLAINTEXT
	security.providers = null
	send.buffer.bytes = 131072
	session.timeout.ms = 45000
	socket.connection.setup.timeout.max.ms = 30000
	socket.connection.setup.timeout.ms = 10000
	ssl.cipher.suites = null
	ssl.enabled.protocols = [TLSv1.2, TLSv1.3]
	ssl.endpoint.identification.algorithm = https
	ssl.engine.factory.class = null
	ssl.key.password = null
	ssl.keymanager.algorithm = SunX509
	ssl.keystore.certificate.chain = null
	ssl.keystore.key = null
	ssl.keystore.location = null
	ssl.keystore.password = null
	ssl.keystore.type = JKS
	ssl.protocol = TLSv1.3
	ssl.provider = null
	ssl.secure.random.implementation = null
	ssl.trustmanager.algorithm = PKIX
	ssl.truststore.certificates = null
	ssl.truststore.location = null
	ssl.truststore.password = null
	ssl.truststore.type = JKS
	value.deserializer = class org.apache.kafka.common.serialization.ByteArrayDeserializer

2025-12-10 04:14:52.386 [Executor task launch worker for task 2.0 in stage 29.0 (TID 89)] INFO  o.a.k.c.t.i.KafkaMetricsCollector - initializing Kafka metrics collector
2025-12-10 04:14:52.387 [Executor task launch worker for task 1.0 in stage 29.0 (TID 88)] INFO  o.a.k.c.t.i.KafkaMetricsCollector - initializing Kafka metrics collector
2025-12-10 04:14:52.387 [Executor task launch worker for task 0.0 in stage 29.0 (TID 87)] INFO  o.a.k.c.t.i.KafkaMetricsCollector - initializing Kafka metrics collector
2025-12-10 04:14:52.390 [Executor task launch worker for task 1.0 in stage 29.0 (TID 88)] INFO  o.a.kafka.common.utils.AppInfoParser - Kafka version: 3.7.0
2025-12-10 04:14:52.390 [Executor task launch worker for task 1.0 in stage 29.0 (TID 88)] INFO  o.a.kafka.common.utils.AppInfoParser - Kafka commitId: 2ae524ed625438c5
2025-12-10 04:14:52.390 [Executor task launch worker for task 1.0 in stage 29.0 (TID 88)] INFO  o.a.kafka.common.utils.AppInfoParser - Kafka startTimeMs: 1765320292390
2025-12-10 04:14:52.390 [Executor task launch worker for task 2.0 in stage 29.0 (TID 89)] INFO  o.a.kafka.common.utils.AppInfoParser - Kafka version: 3.7.0
2025-12-10 04:14:52.390 [Executor task launch worker for task 2.0 in stage 29.0 (TID 89)] INFO  o.a.kafka.common.utils.AppInfoParser - Kafka commitId: 2ae524ed625438c5
2025-12-10 04:14:52.390 [Executor task launch worker for task 2.0 in stage 29.0 (TID 89)] INFO  o.a.kafka.common.utils.AppInfoParser - Kafka startTimeMs: 1765320292390
2025-12-10 04:14:52.390 [Executor task launch worker for task 1.0 in stage 29.0 (TID 88)] INFO  o.a.k.c.c.i.LegacyKafkaConsumer - [Consumer clientId=consumer-spark-kafka-source-43fffd83-d95f-4bf0-b9df-74d6a29c4095-1616614700-executor-77, groupId=spark-kafka-source-43fffd83-d95f-4bf0-b9df-74d6a29c4095-1616614700-executor] Assigned to partition(s): customer_events-0
2025-12-10 04:14:52.390 [Executor task launch worker for task 2.0 in stage 29.0 (TID 89)] INFO  o.a.k.c.c.i.LegacyKafkaConsumer - [Consumer clientId=consumer-spark-kafka-source-43fffd83-d95f-4bf0-b9df-74d6a29c4095-1616614700-executor-78, groupId=spark-kafka-source-43fffd83-d95f-4bf0-b9df-74d6a29c4095-1616614700-executor] Assigned to partition(s): customer_events-2
2025-12-10 04:14:52.390 [Executor task launch worker for task 0.0 in stage 29.0 (TID 87)] INFO  o.a.kafka.common.utils.AppInfoParser - Kafka version: 3.7.0
2025-12-10 04:14:52.390 [Executor task launch worker for task 0.0 in stage 29.0 (TID 87)] INFO  o.a.kafka.common.utils.AppInfoParser - Kafka commitId: 2ae524ed625438c5
2025-12-10 04:14:52.390 [Executor task launch worker for task 0.0 in stage 29.0 (TID 87)] INFO  o.a.kafka.common.utils.AppInfoParser - Kafka startTimeMs: 1765320292390
2025-12-10 04:14:52.390 [Executor task launch worker for task 0.0 in stage 29.0 (TID 87)] INFO  o.a.k.c.c.i.LegacyKafkaConsumer - [Consumer clientId=consumer-spark-kafka-source-43fffd83-d95f-4bf0-b9df-74d6a29c4095-1616614700-executor-76, groupId=spark-kafka-source-43fffd83-d95f-4bf0-b9df-74d6a29c4095-1616614700-executor] Assigned to partition(s): customer_events-1
2025-12-10 04:14:52.390 [Executor task launch worker for task 1.0 in stage 29.0 (TID 88)] INFO  o.a.k.c.c.i.LegacyKafkaConsumer - [Consumer clientId=consumer-spark-kafka-source-43fffd83-d95f-4bf0-b9df-74d6a29c4095-1616614700-executor-77, groupId=spark-kafka-source-43fffd83-d95f-4bf0-b9df-74d6a29c4095-1616614700-executor] Seeking to offset 73381 for partition customer_events-0
2025-12-10 04:14:52.390 [Executor task launch worker for task 2.0 in stage 29.0 (TID 89)] INFO  o.a.k.c.c.i.LegacyKafkaConsumer - [Consumer clientId=consumer-spark-kafka-source-43fffd83-d95f-4bf0-b9df-74d6a29c4095-1616614700-executor-78, groupId=spark-kafka-source-43fffd83-d95f-4bf0-b9df-74d6a29c4095-1616614700-executor] Seeking to offset 72859 for partition customer_events-2
2025-12-10 04:14:52.390 [Executor task launch worker for task 0.0 in stage 29.0 (TID 87)] INFO  o.a.k.c.c.i.LegacyKafkaConsumer - [Consumer clientId=consumer-spark-kafka-source-43fffd83-d95f-4bf0-b9df-74d6a29c4095-1616614700-executor-76, groupId=spark-kafka-source-43fffd83-d95f-4bf0-b9df-74d6a29c4095-1616614700-executor] Seeking to offset 73404 for partition customer_events-1
2025-12-10 04:14:52.393 [Executor task launch worker for task 0.0 in stage 29.0 (TID 87)] INFO  org.apache.kafka.clients.Metadata - [Consumer clientId=consumer-spark-kafka-source-43fffd83-d95f-4bf0-b9df-74d6a29c4095-1616614700-executor-76, groupId=spark-kafka-source-43fffd83-d95f-4bf0-b9df-74d6a29c4095-1616614700-executor] Cluster ID: utc3eCJxTsah_zGClk2_uQ
2025-12-10 04:14:52.393 [Executor task launch worker for task 2.0 in stage 29.0 (TID 89)] INFO  org.apache.kafka.clients.Metadata - [Consumer clientId=consumer-spark-kafka-source-43fffd83-d95f-4bf0-b9df-74d6a29c4095-1616614700-executor-78, groupId=spark-kafka-source-43fffd83-d95f-4bf0-b9df-74d6a29c4095-1616614700-executor] Cluster ID: utc3eCJxTsah_zGClk2_uQ
2025-12-10 04:14:52.393 [Executor task launch worker for task 1.0 in stage 29.0 (TID 88)] INFO  org.apache.kafka.clients.Metadata - [Consumer clientId=consumer-spark-kafka-source-43fffd83-d95f-4bf0-b9df-74d6a29c4095-1616614700-executor-77, groupId=spark-kafka-source-43fffd83-d95f-4bf0-b9df-74d6a29c4095-1616614700-executor] Cluster ID: utc3eCJxTsah_zGClk2_uQ
2025-12-10 04:14:52.398 [Executor task launch worker for task 1.0 in stage 29.0 (TID 88)] INFO  o.a.k.c.c.i.SubscriptionState - [Consumer clientId=consumer-spark-kafka-source-43fffd83-d95f-4bf0-b9df-74d6a29c4095-1616614700-executor-77, groupId=spark-kafka-source-43fffd83-d95f-4bf0-b9df-74d6a29c4095-1616614700-executor] Seeking to earliest offset of partition customer_events-0
2025-12-10 04:14:52.400 [Executor task launch worker for task 2.0 in stage 29.0 (TID 89)] INFO  o.a.k.c.c.i.SubscriptionState - [Consumer clientId=consumer-spark-kafka-source-43fffd83-d95f-4bf0-b9df-74d6a29c4095-1616614700-executor-78, groupId=spark-kafka-source-43fffd83-d95f-4bf0-b9df-74d6a29c4095-1616614700-executor] Seeking to earliest offset of partition customer_events-2
2025-12-10 04:14:52.401 [Executor task launch worker for task 0.0 in stage 29.0 (TID 87)] INFO  o.a.k.c.c.i.SubscriptionState - [Consumer clientId=consumer-spark-kafka-source-43fffd83-d95f-4bf0-b9df-74d6a29c4095-1616614700-executor-76, groupId=spark-kafka-source-43fffd83-d95f-4bf0-b9df-74d6a29c4095-1616614700-executor] Seeking to earliest offset of partition customer_events-1
2025-12-10 04:14:52.472 [Executor task launch worker for task 2.0 in stage 29.0 (TID 89)] INFO  o.a.k.c.c.i.SubscriptionState - [Consumer clientId=consumer-spark-kafka-source-43fffd83-d95f-4bf0-b9df-74d6a29c4095-1616614700-executor-78, groupId=spark-kafka-source-43fffd83-d95f-4bf0-b9df-74d6a29c4095-1616614700-executor] Resetting offset for partition customer_events-2 to position FetchPosition{offset=0, offsetEpoch=Optional.empty, currentLeader=LeaderAndEpoch{leader=Optional[localhost:9093 (id: 1 rack: null)], epoch=0}}.
2025-12-10 04:14:52.472 [Executor task launch worker for task 2.0 in stage 29.0 (TID 89)] INFO  o.a.k.c.c.i.SubscriptionState - [Consumer clientId=consumer-spark-kafka-source-43fffd83-d95f-4bf0-b9df-74d6a29c4095-1616614700-executor-78, groupId=spark-kafka-source-43fffd83-d95f-4bf0-b9df-74d6a29c4095-1616614700-executor] Seeking to latest offset of partition customer_events-2
2025-12-10 04:14:52.472 [Executor task launch worker for task 2.0 in stage 29.0 (TID 89)] INFO  o.a.k.c.c.i.SubscriptionState - [Consumer clientId=consumer-spark-kafka-source-43fffd83-d95f-4bf0-b9df-74d6a29c4095-1616614700-executor-78, groupId=spark-kafka-source-43fffd83-d95f-4bf0-b9df-74d6a29c4095-1616614700-executor] Resetting offset for partition customer_events-2 to position FetchPosition{offset=73151, offsetEpoch=Optional.empty, currentLeader=LeaderAndEpoch{leader=Optional[localhost:9093 (id: 1 rack: null)], epoch=0}}.
2025-12-10 04:14:52.476 [Executor task launch worker for task 2.0 in stage 29.0 (TID 89)] INFO  o.a.parquet.hadoop.codec.CodecConfig - Compression: SNAPPY
2025-12-10 04:14:52.476 [Executor task launch worker for task 2.0 in stage 29.0 (TID 89)] INFO  o.a.parquet.hadoop.codec.CodecConfig - Compression: SNAPPY
2025-12-10 04:14:52.476 [Executor task launch worker for task 2.0 in stage 29.0 (TID 89)] INFO  o.a.p.hadoop.ParquetOutputFormat - ParquetRecordWriter [block size: 134217728b, row group padding size: 8388608b, validating: false]
2025-12-10 04:14:52.670 [Executor task launch worker for task 1.0 in stage 29.0 (TID 88)] INFO  o.a.k.c.c.i.SubscriptionState - [Consumer clientId=consumer-spark-kafka-source-43fffd83-d95f-4bf0-b9df-74d6a29c4095-1616614700-executor-77, groupId=spark-kafka-source-43fffd83-d95f-4bf0-b9df-74d6a29c4095-1616614700-executor] Resetting offset for partition customer_events-0 to position FetchPosition{offset=0, offsetEpoch=Optional.empty, currentLeader=LeaderAndEpoch{leader=Optional[localhost:9092 (id: 0 rack: null)], epoch=0}}.
2025-12-10 04:14:52.671 [Executor task launch worker for task 1.0 in stage 29.0 (TID 88)] INFO  o.a.k.c.c.i.SubscriptionState - [Consumer clientId=consumer-spark-kafka-source-43fffd83-d95f-4bf0-b9df-74d6a29c4095-1616614700-executor-77, groupId=spark-kafka-source-43fffd83-d95f-4bf0-b9df-74d6a29c4095-1616614700-executor] Seeking to latest offset of partition customer_events-0
2025-12-10 04:14:52.672 [Executor task launch worker for task 1.0 in stage 29.0 (TID 88)] INFO  o.a.k.c.c.i.SubscriptionState - [Consumer clientId=consumer-spark-kafka-source-43fffd83-d95f-4bf0-b9df-74d6a29c4095-1616614700-executor-77, groupId=spark-kafka-source-43fffd83-d95f-4bf0-b9df-74d6a29c4095-1616614700-executor] Resetting offset for partition customer_events-0 to position FetchPosition{offset=73708, offsetEpoch=Optional.empty, currentLeader=LeaderAndEpoch{leader=Optional[localhost:9092 (id: 0 rack: null)], epoch=0}}.
2025-12-10 04:14:52.681 [Executor task launch worker for task 1.0 in stage 29.0 (TID 88)] INFO  o.a.parquet.hadoop.codec.CodecConfig - Compression: SNAPPY
2025-12-10 04:14:52.681 [Executor task launch worker for task 1.0 in stage 29.0 (TID 88)] INFO  o.a.parquet.hadoop.codec.CodecConfig - Compression: SNAPPY
2025-12-10 04:14:52.682 [Executor task launch worker for task 1.0 in stage 29.0 (TID 88)] INFO  o.a.p.hadoop.ParquetOutputFormat - ParquetRecordWriter [block size: 134217728b, row group padding size: 8388608b, validating: false]
2025-12-10 04:14:52.871 [Executor task launch worker for task 0.0 in stage 29.0 (TID 87)] INFO  o.a.k.c.c.i.SubscriptionState - [Consumer clientId=consumer-spark-kafka-source-43fffd83-d95f-4bf0-b9df-74d6a29c4095-1616614700-executor-76, groupId=spark-kafka-source-43fffd83-d95f-4bf0-b9df-74d6a29c4095-1616614700-executor] Resetting offset for partition customer_events-1 to position FetchPosition{offset=0, offsetEpoch=Optional.empty, currentLeader=LeaderAndEpoch{leader=Optional[localhost:9094 (id: 2 rack: null)], epoch=0}}.
2025-12-10 04:14:52.872 [Executor task launch worker for task 0.0 in stage 29.0 (TID 87)] INFO  o.a.k.c.c.i.SubscriptionState - [Consumer clientId=consumer-spark-kafka-source-43fffd83-d95f-4bf0-b9df-74d6a29c4095-1616614700-executor-76, groupId=spark-kafka-source-43fffd83-d95f-4bf0-b9df-74d6a29c4095-1616614700-executor] Seeking to latest offset of partition customer_events-1
2025-12-10 04:14:52.874 [Executor task launch worker for task 0.0 in stage 29.0 (TID 87)] INFO  o.a.k.c.c.i.SubscriptionState - [Consumer clientId=consumer-spark-kafka-source-43fffd83-d95f-4bf0-b9df-74d6a29c4095-1616614700-executor-76, groupId=spark-kafka-source-43fffd83-d95f-4bf0-b9df-74d6a29c4095-1616614700-executor] Resetting offset for partition customer_events-1 to position FetchPosition{offset=73688, offsetEpoch=Optional.empty, currentLeader=LeaderAndEpoch{leader=Optional[localhost:9094 (id: 2 rack: null)], epoch=0}}.
2025-12-10 04:14:52.883 [Executor task launch worker for task 0.0 in stage 29.0 (TID 87)] INFO  o.a.parquet.hadoop.codec.CodecConfig - Compression: SNAPPY
2025-12-10 04:14:52.884 [Executor task launch worker for task 0.0 in stage 29.0 (TID 87)] INFO  o.a.parquet.hadoop.codec.CodecConfig - Compression: SNAPPY
2025-12-10 04:14:52.885 [Executor task launch worker for task 0.0 in stage 29.0 (TID 87)] INFO  o.a.p.hadoop.ParquetOutputFormat - ParquetRecordWriter [block size: 134217728b, row group padding size: 8388608b, validating: false]
2025-12-10 04:46:46.319 [executor-heartbeater] WARN  org.apache.spark.executor.Executor - Issue communicating with driver in heartbeater
org.apache.spark.SparkException: Exception thrown in awaitResult: 
	at org.apache.spark.util.SparkThreadUtils$.awaitResult(SparkThreadUtils.scala:56)
	at org.apache.spark.util.ThreadUtils$.awaitResult(ThreadUtils.scala:310)
	at org.apache.spark.rpc.RpcTimeout.awaitResult(RpcTimeout.scala:75)
	at org.apache.spark.rpc.RpcEndpointRef.askSync(RpcEndpointRef.scala:101)
	at org.apache.spark.rpc.RpcEndpointRef.askSync(RpcEndpointRef.scala:85)
	at org.apache.spark.storage.BlockManagerMaster.registerBlockManager(BlockManagerMaster.scala:80)
	at org.apache.spark.storage.BlockManager.reregister(BlockManager.scala:642)
	at org.apache.spark.executor.Executor.reportHeartBeat(Executor.scala:1223)
	at org.apache.spark.executor.Executor.$anonfun$heartbeater$1(Executor.scala:295)
	at scala.runtime.java8.JFunction0$mcV$sp.apply(JFunction0$mcV$sp.java:23)
	at org.apache.spark.util.Utils$.logUncaughtExceptions(Utils.scala:1928)
	at org.apache.spark.Heartbeater$$anon$1.run(Heartbeater.scala:46)
	at java.base/java.util.concurrent.Executors$RunnableAdapter.call(Executors.java:515)
	at java.base/java.util.concurrent.FutureTask.runAndReset(FutureTask.java:305)
	at java.base/java.util.concurrent.ScheduledThreadPoolExecutor$ScheduledFutureTask.run(ScheduledThreadPoolExecutor.java:305)
	at java.base/java.util.concurrent.ThreadPoolExecutor.runWorker(ThreadPoolExecutor.java:1128)
	at java.base/java.util.concurrent.ThreadPoolExecutor$Worker.run(ThreadPoolExecutor.java:628)
	at java.base/java.lang.Thread.run(Thread.java:829)
Caused by: org.apache.spark.SparkException: Exception thrown in awaitResult: 
	at org.apache.spark.util.SparkThreadUtils$.awaitResult(SparkThreadUtils.scala:56)
	at org.apache.spark.util.ThreadUtils$.awaitResult(ThreadUtils.scala:310)
	at org.apache.spark.rpc.RpcTimeout.awaitResult(RpcTimeout.scala:75)
	at org.apache.spark.rpc.RpcEnv.setupEndpointRefByURI(RpcEnv.scala:102)
	at org.apache.spark.rpc.RpcEnv.setupEndpointRef(RpcEnv.scala:110)
	at org.apache.spark.util.RpcUtils$.makeDriverRef(RpcUtils.scala:36)
	at org.apache.spark.storage.BlockManagerMasterEndpoint.driverEndpoint$lzycompute(BlockManagerMasterEndpoint.scala:124)
	at org.apache.spark.storage.BlockManagerMasterEndpoint.org$apache$spark$storage$BlockManagerMasterEndpoint$$driverEndpoint(BlockManagerMasterEndpoint.scala:123)
	at org.apache.spark.storage.BlockManagerMasterEndpoint.isExecutorAlive$lzycompute$1(BlockManagerMasterEndpoint.scala:688)
	at org.apache.spark.storage.BlockManagerMasterEndpoint.isExecutorAlive$1(BlockManagerMasterEndpoint.scala:687)
	at org.apache.spark.storage.BlockManagerMasterEndpoint.org$apache$spark$storage$BlockManagerMasterEndpoint$$register(BlockManagerMasterEndpoint.scala:725)
	at org.apache.spark.storage.BlockManagerMasterEndpoint$$anonfun$receiveAndReply$1.applyOrElse(BlockManagerMasterEndpoint.scala:133)
	at org.apache.spark.rpc.netty.Inbox.$anonfun$process$1(Inbox.scala:103)
	at org.apache.spark.rpc.netty.Inbox.safelyCall(Inbox.scala:213)
	at org.apache.spark.rpc.netty.Inbox.process(Inbox.scala:100)
	at org.apache.spark.rpc.netty.MessageLoop.org$apache$spark$rpc$netty$MessageLoop$$receiveLoop(MessageLoop.scala:75)
	at org.apache.spark.rpc.netty.MessageLoop$$anon$1.run(MessageLoop.scala:41)
	... 3 common frames omitted
Caused by: org.apache.spark.rpc.RpcEndpointNotFoundException: Cannot find endpoint: spark://CoarseGrainedScheduler@172.16.26.142:59279
	at org.apache.spark.rpc.netty.NettyRpcEnv.$anonfun$asyncSetupEndpointRefByURI$1(NettyRpcEnv.scala:148)
	at org.apache.spark.rpc.netty.NettyRpcEnv.$anonfun$asyncSetupEndpointRefByURI$1$adapted(NettyRpcEnv.scala:144)
	at scala.concurrent.Future.$anonfun$flatMap$1(Future.scala:307)
	at scala.concurrent.impl.Promise.$anonfun$transformWith$1(Promise.scala:41)
	at scala.concurrent.impl.CallbackRunnable.run(Promise.scala:64)
	at org.apache.spark.util.ThreadUtils$$anon$1.execute(ThreadUtils.scala:99)
	at scala.concurrent.impl.ExecutionContextImpl$$anon$4.execute(ExecutionContextImpl.scala:138)
	at scala.concurrent.impl.CallbackRunnable.executeWithValue(Promise.scala:72)
	at scala.concurrent.impl.Promise$DefaultPromise.$anonfun$tryComplete$1(Promise.scala:288)
	at scala.concurrent.impl.Promise$DefaultPromise.$anonfun$tryComplete$1$adapted(Promise.scala:288)
	at scala.concurrent.impl.Promise$DefaultPromise.tryComplete(Promise.scala:288)
	at scala.concurrent.Promise.complete(Promise.scala:53)
	at scala.concurrent.Promise.complete$(Promise.scala:52)
	at scala.concurrent.impl.Promise$DefaultPromise.complete(Promise.scala:187)
	at scala.concurrent.impl.Promise.$anonfun$transform$1(Promise.scala:33)
	at scala.concurrent.impl.CallbackRunnable.run(Promise.scala:64)
	at org.apache.spark.util.ThreadUtils$$anon$1.execute(ThreadUtils.scala:99)
	at scala.concurrent.impl.ExecutionContextImpl$$anon$4.execute(ExecutionContextImpl.scala:138)
	at scala.concurrent.impl.CallbackRunnable.executeWithValue(Promise.scala:72)
	at scala.concurrent.impl.Promise$DefaultPromise.$anonfun$tryComplete$1(Promise.scala:288)
	at scala.concurrent.impl.Promise$DefaultPromise.$anonfun$tryComplete$1$adapted(Promise.scala:288)
	at scala.concurrent.impl.Promise$DefaultPromise.tryComplete(Promise.scala:288)
	at scala.concurrent.Promise.complete(Promise.scala:53)
	at scala.concurrent.Promise.complete$(Promise.scala:52)
	at scala.concurrent.impl.Promise$DefaultPromise.complete(Promise.scala:187)
	at scala.concurrent.impl.Promise.$anonfun$transform$1(Promise.scala:33)
	at scala.concurrent.impl.CallbackRunnable.run(Promise.scala:64)
	at scala.concurrent.BatchingExecutor$Batch.processBatch$1(BatchingExecutor.scala:67)
	at scala.concurrent.BatchingExecutor$Batch.$anonfun$run$1(BatchingExecutor.scala:82)
	at scala.runtime.java8.JFunction0$mcV$sp.apply(JFunction0$mcV$sp.java:23)
	at scala.concurrent.BlockContext$.withBlockContext(BlockContext.scala:85)
	at scala.concurrent.BatchingExecutor$Batch.run(BatchingExecutor.scala:59)
	at scala.concurrent.Future$InternalCallbackExecutor$.unbatchedExecute(Future.scala:875)
	at scala.concurrent.BatchingExecutor.execute(BatchingExecutor.scala:110)
	at scala.concurrent.BatchingExecutor.execute$(BatchingExecutor.scala:107)
	at scala.concurrent.Future$InternalCallbackExecutor$.execute(Future.scala:873)
	at scala.concurrent.impl.CallbackRunnable.executeWithValue(Promise.scala:72)
	at scala.concurrent.impl.Promise$DefaultPromise.$anonfun$tryComplete$1(Promise.scala:288)
	at scala.concurrent.impl.Promise$DefaultPromise.$anonfun$tryComplete$1$adapted(Promise.scala:288)
	at scala.concurrent.impl.Promise$DefaultPromise.tryComplete(Promise.scala:288)
	at scala.concurrent.Promise.trySuccess(Promise.scala:94)
	at scala.concurrent.Promise.trySuccess$(Promise.scala:94)
	at scala.concurrent.impl.Promise$DefaultPromise.trySuccess(Promise.scala:187)
	at org.apache.spark.rpc.netty.NettyRpcEnv.onSuccess$1(NettyRpcEnv.scala:225)
	at org.apache.spark.rpc.netty.NettyRpcEnv.$anonfun$askAbortable$5(NettyRpcEnv.scala:239)
	at org.apache.spark.rpc.netty.NettyRpcEnv.$anonfun$askAbortable$5$adapted(NettyRpcEnv.scala:238)
	at scala.concurrent.impl.CallbackRunnable.run(Promise.scala:64)
	at org.apache.spark.util.ThreadUtils$$anon$1.execute(ThreadUtils.scala:99)
	at scala.concurrent.impl.ExecutionContextImpl$$anon$4.execute(ExecutionContextImpl.scala:138)
	at scala.concurrent.impl.CallbackRunnable.executeWithValue(Promise.scala:72)
	at scala.concurrent.impl.Promise$DefaultPromise.$anonfun$tryComplete$1(Promise.scala:288)
	at scala.concurrent.impl.Promise$DefaultPromise.$anonfun$tryComplete$1$adapted(Promise.scala:288)
	at scala.concurrent.impl.Promise$DefaultPromise.tryComplete(Promise.scala:288)
	at scala.concurrent.Promise.complete(Promise.scala:53)
	at scala.concurrent.Promise.complete$(Promise.scala:52)
	at scala.concurrent.impl.Promise$DefaultPromise.complete(Promise.scala:187)
	at scala.concurrent.Promise.success(Promise.scala:86)
	at scala.concurrent.Promise.success$(Promise.scala:86)
	at scala.concurrent.impl.Promise$DefaultPromise.success(Promise.scala:187)
	at org.apache.spark.rpc.netty.LocalNettyRpcCallContext.send(NettyRpcCallContext.scala:50)
	at org.apache.spark.rpc.netty.NettyRpcCallContext.reply(NettyRpcCallContext.scala:32)
	at org.apache.spark.rpc.netty.RpcEndpointVerifier$$anonfun$receiveAndReply$1.applyOrElse(RpcEndpointVerifier.scala:31)
	... 8 common frames omitted
2025-12-10 04:46:46.319 [dispatcher-BlockManagerMaster] ERROR org.apache.spark.rpc.netty.Inbox - Ignoring error
org.apache.spark.SparkException: Exception thrown in awaitResult: 
	at org.apache.spark.util.SparkThreadUtils$.awaitResult(SparkThreadUtils.scala:56)
	at org.apache.spark.util.ThreadUtils$.awaitResult(ThreadUtils.scala:310)
	at org.apache.spark.rpc.RpcTimeout.awaitResult(RpcTimeout.scala:75)
	at org.apache.spark.rpc.RpcEnv.setupEndpointRefByURI(RpcEnv.scala:102)
	at org.apache.spark.rpc.RpcEnv.setupEndpointRef(RpcEnv.scala:110)
	at org.apache.spark.util.RpcUtils$.makeDriverRef(RpcUtils.scala:36)
	at org.apache.spark.storage.BlockManagerMasterEndpoint.driverEndpoint$lzycompute(BlockManagerMasterEndpoint.scala:124)
	at org.apache.spark.storage.BlockManagerMasterEndpoint.org$apache$spark$storage$BlockManagerMasterEndpoint$$driverEndpoint(BlockManagerMasterEndpoint.scala:123)
	at org.apache.spark.storage.BlockManagerMasterEndpoint.isExecutorAlive$lzycompute$1(BlockManagerMasterEndpoint.scala:688)
	at org.apache.spark.storage.BlockManagerMasterEndpoint.isExecutorAlive$1(BlockManagerMasterEndpoint.scala:687)
	at org.apache.spark.storage.BlockManagerMasterEndpoint.org$apache$spark$storage$BlockManagerMasterEndpoint$$register(BlockManagerMasterEndpoint.scala:725)
	at org.apache.spark.storage.BlockManagerMasterEndpoint$$anonfun$receiveAndReply$1.applyOrElse(BlockManagerMasterEndpoint.scala:133)
	at org.apache.spark.rpc.netty.Inbox.$anonfun$process$1(Inbox.scala:103)
	at org.apache.spark.rpc.netty.Inbox.safelyCall(Inbox.scala:213)
	at org.apache.spark.rpc.netty.Inbox.process(Inbox.scala:100)
	at org.apache.spark.rpc.netty.MessageLoop.org$apache$spark$rpc$netty$MessageLoop$$receiveLoop(MessageLoop.scala:75)
	at org.apache.spark.rpc.netty.MessageLoop$$anon$1.run(MessageLoop.scala:41)
	at java.base/java.util.concurrent.ThreadPoolExecutor.runWorker(ThreadPoolExecutor.java:1128)
	at java.base/java.util.concurrent.ThreadPoolExecutor$Worker.run(ThreadPoolExecutor.java:628)
	at java.base/java.lang.Thread.run(Thread.java:829)
Caused by: org.apache.spark.rpc.RpcEndpointNotFoundException: Cannot find endpoint: spark://CoarseGrainedScheduler@172.16.26.142:59279
	at org.apache.spark.rpc.netty.NettyRpcEnv.$anonfun$asyncSetupEndpointRefByURI$1(NettyRpcEnv.scala:148)
	at org.apache.spark.rpc.netty.NettyRpcEnv.$anonfun$asyncSetupEndpointRefByURI$1$adapted(NettyRpcEnv.scala:144)
	at scala.concurrent.Future.$anonfun$flatMap$1(Future.scala:307)
	at scala.concurrent.impl.Promise.$anonfun$transformWith$1(Promise.scala:41)
	at scala.concurrent.impl.CallbackRunnable.run(Promise.scala:64)
	at org.apache.spark.util.ThreadUtils$$anon$1.execute(ThreadUtils.scala:99)
	at scala.concurrent.impl.ExecutionContextImpl$$anon$4.execute(ExecutionContextImpl.scala:138)
	at scala.concurrent.impl.CallbackRunnable.executeWithValue(Promise.scala:72)
	at scala.concurrent.impl.Promise$DefaultPromise.$anonfun$tryComplete$1(Promise.scala:288)
	at scala.concurrent.impl.Promise$DefaultPromise.$anonfun$tryComplete$1$adapted(Promise.scala:288)
	at scala.concurrent.impl.Promise$DefaultPromise.tryComplete(Promise.scala:288)
	at scala.concurrent.Promise.complete(Promise.scala:53)
	at scala.concurrent.Promise.complete$(Promise.scala:52)
	at scala.concurrent.impl.Promise$DefaultPromise.complete(Promise.scala:187)
	at scala.concurrent.impl.Promise.$anonfun$transform$1(Promise.scala:33)
	at scala.concurrent.impl.CallbackRunnable.run(Promise.scala:64)
	at org.apache.spark.util.ThreadUtils$$anon$1.execute(ThreadUtils.scala:99)
	at scala.concurrent.impl.ExecutionContextImpl$$anon$4.execute(ExecutionContextImpl.scala:138)
	at scala.concurrent.impl.CallbackRunnable.executeWithValue(Promise.scala:72)
	at scala.concurrent.impl.Promise$DefaultPromise.$anonfun$tryComplete$1(Promise.scala:288)
	at scala.concurrent.impl.Promise$DefaultPromise.$anonfun$tryComplete$1$adapted(Promise.scala:288)
	at scala.concurrent.impl.Promise$DefaultPromise.tryComplete(Promise.scala:288)
	at scala.concurrent.Promise.complete(Promise.scala:53)
	at scala.concurrent.Promise.complete$(Promise.scala:52)
	at scala.concurrent.impl.Promise$DefaultPromise.complete(Promise.scala:187)
	at scala.concurrent.impl.Promise.$anonfun$transform$1(Promise.scala:33)
	at scala.concurrent.impl.CallbackRunnable.run(Promise.scala:64)
	at scala.concurrent.BatchingExecutor$Batch.processBatch$1(BatchingExecutor.scala:67)
	at scala.concurrent.BatchingExecutor$Batch.$anonfun$run$1(BatchingExecutor.scala:82)
	at scala.runtime.java8.JFunction0$mcV$sp.apply(JFunction0$mcV$sp.java:23)
	at scala.concurrent.BlockContext$.withBlockContext(BlockContext.scala:85)
	at scala.concurrent.BatchingExecutor$Batch.run(BatchingExecutor.scala:59)
	at scala.concurrent.Future$InternalCallbackExecutor$.unbatchedExecute(Future.scala:875)
	at scala.concurrent.BatchingExecutor.execute(BatchingExecutor.scala:110)
	at scala.concurrent.BatchingExecutor.execute$(BatchingExecutor.scala:107)
	at scala.concurrent.Future$InternalCallbackExecutor$.execute(Future.scala:873)
	at scala.concurrent.impl.CallbackRunnable.executeWithValue(Promise.scala:72)
	at scala.concurrent.impl.Promise$DefaultPromise.$anonfun$tryComplete$1(Promise.scala:288)
	at scala.concurrent.impl.Promise$DefaultPromise.$anonfun$tryComplete$1$adapted(Promise.scala:288)
	at scala.concurrent.impl.Promise$DefaultPromise.tryComplete(Promise.scala:288)
	at scala.concurrent.Promise.trySuccess(Promise.scala:94)
	at scala.concurrent.Promise.trySuccess$(Promise.scala:94)
	at scala.concurrent.impl.Promise$DefaultPromise.trySuccess(Promise.scala:187)
	at org.apache.spark.rpc.netty.NettyRpcEnv.onSuccess$1(NettyRpcEnv.scala:225)
	at org.apache.spark.rpc.netty.NettyRpcEnv.$anonfun$askAbortable$5(NettyRpcEnv.scala:239)
	at org.apache.spark.rpc.netty.NettyRpcEnv.$anonfun$askAbortable$5$adapted(NettyRpcEnv.scala:238)
	at scala.concurrent.impl.CallbackRunnable.run(Promise.scala:64)
	at org.apache.spark.util.ThreadUtils$$anon$1.execute(ThreadUtils.scala:99)
	at scala.concurrent.impl.ExecutionContextImpl$$anon$4.execute(ExecutionContextImpl.scala:138)
	at scala.concurrent.impl.CallbackRunnable.executeWithValue(Promise.scala:72)
	at scala.concurrent.impl.Promise$DefaultPromise.$anonfun$tryComplete$1(Promise.scala:288)
	at scala.concurrent.impl.Promise$DefaultPromise.$anonfun$tryComplete$1$adapted(Promise.scala:288)
	at scala.concurrent.impl.Promise$DefaultPromise.tryComplete(Promise.scala:288)
	at scala.concurrent.Promise.complete(Promise.scala:53)
	at scala.concurrent.Promise.complete$(Promise.scala:52)
	at scala.concurrent.impl.Promise$DefaultPromise.complete(Promise.scala:187)
	at scala.concurrent.Promise.success(Promise.scala:86)
	at scala.concurrent.Promise.success$(Promise.scala:86)
	at scala.concurrent.impl.Promise$DefaultPromise.success(Promise.scala:187)
	at org.apache.spark.rpc.netty.LocalNettyRpcCallContext.send(NettyRpcCallContext.scala:50)
	at org.apache.spark.rpc.netty.NettyRpcCallContext.reply(NettyRpcCallContext.scala:32)
	at org.apache.spark.rpc.netty.RpcEndpointVerifier$$anonfun$receiveAndReply$1.applyOrElse(RpcEndpointVerifier.scala:31)
	... 8 common frames omitted
2025-12-10 05:18:16.787 [executor-heartbeater] WARN  org.apache.spark.executor.Executor - Issue communicating with driver in heartbeater
org.apache.spark.SparkException: Exception thrown in awaitResult: 
	at org.apache.spark.util.SparkThreadUtils$.awaitResult(SparkThreadUtils.scala:56)
	at org.apache.spark.util.ThreadUtils$.awaitResult(ThreadUtils.scala:310)
	at org.apache.spark.rpc.RpcTimeout.awaitResult(RpcTimeout.scala:75)
	at org.apache.spark.rpc.RpcEndpointRef.askSync(RpcEndpointRef.scala:101)
	at org.apache.spark.rpc.RpcEndpointRef.askSync(RpcEndpointRef.scala:85)
	at org.apache.spark.storage.BlockManagerMaster.registerBlockManager(BlockManagerMaster.scala:80)
	at org.apache.spark.storage.BlockManager.reregister(BlockManager.scala:642)
	at org.apache.spark.executor.Executor.reportHeartBeat(Executor.scala:1223)
	at org.apache.spark.executor.Executor.$anonfun$heartbeater$1(Executor.scala:295)
	at scala.runtime.java8.JFunction0$mcV$sp.apply(JFunction0$mcV$sp.java:23)
	at org.apache.spark.util.Utils$.logUncaughtExceptions(Utils.scala:1928)
	at org.apache.spark.Heartbeater$$anon$1.run(Heartbeater.scala:46)
	at java.base/java.util.concurrent.Executors$RunnableAdapter.call(Executors.java:515)
	at java.base/java.util.concurrent.FutureTask.runAndReset(FutureTask.java:305)
	at java.base/java.util.concurrent.ScheduledThreadPoolExecutor$ScheduledFutureTask.run(ScheduledThreadPoolExecutor.java:305)
	at java.base/java.util.concurrent.ThreadPoolExecutor.runWorker(ThreadPoolExecutor.java:1128)
	at java.base/java.util.concurrent.ThreadPoolExecutor$Worker.run(ThreadPoolExecutor.java:628)
	at java.base/java.lang.Thread.run(Thread.java:829)
Caused by: org.apache.spark.SparkException: Exception thrown in awaitResult: 
	at org.apache.spark.util.SparkThreadUtils$.awaitResult(SparkThreadUtils.scala:56)
	at org.apache.spark.util.ThreadUtils$.awaitResult(ThreadUtils.scala:310)
	at org.apache.spark.rpc.RpcTimeout.awaitResult(RpcTimeout.scala:75)
	at org.apache.spark.rpc.RpcEnv.setupEndpointRefByURI(RpcEnv.scala:102)
	at org.apache.spark.rpc.RpcEnv.setupEndpointRef(RpcEnv.scala:110)
	at org.apache.spark.util.RpcUtils$.makeDriverRef(RpcUtils.scala:36)
	at org.apache.spark.storage.BlockManagerMasterEndpoint.driverEndpoint$lzycompute(BlockManagerMasterEndpoint.scala:124)
	at org.apache.spark.storage.BlockManagerMasterEndpoint.org$apache$spark$storage$BlockManagerMasterEndpoint$$driverEndpoint(BlockManagerMasterEndpoint.scala:123)
	at org.apache.spark.storage.BlockManagerMasterEndpoint.isExecutorAlive$lzycompute$1(BlockManagerMasterEndpoint.scala:688)
	at org.apache.spark.storage.BlockManagerMasterEndpoint.isExecutorAlive$1(BlockManagerMasterEndpoint.scala:687)
	at org.apache.spark.storage.BlockManagerMasterEndpoint.org$apache$spark$storage$BlockManagerMasterEndpoint$$register(BlockManagerMasterEndpoint.scala:725)
	at org.apache.spark.storage.BlockManagerMasterEndpoint$$anonfun$receiveAndReply$1.applyOrElse(BlockManagerMasterEndpoint.scala:133)
	at org.apache.spark.rpc.netty.Inbox.$anonfun$process$1(Inbox.scala:103)
	at org.apache.spark.rpc.netty.Inbox.safelyCall(Inbox.scala:213)
	at org.apache.spark.rpc.netty.Inbox.process(Inbox.scala:100)
	at org.apache.spark.rpc.netty.MessageLoop.org$apache$spark$rpc$netty$MessageLoop$$receiveLoop(MessageLoop.scala:75)
	at org.apache.spark.rpc.netty.MessageLoop$$anon$1.run(MessageLoop.scala:41)
	... 3 common frames omitted
Caused by: org.apache.spark.rpc.RpcEndpointNotFoundException: Cannot find endpoint: spark://CoarseGrainedScheduler@172.16.26.142:59279
	at org.apache.spark.rpc.netty.NettyRpcEnv.$anonfun$asyncSetupEndpointRefByURI$1(NettyRpcEnv.scala:148)
	at org.apache.spark.rpc.netty.NettyRpcEnv.$anonfun$asyncSetupEndpointRefByURI$1$adapted(NettyRpcEnv.scala:144)
	at scala.concurrent.Future.$anonfun$flatMap$1(Future.scala:307)
	at scala.concurrent.impl.Promise.$anonfun$transformWith$1(Promise.scala:41)
	at scala.concurrent.impl.CallbackRunnable.run(Promise.scala:64)
	at org.apache.spark.util.ThreadUtils$$anon$1.execute(ThreadUtils.scala:99)
	at scala.concurrent.impl.ExecutionContextImpl$$anon$4.execute(ExecutionContextImpl.scala:138)
	at scala.concurrent.impl.CallbackRunnable.executeWithValue(Promise.scala:72)
	at scala.concurrent.impl.Promise$DefaultPromise.dispatchOrAddCallback(Promise.scala:316)
	at scala.concurrent.impl.Promise$DefaultPromise.onComplete(Promise.scala:307)
	at scala.concurrent.impl.Promise.transformWith(Promise.scala:40)
	at scala.concurrent.impl.Promise.transformWith$(Promise.scala:38)
	at scala.concurrent.impl.Promise$DefaultPromise.transformWith(Promise.scala:187)
	at scala.concurrent.Future.flatMap(Future.scala:306)
	at scala.concurrent.Future.flatMap$(Future.scala:306)
	at scala.concurrent.impl.Promise$DefaultPromise.flatMap(Promise.scala:187)
	at org.apache.spark.rpc.netty.NettyRpcEnv.asyncSetupEndpointRefByURI(NettyRpcEnv.scala:150)
	... 17 common frames omitted
2025-12-10 05:18:16.787 [dispatcher-BlockManagerMaster] ERROR org.apache.spark.rpc.netty.Inbox - Ignoring error
org.apache.spark.SparkException: Exception thrown in awaitResult: 
	at org.apache.spark.util.SparkThreadUtils$.awaitResult(SparkThreadUtils.scala:56)
	at org.apache.spark.util.ThreadUtils$.awaitResult(ThreadUtils.scala:310)
	at org.apache.spark.rpc.RpcTimeout.awaitResult(RpcTimeout.scala:75)
	at org.apache.spark.rpc.RpcEnv.setupEndpointRefByURI(RpcEnv.scala:102)
	at org.apache.spark.rpc.RpcEnv.setupEndpointRef(RpcEnv.scala:110)
	at org.apache.spark.util.RpcUtils$.makeDriverRef(RpcUtils.scala:36)
	at org.apache.spark.storage.BlockManagerMasterEndpoint.driverEndpoint$lzycompute(BlockManagerMasterEndpoint.scala:124)
	at org.apache.spark.storage.BlockManagerMasterEndpoint.org$apache$spark$storage$BlockManagerMasterEndpoint$$driverEndpoint(BlockManagerMasterEndpoint.scala:123)
	at org.apache.spark.storage.BlockManagerMasterEndpoint.isExecutorAlive$lzycompute$1(BlockManagerMasterEndpoint.scala:688)
	at org.apache.spark.storage.BlockManagerMasterEndpoint.isExecutorAlive$1(BlockManagerMasterEndpoint.scala:687)
	at org.apache.spark.storage.BlockManagerMasterEndpoint.org$apache$spark$storage$BlockManagerMasterEndpoint$$register(BlockManagerMasterEndpoint.scala:725)
	at org.apache.spark.storage.BlockManagerMasterEndpoint$$anonfun$receiveAndReply$1.applyOrElse(BlockManagerMasterEndpoint.scala:133)
	at org.apache.spark.rpc.netty.Inbox.$anonfun$process$1(Inbox.scala:103)
	at org.apache.spark.rpc.netty.Inbox.safelyCall(Inbox.scala:213)
	at org.apache.spark.rpc.netty.Inbox.process(Inbox.scala:100)
	at org.apache.spark.rpc.netty.MessageLoop.org$apache$spark$rpc$netty$MessageLoop$$receiveLoop(MessageLoop.scala:75)
	at org.apache.spark.rpc.netty.MessageLoop$$anon$1.run(MessageLoop.scala:41)
	at java.base/java.util.concurrent.ThreadPoolExecutor.runWorker(ThreadPoolExecutor.java:1128)
	at java.base/java.util.concurrent.ThreadPoolExecutor$Worker.run(ThreadPoolExecutor.java:628)
	at java.base/java.lang.Thread.run(Thread.java:829)
Caused by: org.apache.spark.rpc.RpcEndpointNotFoundException: Cannot find endpoint: spark://CoarseGrainedScheduler@172.16.26.142:59279
	at org.apache.spark.rpc.netty.NettyRpcEnv.$anonfun$asyncSetupEndpointRefByURI$1(NettyRpcEnv.scala:148)
	at org.apache.spark.rpc.netty.NettyRpcEnv.$anonfun$asyncSetupEndpointRefByURI$1$adapted(NettyRpcEnv.scala:144)
	at scala.concurrent.Future.$anonfun$flatMap$1(Future.scala:307)
	at scala.concurrent.impl.Promise.$anonfun$transformWith$1(Promise.scala:41)
	at scala.concurrent.impl.CallbackRunnable.run(Promise.scala:64)
	at org.apache.spark.util.ThreadUtils$$anon$1.execute(ThreadUtils.scala:99)
	at scala.concurrent.impl.ExecutionContextImpl$$anon$4.execute(ExecutionContextImpl.scala:138)
	at scala.concurrent.impl.CallbackRunnable.executeWithValue(Promise.scala:72)
	at scala.concurrent.impl.Promise$DefaultPromise.dispatchOrAddCallback(Promise.scala:316)
	at scala.concurrent.impl.Promise$DefaultPromise.onComplete(Promise.scala:307)
	at scala.concurrent.impl.Promise.transformWith(Promise.scala:40)
	at scala.concurrent.impl.Promise.transformWith$(Promise.scala:38)
	at scala.concurrent.impl.Promise$DefaultPromise.transformWith(Promise.scala:187)
	at scala.concurrent.Future.flatMap(Future.scala:306)
	at scala.concurrent.Future.flatMap$(Future.scala:306)
	at scala.concurrent.impl.Promise$DefaultPromise.flatMap(Promise.scala:187)
	at org.apache.spark.rpc.netty.NettyRpcEnv.asyncSetupEndpointRefByURI(NettyRpcEnv.scala:150)
	... 17 common frames omitted
2025-12-10 05:18:19.017 [stream execution thread for [id = c98990cc-c81f-4832-8c6b-0d6f877e43cb, runId = a9de8f77-4dec-465f-afdb-7826313ae329]] WARN  o.a.s.s.e.s.FileStreamSinkLog - Compacting took 17475 ms for compact batch 29
2025-12-10 05:53:43.220 [executor-heartbeater] WARN  org.apache.spark.executor.Executor - Issue communicating with driver in heartbeater
org.apache.spark.SparkException: Exception thrown in awaitResult: 
	at org.apache.spark.util.SparkThreadUtils$.awaitResult(SparkThreadUtils.scala:56)
	at org.apache.spark.util.ThreadUtils$.awaitResult(ThreadUtils.scala:310)
	at org.apache.spark.rpc.RpcTimeout.awaitResult(RpcTimeout.scala:75)
	at org.apache.spark.rpc.RpcEndpointRef.askSync(RpcEndpointRef.scala:101)
	at org.apache.spark.rpc.RpcEndpointRef.askSync(RpcEndpointRef.scala:85)
	at org.apache.spark.storage.BlockManagerMaster.registerBlockManager(BlockManagerMaster.scala:80)
	at org.apache.spark.storage.BlockManager.reregister(BlockManager.scala:642)
	at org.apache.spark.executor.Executor.reportHeartBeat(Executor.scala:1223)
	at org.apache.spark.executor.Executor.$anonfun$heartbeater$1(Executor.scala:295)
	at scala.runtime.java8.JFunction0$mcV$sp.apply(JFunction0$mcV$sp.java:23)
	at org.apache.spark.util.Utils$.logUncaughtExceptions(Utils.scala:1928)
	at org.apache.spark.Heartbeater$$anon$1.run(Heartbeater.scala:46)
	at java.base/java.util.concurrent.Executors$RunnableAdapter.call(Executors.java:515)
	at java.base/java.util.concurrent.FutureTask.runAndReset(FutureTask.java:305)
	at java.base/java.util.concurrent.ScheduledThreadPoolExecutor$ScheduledFutureTask.run(ScheduledThreadPoolExecutor.java:305)
	at java.base/java.util.concurrent.ThreadPoolExecutor.runWorker(ThreadPoolExecutor.java:1128)
	at java.base/java.util.concurrent.ThreadPoolExecutor$Worker.run(ThreadPoolExecutor.java:628)
	at java.base/java.lang.Thread.run(Thread.java:829)
Caused by: org.apache.spark.SparkException: Exception thrown in awaitResult: 
	at org.apache.spark.util.SparkThreadUtils$.awaitResult(SparkThreadUtils.scala:56)
	at org.apache.spark.util.ThreadUtils$.awaitResult(ThreadUtils.scala:310)
	at org.apache.spark.rpc.RpcTimeout.awaitResult(RpcTimeout.scala:75)
	at org.apache.spark.rpc.RpcEnv.setupEndpointRefByURI(RpcEnv.scala:102)
	at org.apache.spark.rpc.RpcEnv.setupEndpointRef(RpcEnv.scala:110)
	at org.apache.spark.util.RpcUtils$.makeDriverRef(RpcUtils.scala:36)
	at org.apache.spark.storage.BlockManagerMasterEndpoint.driverEndpoint$lzycompute(BlockManagerMasterEndpoint.scala:124)
	at org.apache.spark.storage.BlockManagerMasterEndpoint.org$apache$spark$storage$BlockManagerMasterEndpoint$$driverEndpoint(BlockManagerMasterEndpoint.scala:123)
	at org.apache.spark.storage.BlockManagerMasterEndpoint.isExecutorAlive$lzycompute$1(BlockManagerMasterEndpoint.scala:688)
	at org.apache.spark.storage.BlockManagerMasterEndpoint.isExecutorAlive$1(BlockManagerMasterEndpoint.scala:687)
	at org.apache.spark.storage.BlockManagerMasterEndpoint.org$apache$spark$storage$BlockManagerMasterEndpoint$$register(BlockManagerMasterEndpoint.scala:725)
	at org.apache.spark.storage.BlockManagerMasterEndpoint$$anonfun$receiveAndReply$1.applyOrElse(BlockManagerMasterEndpoint.scala:133)
	at org.apache.spark.rpc.netty.Inbox.$anonfun$process$1(Inbox.scala:103)
	at org.apache.spark.rpc.netty.Inbox.safelyCall(Inbox.scala:213)
	at org.apache.spark.rpc.netty.Inbox.process(Inbox.scala:100)
	at org.apache.spark.rpc.netty.MessageLoop.org$apache$spark$rpc$netty$MessageLoop$$receiveLoop(MessageLoop.scala:75)
	at org.apache.spark.rpc.netty.MessageLoop$$anon$1.run(MessageLoop.scala:41)
	... 3 common frames omitted
Caused by: org.apache.spark.rpc.RpcEndpointNotFoundException: Cannot find endpoint: spark://CoarseGrainedScheduler@172.16.26.142:59279
	at org.apache.spark.rpc.netty.NettyRpcEnv.$anonfun$asyncSetupEndpointRefByURI$1(NettyRpcEnv.scala:148)
	at org.apache.spark.rpc.netty.NettyRpcEnv.$anonfun$asyncSetupEndpointRefByURI$1$adapted(NettyRpcEnv.scala:144)
	at scala.concurrent.Future.$anonfun$flatMap$1(Future.scala:307)
	at scala.concurrent.impl.Promise.$anonfun$transformWith$1(Promise.scala:41)
	at scala.concurrent.impl.CallbackRunnable.run(Promise.scala:64)
	at org.apache.spark.util.ThreadUtils$$anon$1.execute(ThreadUtils.scala:99)
	at scala.concurrent.impl.ExecutionContextImpl$$anon$4.execute(ExecutionContextImpl.scala:138)
	at scala.concurrent.impl.CallbackRunnable.executeWithValue(Promise.scala:72)
	at scala.concurrent.impl.Promise$DefaultPromise.$anonfun$tryComplete$1(Promise.scala:288)
	at scala.concurrent.impl.Promise$DefaultPromise.$anonfun$tryComplete$1$adapted(Promise.scala:288)
	at scala.concurrent.impl.Promise$DefaultPromise.tryComplete(Promise.scala:288)
	at scala.concurrent.Promise.complete(Promise.scala:53)
	at scala.concurrent.Promise.complete$(Promise.scala:52)
	at scala.concurrent.impl.Promise$DefaultPromise.complete(Promise.scala:187)
	at scala.concurrent.impl.Promise.$anonfun$transform$1(Promise.scala:33)
	at scala.concurrent.impl.CallbackRunnable.run(Promise.scala:64)
	at org.apache.spark.util.ThreadUtils$$anon$1.execute(ThreadUtils.scala:99)
	at scala.concurrent.impl.ExecutionContextImpl$$anon$4.execute(ExecutionContextImpl.scala:138)
	at scala.concurrent.impl.CallbackRunnable.executeWithValue(Promise.scala:72)
	at scala.concurrent.impl.Promise$DefaultPromise.$anonfun$tryComplete$1(Promise.scala:288)
	at scala.concurrent.impl.Promise$DefaultPromise.$anonfun$tryComplete$1$adapted(Promise.scala:288)
	at scala.concurrent.impl.Promise$DefaultPromise.tryComplete(Promise.scala:288)
	at scala.concurrent.Promise.complete(Promise.scala:53)
	at scala.concurrent.Promise.complete$(Promise.scala:52)
	at scala.concurrent.impl.Promise$DefaultPromise.complete(Promise.scala:187)
	at scala.concurrent.impl.Promise.$anonfun$transform$1(Promise.scala:33)
	at scala.concurrent.impl.CallbackRunnable.run(Promise.scala:64)
	at scala.concurrent.BatchingExecutor$Batch.processBatch$1(BatchingExecutor.scala:67)
	at scala.concurrent.BatchingExecutor$Batch.$anonfun$run$1(BatchingExecutor.scala:82)
	at scala.runtime.java8.JFunction0$mcV$sp.apply(JFunction0$mcV$sp.java:23)
	at scala.concurrent.BlockContext$.withBlockContext(BlockContext.scala:85)
	at scala.concurrent.BatchingExecutor$Batch.run(BatchingExecutor.scala:59)
	at scala.concurrent.Future$InternalCallbackExecutor$.unbatchedExecute(Future.scala:875)
	at scala.concurrent.BatchingExecutor.execute(BatchingExecutor.scala:110)
	at scala.concurrent.BatchingExecutor.execute$(BatchingExecutor.scala:107)
	at scala.concurrent.Future$InternalCallbackExecutor$.execute(Future.scala:873)
	at scala.concurrent.impl.CallbackRunnable.executeWithValue(Promise.scala:72)
	at scala.concurrent.impl.Promise$DefaultPromise.$anonfun$tryComplete$1(Promise.scala:288)
	at scala.concurrent.impl.Promise$DefaultPromise.$anonfun$tryComplete$1$adapted(Promise.scala:288)
	at scala.concurrent.impl.Promise$DefaultPromise.tryComplete(Promise.scala:288)
	at scala.concurrent.Promise.trySuccess(Promise.scala:94)
	at scala.concurrent.Promise.trySuccess$(Promise.scala:94)
	at scala.concurrent.impl.Promise$DefaultPromise.trySuccess(Promise.scala:187)
	at org.apache.spark.rpc.netty.NettyRpcEnv.onSuccess$1(NettyRpcEnv.scala:225)
	at org.apache.spark.rpc.netty.NettyRpcEnv.$anonfun$askAbortable$5(NettyRpcEnv.scala:239)
	at org.apache.spark.rpc.netty.NettyRpcEnv.$anonfun$askAbortable$5$adapted(NettyRpcEnv.scala:238)
	at scala.concurrent.impl.CallbackRunnable.run(Promise.scala:64)
	at org.apache.spark.util.ThreadUtils$$anon$1.execute(ThreadUtils.scala:99)
	at scala.concurrent.impl.ExecutionContextImpl$$anon$4.execute(ExecutionContextImpl.scala:138)
	at scala.concurrent.impl.CallbackRunnable.executeWithValue(Promise.scala:72)
	at scala.concurrent.impl.Promise$DefaultPromise.$anonfun$tryComplete$1(Promise.scala:288)
	at scala.concurrent.impl.Promise$DefaultPromise.$anonfun$tryComplete$1$adapted(Promise.scala:288)
	at scala.concurrent.impl.Promise$DefaultPromise.tryComplete(Promise.scala:288)
	at scala.concurrent.Promise.complete(Promise.scala:53)
	at scala.concurrent.Promise.complete$(Promise.scala:52)
	at scala.concurrent.impl.Promise$DefaultPromise.complete(Promise.scala:187)
	at scala.concurrent.Promise.success(Promise.scala:86)
	at scala.concurrent.Promise.success$(Promise.scala:86)
	at scala.concurrent.impl.Promise$DefaultPromise.success(Promise.scala:187)
	at org.apache.spark.rpc.netty.LocalNettyRpcCallContext.send(NettyRpcCallContext.scala:50)
	at org.apache.spark.rpc.netty.NettyRpcCallContext.reply(NettyRpcCallContext.scala:32)
	at org.apache.spark.rpc.netty.RpcEndpointVerifier$$anonfun$receiveAndReply$1.applyOrElse(RpcEndpointVerifier.scala:31)
	... 8 common frames omitted
2025-12-10 05:53:43.220 [dispatcher-BlockManagerMaster] ERROR org.apache.spark.rpc.netty.Inbox - Ignoring error
org.apache.spark.SparkException: Exception thrown in awaitResult: 
	at org.apache.spark.util.SparkThreadUtils$.awaitResult(SparkThreadUtils.scala:56)
	at org.apache.spark.util.ThreadUtils$.awaitResult(ThreadUtils.scala:310)
	at org.apache.spark.rpc.RpcTimeout.awaitResult(RpcTimeout.scala:75)
	at org.apache.spark.rpc.RpcEnv.setupEndpointRefByURI(RpcEnv.scala:102)
	at org.apache.spark.rpc.RpcEnv.setupEndpointRef(RpcEnv.scala:110)
	at org.apache.spark.util.RpcUtils$.makeDriverRef(RpcUtils.scala:36)
	at org.apache.spark.storage.BlockManagerMasterEndpoint.driverEndpoint$lzycompute(BlockManagerMasterEndpoint.scala:124)
	at org.apache.spark.storage.BlockManagerMasterEndpoint.org$apache$spark$storage$BlockManagerMasterEndpoint$$driverEndpoint(BlockManagerMasterEndpoint.scala:123)
	at org.apache.spark.storage.BlockManagerMasterEndpoint.isExecutorAlive$lzycompute$1(BlockManagerMasterEndpoint.scala:688)
	at org.apache.spark.storage.BlockManagerMasterEndpoint.isExecutorAlive$1(BlockManagerMasterEndpoint.scala:687)
	at org.apache.spark.storage.BlockManagerMasterEndpoint.org$apache$spark$storage$BlockManagerMasterEndpoint$$register(BlockManagerMasterEndpoint.scala:725)
	at org.apache.spark.storage.BlockManagerMasterEndpoint$$anonfun$receiveAndReply$1.applyOrElse(BlockManagerMasterEndpoint.scala:133)
	at org.apache.spark.rpc.netty.Inbox.$anonfun$process$1(Inbox.scala:103)
	at org.apache.spark.rpc.netty.Inbox.safelyCall(Inbox.scala:213)
	at org.apache.spark.rpc.netty.Inbox.process(Inbox.scala:100)
	at org.apache.spark.rpc.netty.MessageLoop.org$apache$spark$rpc$netty$MessageLoop$$receiveLoop(MessageLoop.scala:75)
	at org.apache.spark.rpc.netty.MessageLoop$$anon$1.run(MessageLoop.scala:41)
	at java.base/java.util.concurrent.ThreadPoolExecutor.runWorker(ThreadPoolExecutor.java:1128)
	at java.base/java.util.concurrent.ThreadPoolExecutor$Worker.run(ThreadPoolExecutor.java:628)
	at java.base/java.lang.Thread.run(Thread.java:829)
Caused by: org.apache.spark.rpc.RpcEndpointNotFoundException: Cannot find endpoint: spark://CoarseGrainedScheduler@172.16.26.142:59279
	at org.apache.spark.rpc.netty.NettyRpcEnv.$anonfun$asyncSetupEndpointRefByURI$1(NettyRpcEnv.scala:148)
	at org.apache.spark.rpc.netty.NettyRpcEnv.$anonfun$asyncSetupEndpointRefByURI$1$adapted(NettyRpcEnv.scala:144)
	at scala.concurrent.Future.$anonfun$flatMap$1(Future.scala:307)
	at scala.concurrent.impl.Promise.$anonfun$transformWith$1(Promise.scala:41)
	at scala.concurrent.impl.CallbackRunnable.run(Promise.scala:64)
	at org.apache.spark.util.ThreadUtils$$anon$1.execute(ThreadUtils.scala:99)
	at scala.concurrent.impl.ExecutionContextImpl$$anon$4.execute(ExecutionContextImpl.scala:138)
	at scala.concurrent.impl.CallbackRunnable.executeWithValue(Promise.scala:72)
	at scala.concurrent.impl.Promise$DefaultPromise.$anonfun$tryComplete$1(Promise.scala:288)
	at scala.concurrent.impl.Promise$DefaultPromise.$anonfun$tryComplete$1$adapted(Promise.scala:288)
	at scala.concurrent.impl.Promise$DefaultPromise.tryComplete(Promise.scala:288)
	at scala.concurrent.Promise.complete(Promise.scala:53)
	at scala.concurrent.Promise.complete$(Promise.scala:52)
	at scala.concurrent.impl.Promise$DefaultPromise.complete(Promise.scala:187)
	at scala.concurrent.impl.Promise.$anonfun$transform$1(Promise.scala:33)
	at scala.concurrent.impl.CallbackRunnable.run(Promise.scala:64)
	at org.apache.spark.util.ThreadUtils$$anon$1.execute(ThreadUtils.scala:99)
	at scala.concurrent.impl.ExecutionContextImpl$$anon$4.execute(ExecutionContextImpl.scala:138)
	at scala.concurrent.impl.CallbackRunnable.executeWithValue(Promise.scala:72)
	at scala.concurrent.impl.Promise$DefaultPromise.$anonfun$tryComplete$1(Promise.scala:288)
	at scala.concurrent.impl.Promise$DefaultPromise.$anonfun$tryComplete$1$adapted(Promise.scala:288)
	at scala.concurrent.impl.Promise$DefaultPromise.tryComplete(Promise.scala:288)
	at scala.concurrent.Promise.complete(Promise.scala:53)
	at scala.concurrent.Promise.complete$(Promise.scala:52)
	at scala.concurrent.impl.Promise$DefaultPromise.complete(Promise.scala:187)
	at scala.concurrent.impl.Promise.$anonfun$transform$1(Promise.scala:33)
	at scala.concurrent.impl.CallbackRunnable.run(Promise.scala:64)
	at scala.concurrent.BatchingExecutor$Batch.processBatch$1(BatchingExecutor.scala:67)
	at scala.concurrent.BatchingExecutor$Batch.$anonfun$run$1(BatchingExecutor.scala:82)
	at scala.runtime.java8.JFunction0$mcV$sp.apply(JFunction0$mcV$sp.java:23)
	at scala.concurrent.BlockContext$.withBlockContext(BlockContext.scala:85)
	at scala.concurrent.BatchingExecutor$Batch.run(BatchingExecutor.scala:59)
	at scala.concurrent.Future$InternalCallbackExecutor$.unbatchedExecute(Future.scala:875)
	at scala.concurrent.BatchingExecutor.execute(BatchingExecutor.scala:110)
	at scala.concurrent.BatchingExecutor.execute$(BatchingExecutor.scala:107)
	at scala.concurrent.Future$InternalCallbackExecutor$.execute(Future.scala:873)
	at scala.concurrent.impl.CallbackRunnable.executeWithValue(Promise.scala:72)
	at scala.concurrent.impl.Promise$DefaultPromise.$anonfun$tryComplete$1(Promise.scala:288)
	at scala.concurrent.impl.Promise$DefaultPromise.$anonfun$tryComplete$1$adapted(Promise.scala:288)
	at scala.concurrent.impl.Promise$DefaultPromise.tryComplete(Promise.scala:288)
	at scala.concurrent.Promise.trySuccess(Promise.scala:94)
	at scala.concurrent.Promise.trySuccess$(Promise.scala:94)
	at scala.concurrent.impl.Promise$DefaultPromise.trySuccess(Promise.scala:187)
	at org.apache.spark.rpc.netty.NettyRpcEnv.onSuccess$1(NettyRpcEnv.scala:225)
	at org.apache.spark.rpc.netty.NettyRpcEnv.$anonfun$askAbortable$5(NettyRpcEnv.scala:239)
	at org.apache.spark.rpc.netty.NettyRpcEnv.$anonfun$askAbortable$5$adapted(NettyRpcEnv.scala:238)
	at scala.concurrent.impl.CallbackRunnable.run(Promise.scala:64)
	at org.apache.spark.util.ThreadUtils$$anon$1.execute(ThreadUtils.scala:99)
	at scala.concurrent.impl.ExecutionContextImpl$$anon$4.execute(ExecutionContextImpl.scala:138)
	at scala.concurrent.impl.CallbackRunnable.executeWithValue(Promise.scala:72)
	at scala.concurrent.impl.Promise$DefaultPromise.$anonfun$tryComplete$1(Promise.scala:288)
	at scala.concurrent.impl.Promise$DefaultPromise.$anonfun$tryComplete$1$adapted(Promise.scala:288)
	at scala.concurrent.impl.Promise$DefaultPromise.tryComplete(Promise.scala:288)
	at scala.concurrent.Promise.complete(Promise.scala:53)
	at scala.concurrent.Promise.complete$(Promise.scala:52)
	at scala.concurrent.impl.Promise$DefaultPromise.complete(Promise.scala:187)
	at scala.concurrent.Promise.success(Promise.scala:86)
	at scala.concurrent.Promise.success$(Promise.scala:86)
	at scala.concurrent.impl.Promise$DefaultPromise.success(Promise.scala:187)
	at org.apache.spark.rpc.netty.LocalNettyRpcCallContext.send(NettyRpcCallContext.scala:50)
	at org.apache.spark.rpc.netty.NettyRpcCallContext.reply(NettyRpcCallContext.scala:32)
	at org.apache.spark.rpc.netty.RpcEndpointVerifier$$anonfun$receiveAndReply$1.applyOrElse(RpcEndpointVerifier.scala:31)
	... 8 common frames omitted
2025-12-10 06:10:58.766 [commons-pool-evictor] INFO  o.a.k.c.c.i.ConsumerCoordinator - [Consumer clientId=consumer-spark-kafka-source-43fffd83-d95f-4bf0-b9df-74d6a29c4095-1616614700-executor-78, groupId=spark-kafka-source-43fffd83-d95f-4bf0-b9df-74d6a29c4095-1616614700-executor] Resetting generation and member id due to: consumer pro-actively leaving the group
2025-12-10 06:10:58.769 [commons-pool-evictor] INFO  o.a.k.c.c.i.ConsumerCoordinator - [Consumer clientId=consumer-spark-kafka-source-43fffd83-d95f-4bf0-b9df-74d6a29c4095-1616614700-executor-78, groupId=spark-kafka-source-43fffd83-d95f-4bf0-b9df-74d6a29c4095-1616614700-executor] Request joining group due to: consumer pro-actively leaving the group
2025-12-10 06:10:58.782 [commons-pool-evictor] INFO  o.a.kafka.common.metrics.Metrics - Metrics scheduler closed
2025-12-10 06:10:58.782 [commons-pool-evictor] INFO  o.a.kafka.common.metrics.Metrics - Closing reporter org.apache.kafka.common.metrics.JmxReporter
2025-12-10 06:10:58.782 [commons-pool-evictor] INFO  o.a.kafka.common.metrics.Metrics - Closing reporter org.apache.kafka.common.telemetry.internals.ClientTelemetryReporter
2025-12-10 06:10:58.782 [commons-pool-evictor] INFO  o.a.kafka.common.metrics.Metrics - Metrics reporters closed
2025-12-10 06:10:58.784 [commons-pool-evictor] INFO  o.a.kafka.common.utils.AppInfoParser - App info kafka.consumer for consumer-spark-kafka-source-43fffd83-d95f-4bf0-b9df-74d6a29c4095-1616614700-executor-78 unregistered
2025-12-10 06:10:58.785 [commons-pool-evictor] INFO  o.a.k.c.c.i.ConsumerCoordinator - [Consumer clientId=consumer-spark-kafka-source-43fffd83-d95f-4bf0-b9df-74d6a29c4095-1616614700-executor-76, groupId=spark-kafka-source-43fffd83-d95f-4bf0-b9df-74d6a29c4095-1616614700-executor] Resetting generation and member id due to: consumer pro-actively leaving the group
2025-12-10 06:10:58.785 [commons-pool-evictor] INFO  o.a.k.c.c.i.ConsumerCoordinator - [Consumer clientId=consumer-spark-kafka-source-43fffd83-d95f-4bf0-b9df-74d6a29c4095-1616614700-executor-76, groupId=spark-kafka-source-43fffd83-d95f-4bf0-b9df-74d6a29c4095-1616614700-executor] Request joining group due to: consumer pro-actively leaving the group
2025-12-10 06:10:58.802 [commons-pool-evictor] INFO  o.a.kafka.common.metrics.Metrics - Metrics scheduler closed
2025-12-10 06:10:58.802 [commons-pool-evictor] INFO  o.a.kafka.common.metrics.Metrics - Closing reporter org.apache.kafka.common.metrics.JmxReporter
2025-12-10 06:10:58.802 [commons-pool-evictor] INFO  o.a.kafka.common.metrics.Metrics - Closing reporter org.apache.kafka.common.telemetry.internals.ClientTelemetryReporter
2025-12-10 06:10:58.802 [commons-pool-evictor] INFO  o.a.kafka.common.metrics.Metrics - Metrics reporters closed
2025-12-10 06:10:58.803 [commons-pool-evictor] INFO  o.a.kafka.common.utils.AppInfoParser - App info kafka.consumer for consumer-spark-kafka-source-43fffd83-d95f-4bf0-b9df-74d6a29c4095-1616614700-executor-76 unregistered
2025-12-10 06:10:58.804 [commons-pool-evictor] INFO  o.a.k.c.c.i.ConsumerCoordinator - [Consumer clientId=consumer-spark-kafka-source-43fffd83-d95f-4bf0-b9df-74d6a29c4095-1616614700-executor-77, groupId=spark-kafka-source-43fffd83-d95f-4bf0-b9df-74d6a29c4095-1616614700-executor] Resetting generation and member id due to: consumer pro-actively leaving the group
2025-12-10 06:10:58.804 [commons-pool-evictor] INFO  o.a.k.c.c.i.ConsumerCoordinator - [Consumer clientId=consumer-spark-kafka-source-43fffd83-d95f-4bf0-b9df-74d6a29c4095-1616614700-executor-77, groupId=spark-kafka-source-43fffd83-d95f-4bf0-b9df-74d6a29c4095-1616614700-executor] Request joining group due to: consumer pro-actively leaving the group
2025-12-10 06:10:58.809 [commons-pool-evictor] INFO  o.a.kafka.common.metrics.Metrics - Metrics scheduler closed
2025-12-10 06:10:58.809 [commons-pool-evictor] INFO  o.a.kafka.common.metrics.Metrics - Closing reporter org.apache.kafka.common.metrics.JmxReporter
2025-12-10 06:10:58.809 [commons-pool-evictor] INFO  o.a.kafka.common.metrics.Metrics - Closing reporter org.apache.kafka.common.telemetry.internals.ClientTelemetryReporter
2025-12-10 06:10:58.809 [commons-pool-evictor] INFO  o.a.kafka.common.metrics.Metrics - Metrics reporters closed
2025-12-10 06:10:58.810 [commons-pool-evictor] INFO  o.a.kafka.common.utils.AppInfoParser - App info kafka.consumer for consumer-spark-kafka-source-43fffd83-d95f-4bf0-b9df-74d6a29c4095-1616614700-executor-77 unregistered
2025-12-10 06:11:01.614 [stream execution thread for [id = c98990cc-c81f-4832-8c6b-0d6f877e43cb, runId = a9de8f77-4dec-465f-afdb-7826313ae329]] WARN  o.a.s.s.e.s.ProcessingTimeExecutor - Current batch is falling behind. The trigger interval is 900000 milliseconds, but spent 10064536 milliseconds
2025-12-10 06:27:49.657 [dispatcher-BlockManagerMaster] ERROR org.apache.spark.rpc.netty.Inbox - Ignoring error
org.apache.spark.SparkException: Exception thrown in awaitResult: 
	at org.apache.spark.util.SparkThreadUtils$.awaitResult(SparkThreadUtils.scala:56)
	at org.apache.spark.util.ThreadUtils$.awaitResult(ThreadUtils.scala:310)
	at org.apache.spark.rpc.RpcTimeout.awaitResult(RpcTimeout.scala:75)
	at org.apache.spark.rpc.RpcEnv.setupEndpointRefByURI(RpcEnv.scala:102)
	at org.apache.spark.rpc.RpcEnv.setupEndpointRef(RpcEnv.scala:110)
	at org.apache.spark.util.RpcUtils$.makeDriverRef(RpcUtils.scala:36)
	at org.apache.spark.storage.BlockManagerMasterEndpoint.driverEndpoint$lzycompute(BlockManagerMasterEndpoint.scala:124)
	at org.apache.spark.storage.BlockManagerMasterEndpoint.org$apache$spark$storage$BlockManagerMasterEndpoint$$driverEndpoint(BlockManagerMasterEndpoint.scala:123)
	at org.apache.spark.storage.BlockManagerMasterEndpoint.isExecutorAlive$lzycompute$1(BlockManagerMasterEndpoint.scala:688)
	at org.apache.spark.storage.BlockManagerMasterEndpoint.isExecutorAlive$1(BlockManagerMasterEndpoint.scala:687)
	at org.apache.spark.storage.BlockManagerMasterEndpoint.org$apache$spark$storage$BlockManagerMasterEndpoint$$register(BlockManagerMasterEndpoint.scala:725)
	at org.apache.spark.storage.BlockManagerMasterEndpoint$$anonfun$receiveAndReply$1.applyOrElse(BlockManagerMasterEndpoint.scala:133)
	at org.apache.spark.rpc.netty.Inbox.$anonfun$process$1(Inbox.scala:103)
	at org.apache.spark.rpc.netty.Inbox.safelyCall(Inbox.scala:213)
	at org.apache.spark.rpc.netty.Inbox.process(Inbox.scala:100)
	at org.apache.spark.rpc.netty.MessageLoop.org$apache$spark$rpc$netty$MessageLoop$$receiveLoop(MessageLoop.scala:75)
	at org.apache.spark.rpc.netty.MessageLoop$$anon$1.run(MessageLoop.scala:41)
	at java.base/java.util.concurrent.ThreadPoolExecutor.runWorker(ThreadPoolExecutor.java:1128)
	at java.base/java.util.concurrent.ThreadPoolExecutor$Worker.run(ThreadPoolExecutor.java:628)
	at java.base/java.lang.Thread.run(Thread.java:829)
Caused by: org.apache.spark.rpc.RpcEndpointNotFoundException: Cannot find endpoint: spark://CoarseGrainedScheduler@172.16.26.142:59279
	at org.apache.spark.rpc.netty.NettyRpcEnv.$anonfun$asyncSetupEndpointRefByURI$1(NettyRpcEnv.scala:148)
	at org.apache.spark.rpc.netty.NettyRpcEnv.$anonfun$asyncSetupEndpointRefByURI$1$adapted(NettyRpcEnv.scala:144)
	at scala.concurrent.Future.$anonfun$flatMap$1(Future.scala:307)
	at scala.concurrent.impl.Promise.$anonfun$transformWith$1(Promise.scala:41)
	at scala.concurrent.impl.CallbackRunnable.run(Promise.scala:64)
	at org.apache.spark.util.ThreadUtils$$anon$1.execute(ThreadUtils.scala:99)
	at scala.concurrent.impl.ExecutionContextImpl$$anon$4.execute(ExecutionContextImpl.scala:138)
	at scala.concurrent.impl.CallbackRunnable.executeWithValue(Promise.scala:72)
	at scala.concurrent.impl.Promise$DefaultPromise.$anonfun$tryComplete$1(Promise.scala:288)
	at scala.concurrent.impl.Promise$DefaultPromise.$anonfun$tryComplete$1$adapted(Promise.scala:288)
	at scala.concurrent.impl.Promise$DefaultPromise.tryComplete(Promise.scala:288)
	at scala.concurrent.Promise.complete(Promise.scala:53)
	at scala.concurrent.Promise.complete$(Promise.scala:52)
	at scala.concurrent.impl.Promise$DefaultPromise.complete(Promise.scala:187)
	at scala.concurrent.impl.Promise.$anonfun$transform$1(Promise.scala:33)
	at scala.concurrent.impl.CallbackRunnable.run(Promise.scala:64)
	at org.apache.spark.util.ThreadUtils$$anon$1.execute(ThreadUtils.scala:99)
	at scala.concurrent.impl.ExecutionContextImpl$$anon$4.execute(ExecutionContextImpl.scala:138)
	at scala.concurrent.impl.CallbackRunnable.executeWithValue(Promise.scala:72)
	at scala.concurrent.impl.Promise$DefaultPromise.$anonfun$tryComplete$1(Promise.scala:288)
	at scala.concurrent.impl.Promise$DefaultPromise.$anonfun$tryComplete$1$adapted(Promise.scala:288)
	at scala.concurrent.impl.Promise$DefaultPromise.tryComplete(Promise.scala:288)
	at scala.concurrent.Promise.complete(Promise.scala:53)
	at scala.concurrent.Promise.complete$(Promise.scala:52)
	at scala.concurrent.impl.Promise$DefaultPromise.complete(Promise.scala:187)
	at scala.concurrent.impl.Promise.$anonfun$transform$1(Promise.scala:33)
	at scala.concurrent.impl.CallbackRunnable.run(Promise.scala:64)
	at scala.concurrent.BatchingExecutor$Batch.processBatch$1(BatchingExecutor.scala:67)
	at scala.concurrent.BatchingExecutor$Batch.$anonfun$run$1(BatchingExecutor.scala:82)
	at scala.runtime.java8.JFunction0$mcV$sp.apply(JFunction0$mcV$sp.java:23)
	at scala.concurrent.BlockContext$.withBlockContext(BlockContext.scala:85)
	at scala.concurrent.BatchingExecutor$Batch.run(BatchingExecutor.scala:59)
	at scala.concurrent.Future$InternalCallbackExecutor$.unbatchedExecute(Future.scala:875)
	at scala.concurrent.BatchingExecutor.execute(BatchingExecutor.scala:110)
	at scala.concurrent.BatchingExecutor.execute$(BatchingExecutor.scala:107)
	at scala.concurrent.Future$InternalCallbackExecutor$.execute(Future.scala:873)
	at scala.concurrent.impl.CallbackRunnable.executeWithValue(Promise.scala:72)
	at scala.concurrent.impl.Promise$DefaultPromise.$anonfun$tryComplete$1(Promise.scala:288)
	at scala.concurrent.impl.Promise$DefaultPromise.$anonfun$tryComplete$1$adapted(Promise.scala:288)
	at scala.concurrent.impl.Promise$DefaultPromise.tryComplete(Promise.scala:288)
	at scala.concurrent.Promise.trySuccess(Promise.scala:94)
	at scala.concurrent.Promise.trySuccess$(Promise.scala:94)
	at scala.concurrent.impl.Promise$DefaultPromise.trySuccess(Promise.scala:187)
	at org.apache.spark.rpc.netty.NettyRpcEnv.onSuccess$1(NettyRpcEnv.scala:225)
	at org.apache.spark.rpc.netty.NettyRpcEnv.$anonfun$askAbortable$5(NettyRpcEnv.scala:239)
	at org.apache.spark.rpc.netty.NettyRpcEnv.$anonfun$askAbortable$5$adapted(NettyRpcEnv.scala:238)
	at scala.concurrent.impl.CallbackRunnable.run(Promise.scala:64)
	at org.apache.spark.util.ThreadUtils$$anon$1.execute(ThreadUtils.scala:99)
	at scala.concurrent.impl.ExecutionContextImpl$$anon$4.execute(ExecutionContextImpl.scala:138)
	at scala.concurrent.impl.CallbackRunnable.executeWithValue(Promise.scala:72)
	at scala.concurrent.impl.Promise$DefaultPromise.$anonfun$tryComplete$1(Promise.scala:288)
	at scala.concurrent.impl.Promise$DefaultPromise.$anonfun$tryComplete$1$adapted(Promise.scala:288)
	at scala.concurrent.impl.Promise$DefaultPromise.tryComplete(Promise.scala:288)
	at scala.concurrent.Promise.complete(Promise.scala:53)
	at scala.concurrent.Promise.complete$(Promise.scala:52)
	at scala.concurrent.impl.Promise$DefaultPromise.complete(Promise.scala:187)
	at scala.concurrent.Promise.success(Promise.scala:86)
	at scala.concurrent.Promise.success$(Promise.scala:86)
	at scala.concurrent.impl.Promise$DefaultPromise.success(Promise.scala:187)
	at org.apache.spark.rpc.netty.LocalNettyRpcCallContext.send(NettyRpcCallContext.scala:50)
	at org.apache.spark.rpc.netty.NettyRpcCallContext.reply(NettyRpcCallContext.scala:32)
	at org.apache.spark.rpc.netty.RpcEndpointVerifier$$anonfun$receiveAndReply$1.applyOrElse(RpcEndpointVerifier.scala:31)
	... 8 common frames omitted
2025-12-10 06:27:49.657 [executor-heartbeater] WARN  org.apache.spark.executor.Executor - Issue communicating with driver in heartbeater
org.apache.spark.SparkException: Exception thrown in awaitResult: 
	at org.apache.spark.util.SparkThreadUtils$.awaitResult(SparkThreadUtils.scala:56)
	at org.apache.spark.util.ThreadUtils$.awaitResult(ThreadUtils.scala:310)
	at org.apache.spark.rpc.RpcTimeout.awaitResult(RpcTimeout.scala:75)
	at org.apache.spark.rpc.RpcEndpointRef.askSync(RpcEndpointRef.scala:101)
	at org.apache.spark.rpc.RpcEndpointRef.askSync(RpcEndpointRef.scala:85)
	at org.apache.spark.storage.BlockManagerMaster.registerBlockManager(BlockManagerMaster.scala:80)
	at org.apache.spark.storage.BlockManager.reregister(BlockManager.scala:642)
	at org.apache.spark.executor.Executor.reportHeartBeat(Executor.scala:1223)
	at org.apache.spark.executor.Executor.$anonfun$heartbeater$1(Executor.scala:295)
	at scala.runtime.java8.JFunction0$mcV$sp.apply(JFunction0$mcV$sp.java:23)
	at org.apache.spark.util.Utils$.logUncaughtExceptions(Utils.scala:1928)
	at org.apache.spark.Heartbeater$$anon$1.run(Heartbeater.scala:46)
	at java.base/java.util.concurrent.Executors$RunnableAdapter.call(Executors.java:515)
	at java.base/java.util.concurrent.FutureTask.runAndReset(FutureTask.java:305)
	at java.base/java.util.concurrent.ScheduledThreadPoolExecutor$ScheduledFutureTask.run(ScheduledThreadPoolExecutor.java:305)
	at java.base/java.util.concurrent.ThreadPoolExecutor.runWorker(ThreadPoolExecutor.java:1128)
	at java.base/java.util.concurrent.ThreadPoolExecutor$Worker.run(ThreadPoolExecutor.java:628)
	at java.base/java.lang.Thread.run(Thread.java:829)
Caused by: org.apache.spark.SparkException: Exception thrown in awaitResult: 
	at org.apache.spark.util.SparkThreadUtils$.awaitResult(SparkThreadUtils.scala:56)
	at org.apache.spark.util.ThreadUtils$.awaitResult(ThreadUtils.scala:310)
	at org.apache.spark.rpc.RpcTimeout.awaitResult(RpcTimeout.scala:75)
	at org.apache.spark.rpc.RpcEnv.setupEndpointRefByURI(RpcEnv.scala:102)
	at org.apache.spark.rpc.RpcEnv.setupEndpointRef(RpcEnv.scala:110)
	at org.apache.spark.util.RpcUtils$.makeDriverRef(RpcUtils.scala:36)
	at org.apache.spark.storage.BlockManagerMasterEndpoint.driverEndpoint$lzycompute(BlockManagerMasterEndpoint.scala:124)
	at org.apache.spark.storage.BlockManagerMasterEndpoint.org$apache$spark$storage$BlockManagerMasterEndpoint$$driverEndpoint(BlockManagerMasterEndpoint.scala:123)
	at org.apache.spark.storage.BlockManagerMasterEndpoint.isExecutorAlive$lzycompute$1(BlockManagerMasterEndpoint.scala:688)
	at org.apache.spark.storage.BlockManagerMasterEndpoint.isExecutorAlive$1(BlockManagerMasterEndpoint.scala:687)
	at org.apache.spark.storage.BlockManagerMasterEndpoint.org$apache$spark$storage$BlockManagerMasterEndpoint$$register(BlockManagerMasterEndpoint.scala:725)
	at org.apache.spark.storage.BlockManagerMasterEndpoint$$anonfun$receiveAndReply$1.applyOrElse(BlockManagerMasterEndpoint.scala:133)
	at org.apache.spark.rpc.netty.Inbox.$anonfun$process$1(Inbox.scala:103)
	at org.apache.spark.rpc.netty.Inbox.safelyCall(Inbox.scala:213)
	at org.apache.spark.rpc.netty.Inbox.process(Inbox.scala:100)
	at org.apache.spark.rpc.netty.MessageLoop.org$apache$spark$rpc$netty$MessageLoop$$receiveLoop(MessageLoop.scala:75)
	at org.apache.spark.rpc.netty.MessageLoop$$anon$1.run(MessageLoop.scala:41)
	... 3 common frames omitted
Caused by: org.apache.spark.rpc.RpcEndpointNotFoundException: Cannot find endpoint: spark://CoarseGrainedScheduler@172.16.26.142:59279
	at org.apache.spark.rpc.netty.NettyRpcEnv.$anonfun$asyncSetupEndpointRefByURI$1(NettyRpcEnv.scala:148)
	at org.apache.spark.rpc.netty.NettyRpcEnv.$anonfun$asyncSetupEndpointRefByURI$1$adapted(NettyRpcEnv.scala:144)
	at scala.concurrent.Future.$anonfun$flatMap$1(Future.scala:307)
	at scala.concurrent.impl.Promise.$anonfun$transformWith$1(Promise.scala:41)
	at scala.concurrent.impl.CallbackRunnable.run(Promise.scala:64)
	at org.apache.spark.util.ThreadUtils$$anon$1.execute(ThreadUtils.scala:99)
	at scala.concurrent.impl.ExecutionContextImpl$$anon$4.execute(ExecutionContextImpl.scala:138)
	at scala.concurrent.impl.CallbackRunnable.executeWithValue(Promise.scala:72)
	at scala.concurrent.impl.Promise$DefaultPromise.$anonfun$tryComplete$1(Promise.scala:288)
	at scala.concurrent.impl.Promise$DefaultPromise.$anonfun$tryComplete$1$adapted(Promise.scala:288)
	at scala.concurrent.impl.Promise$DefaultPromise.tryComplete(Promise.scala:288)
	at scala.concurrent.Promise.complete(Promise.scala:53)
	at scala.concurrent.Promise.complete$(Promise.scala:52)
	at scala.concurrent.impl.Promise$DefaultPromise.complete(Promise.scala:187)
	at scala.concurrent.impl.Promise.$anonfun$transform$1(Promise.scala:33)
	at scala.concurrent.impl.CallbackRunnable.run(Promise.scala:64)
	at org.apache.spark.util.ThreadUtils$$anon$1.execute(ThreadUtils.scala:99)
	at scala.concurrent.impl.ExecutionContextImpl$$anon$4.execute(ExecutionContextImpl.scala:138)
	at scala.concurrent.impl.CallbackRunnable.executeWithValue(Promise.scala:72)
	at scala.concurrent.impl.Promise$DefaultPromise.$anonfun$tryComplete$1(Promise.scala:288)
	at scala.concurrent.impl.Promise$DefaultPromise.$anonfun$tryComplete$1$adapted(Promise.scala:288)
	at scala.concurrent.impl.Promise$DefaultPromise.tryComplete(Promise.scala:288)
	at scala.concurrent.Promise.complete(Promise.scala:53)
	at scala.concurrent.Promise.complete$(Promise.scala:52)
	at scala.concurrent.impl.Promise$DefaultPromise.complete(Promise.scala:187)
	at scala.concurrent.impl.Promise.$anonfun$transform$1(Promise.scala:33)
	at scala.concurrent.impl.CallbackRunnable.run(Promise.scala:64)
	at scala.concurrent.BatchingExecutor$Batch.processBatch$1(BatchingExecutor.scala:67)
	at scala.concurrent.BatchingExecutor$Batch.$anonfun$run$1(BatchingExecutor.scala:82)
	at scala.runtime.java8.JFunction0$mcV$sp.apply(JFunction0$mcV$sp.java:23)
	at scala.concurrent.BlockContext$.withBlockContext(BlockContext.scala:85)
	at scala.concurrent.BatchingExecutor$Batch.run(BatchingExecutor.scala:59)
	at scala.concurrent.Future$InternalCallbackExecutor$.unbatchedExecute(Future.scala:875)
	at scala.concurrent.BatchingExecutor.execute(BatchingExecutor.scala:110)
	at scala.concurrent.BatchingExecutor.execute$(BatchingExecutor.scala:107)
	at scala.concurrent.Future$InternalCallbackExecutor$.execute(Future.scala:873)
	at scala.concurrent.impl.CallbackRunnable.executeWithValue(Promise.scala:72)
	at scala.concurrent.impl.Promise$DefaultPromise.$anonfun$tryComplete$1(Promise.scala:288)
	at scala.concurrent.impl.Promise$DefaultPromise.$anonfun$tryComplete$1$adapted(Promise.scala:288)
	at scala.concurrent.impl.Promise$DefaultPromise.tryComplete(Promise.scala:288)
	at scala.concurrent.Promise.trySuccess(Promise.scala:94)
	at scala.concurrent.Promise.trySuccess$(Promise.scala:94)
	at scala.concurrent.impl.Promise$DefaultPromise.trySuccess(Promise.scala:187)
	at org.apache.spark.rpc.netty.NettyRpcEnv.onSuccess$1(NettyRpcEnv.scala:225)
	at org.apache.spark.rpc.netty.NettyRpcEnv.$anonfun$askAbortable$5(NettyRpcEnv.scala:239)
	at org.apache.spark.rpc.netty.NettyRpcEnv.$anonfun$askAbortable$5$adapted(NettyRpcEnv.scala:238)
	at scala.concurrent.impl.CallbackRunnable.run(Promise.scala:64)
	at org.apache.spark.util.ThreadUtils$$anon$1.execute(ThreadUtils.scala:99)
	at scala.concurrent.impl.ExecutionContextImpl$$anon$4.execute(ExecutionContextImpl.scala:138)
	at scala.concurrent.impl.CallbackRunnable.executeWithValue(Promise.scala:72)
	at scala.concurrent.impl.Promise$DefaultPromise.$anonfun$tryComplete$1(Promise.scala:288)
	at scala.concurrent.impl.Promise$DefaultPromise.$anonfun$tryComplete$1$adapted(Promise.scala:288)
	at scala.concurrent.impl.Promise$DefaultPromise.tryComplete(Promise.scala:288)
	at scala.concurrent.Promise.complete(Promise.scala:53)
	at scala.concurrent.Promise.complete$(Promise.scala:52)
	at scala.concurrent.impl.Promise$DefaultPromise.complete(Promise.scala:187)
	at scala.concurrent.Promise.success(Promise.scala:86)
	at scala.concurrent.Promise.success$(Promise.scala:86)
	at scala.concurrent.impl.Promise$DefaultPromise.success(Promise.scala:187)
	at org.apache.spark.rpc.netty.LocalNettyRpcCallContext.send(NettyRpcCallContext.scala:50)
	at org.apache.spark.rpc.netty.NettyRpcCallContext.reply(NettyRpcCallContext.scala:32)
	at org.apache.spark.rpc.netty.RpcEndpointVerifier$$anonfun$receiveAndReply$1.applyOrElse(RpcEndpointVerifier.scala:31)
	... 8 common frames omitted
2025-12-10 06:27:50.231 [stream execution thread for [id = c98990cc-c81f-4832-8c6b-0d6f877e43cb, runId = a9de8f77-4dec-465f-afdb-7826313ae329]] ERROR o.a.s.s.e.s.MicroBatchExecution - Query [id = c98990cc-c81f-4832-8c6b-0d6f877e43cb, runId = a9de8f77-4dec-465f-afdb-7826313ae329] terminated with error
java.nio.file.AccessDeniedException: s3a://dataengtrain8790/pipelineC/checkpoint/offsets/30: getFileStatus on s3a://dataengtrain8790/pipelineC/checkpoint/offsets/30: com.amazonaws.services.s3.model.AmazonS3Exception: Forbidden (Service: Amazon S3; Status Code: 403; Error Code: 403 Forbidden; Request ID: CXFRHCZSEMEDZW3N; S3 Extended Request ID: ElKuw7FPjCqatJ0yNxLJT1ouRQ6GHX18bwPQuavIzqCgwo1SvVClKi0ZOW1aonNP2+SS03ZtUl0=; Proxy: null), S3 Extended Request ID: ElKuw7FPjCqatJ0yNxLJT1ouRQ6GHX18bwPQuavIzqCgwo1SvVClKi0ZOW1aonNP2+SS03ZtUl0=:403 Forbidden
	at org.apache.hadoop.fs.s3a.S3AUtils.translateException(S3AUtils.java:249)
	at org.apache.hadoop.fs.s3a.S3AUtils.translateException(S3AUtils.java:170)
	at org.apache.hadoop.fs.s3a.S3AFileSystem.s3GetFileStatus(S3AFileSystem.java:3286)
	at org.apache.hadoop.fs.s3a.S3AFileSystem.innerGetFileStatus(S3AFileSystem.java:3185)
	at org.apache.hadoop.fs.s3a.S3AFileSystem.getFileStatus(S3AFileSystem.java:3053)
	at org.apache.hadoop.fs.DelegateToFileSystem.getFileStatus(DelegateToFileSystem.java:128)
	at org.apache.hadoop.fs.FileContext$15.next(FileContext.java:1247)
	at org.apache.hadoop.fs.FileContext$15.next(FileContext.java:1243)
	at org.apache.hadoop.fs.FSLinkResolver.resolve(FSLinkResolver.java:90)
	at org.apache.hadoop.fs.FileContext.getFileStatus(FileContext.java:1249)
	at org.apache.hadoop.fs.FileContext$Util.exists(FileContext.java:1747)
	at org.apache.spark.sql.execution.streaming.AbstractFileContextBasedCheckpointFileManager.exists(CheckpointFileManager.scala:327)
	at org.apache.spark.sql.execution.streaming.HDFSMetadataLog.addNewBatchByStream(HDFSMetadataLog.scala:234)
	at org.apache.spark.sql.execution.streaming.HDFSMetadataLog.add(HDFSMetadataLog.scala:130)
	at org.apache.spark.sql.execution.streaming.MicroBatchExecution.markMicroBatchStart(MicroBatchExecution.scala:764)
	at org.apache.spark.sql.execution.streaming.MicroBatchExecution.$anonfun$constructNextBatch$13(MicroBatchExecution.scala:536)
	at scala.runtime.java8.JFunction0$mcV$sp.apply(JFunction0$mcV$sp.java:23)
	at org.apache.spark.sql.execution.streaming.ProgressReporter.reportTimeTaken(ProgressReporter.scala:427)
	at org.apache.spark.sql.execution.streaming.ProgressReporter.reportTimeTaken$(ProgressReporter.scala:425)
	at org.apache.spark.sql.execution.streaming.StreamExecution.reportTimeTaken(StreamExecution.scala:67)
	at org.apache.spark.sql.execution.streaming.MicroBatchExecution.$anonfun$constructNextBatch$1(MicroBatchExecution.scala:535)
	at scala.runtime.java8.JFunction0$mcZ$sp.apply(JFunction0$mcZ$sp.java:23)
	at org.apache.spark.sql.execution.streaming.MicroBatchExecution.withProgressLocked(MicroBatchExecution.scala:810)
	at org.apache.spark.sql.execution.streaming.MicroBatchExecution.constructNextBatch(MicroBatchExecution.scala:475)
	at org.apache.spark.sql.execution.streaming.MicroBatchExecution.$anonfun$runActivatedStream$2(MicroBatchExecution.scala:268)
	at scala.runtime.java8.JFunction0$mcV$sp.apply(JFunction0$mcV$sp.java:23)
	at org.apache.spark.sql.execution.streaming.ProgressReporter.reportTimeTaken(ProgressReporter.scala:427)
	at org.apache.spark.sql.execution.streaming.ProgressReporter.reportTimeTaken$(ProgressReporter.scala:425)
	at org.apache.spark.sql.execution.streaming.StreamExecution.reportTimeTaken(StreamExecution.scala:67)
	at org.apache.spark.sql.execution.streaming.MicroBatchExecution.$anonfun$runActivatedStream$1(MicroBatchExecution.scala:249)
	at org.apache.spark.sql.execution.streaming.ProcessingTimeExecutor.execute(TriggerExecutor.scala:67)
	at org.apache.spark.sql.execution.streaming.MicroBatchExecution.runActivatedStream(MicroBatchExecution.scala:239)
	at org.apache.spark.sql.execution.streaming.StreamExecution.$anonfun$runStream$1(StreamExecution.scala:311)
	at scala.runtime.java8.JFunction0$mcV$sp.apply(JFunction0$mcV$sp.java:23)
	at org.apache.spark.sql.SparkSession.withActive(SparkSession.scala:900)
	at org.apache.spark.sql.execution.streaming.StreamExecution.org$apache$spark$sql$execution$streaming$StreamExecution$$runStream(StreamExecution.scala:289)
	at org.apache.spark.sql.execution.streaming.StreamExecution$$anon$1.$anonfun$run$1(StreamExecution.scala:211)
	at scala.runtime.java8.JFunction0$mcV$sp.apply(JFunction0$mcV$sp.java:23)
	at org.apache.spark.JobArtifactSet$.withActiveJobArtifactState(JobArtifactSet.scala:94)
	at org.apache.spark.sql.execution.streaming.StreamExecution$$anon$1.run(StreamExecution.scala:211)
Caused by: com.amazonaws.services.s3.model.AmazonS3Exception: Forbidden (Service: Amazon S3; Status Code: 403; Error Code: 403 Forbidden; Request ID: CXFRHCZSEMEDZW3N; S3 Extended Request ID: ElKuw7FPjCqatJ0yNxLJT1ouRQ6GHX18bwPQuavIzqCgwo1SvVClKi0ZOW1aonNP2+SS03ZtUl0=; Proxy: null)
	at com.amazonaws.http.AmazonHttpClient$RequestExecutor.handleErrorResponse(AmazonHttpClient.java:1828)
	at com.amazonaws.http.AmazonHttpClient$RequestExecutor.handleServiceErrorResponse(AmazonHttpClient.java:1412)
	at com.amazonaws.http.AmazonHttpClient$RequestExecutor.executeOneRequest(AmazonHttpClient.java:1374)
	at com.amazonaws.http.AmazonHttpClient$RequestExecutor.executeHelper(AmazonHttpClient.java:1145)
	at com.amazonaws.http.AmazonHttpClient$RequestExecutor.doExecute(AmazonHttpClient.java:802)
	at com.amazonaws.http.AmazonHttpClient$RequestExecutor.executeWithTimer(AmazonHttpClient.java:770)
	at com.amazonaws.http.AmazonHttpClient$RequestExecutor.execute(AmazonHttpClient.java:744)
	at com.amazonaws.http.AmazonHttpClient$RequestExecutor.access$500(AmazonHttpClient.java:704)
	at com.amazonaws.http.AmazonHttpClient$RequestExecutionBuilderImpl.execute(AmazonHttpClient.java:686)
	at com.amazonaws.http.AmazonHttpClient.execute(AmazonHttpClient.java:550)
	at com.amazonaws.http.AmazonHttpClient.execute(AmazonHttpClient.java:530)
	at com.amazonaws.services.s3.AmazonS3Client.invoke(AmazonS3Client.java:5227)
	at com.amazonaws.services.s3.AmazonS3Client.invoke(AmazonS3Client.java:5173)
	at com.amazonaws.services.s3.AmazonS3Client.getObjectMetadata(AmazonS3Client.java:1360)
	at org.apache.hadoop.fs.s3a.S3AFileSystem.lambda$getObjectMetadata$6(S3AFileSystem.java:2066)
	at org.apache.hadoop.fs.s3a.Invoker.retryUntranslated(Invoker.java:412)
	at org.apache.hadoop.fs.s3a.Invoker.retryUntranslated(Invoker.java:375)
	at org.apache.hadoop.fs.s3a.S3AFileSystem.getObjectMetadata(S3AFileSystem.java:2056)
	at org.apache.hadoop.fs.s3a.S3AFileSystem.getObjectMetadata(S3AFileSystem.java:2032)
	at org.apache.hadoop.fs.s3a.S3AFileSystem.s3GetFileStatus(S3AFileSystem.java:3273)
	... 37 common frames omitted
2025-12-10 06:27:50.235 [kafka-admin-client-thread | adminclient-1] INFO  o.a.kafka.common.utils.AppInfoParser - App info kafka.admin.client for adminclient-1 unregistered
2025-12-10 06:27:50.236 [kafka-admin-client-thread | adminclient-1] INFO  o.a.kafka.common.metrics.Metrics - Metrics scheduler closed
2025-12-10 06:27:50.236 [kafka-admin-client-thread | adminclient-1] INFO  o.a.kafka.common.metrics.Metrics - Closing reporter org.apache.kafka.common.metrics.JmxReporter
2025-12-10 06:27:50.236 [kafka-admin-client-thread | adminclient-1] INFO  o.a.kafka.common.metrics.Metrics - Metrics reporters closed
2025-12-10 06:27:50.710 [shutdown-hook-0] INFO  o.s.jetty.server.AbstractConnector - Stopped Spark@5a45f671{HTTP/1.1, (http/1.1)}{0.0.0.0:4040}
2025-12-10 06:27:50.806 [Thread-2] ERROR o.apache.hadoop.conf.Configuration - error parsing conf core-default.xml
java.nio.file.NoSuchFileException: /Users/racit/Documents/sparkProject/pipeline-c-customer-profile/target/bg-jobs/sbt_5a6a8cd4/target/53fdf465/2328f86a/hadoop-common-3.3.1.jar
	at java.base/sun.nio.fs.UnixException.translateToIOException(UnixException.java:92)
	at java.base/sun.nio.fs.UnixException.rethrowAsIOException(UnixException.java:111)
	at java.base/sun.nio.fs.UnixException.rethrowAsIOException(UnixException.java:116)
	at java.base/sun.nio.fs.UnixFileAttributeViews$Basic.readAttributes(UnixFileAttributeViews.java:55)
	at java.base/sun.nio.fs.UnixFileSystemProvider.readAttributes(UnixFileSystemProvider.java:149)
	at java.base/java.nio.file.Files.readAttributes(Files.java:1764)
	at java.base/java.util.zip.ZipFile$Source.get(ZipFile.java:1420)
	at java.base/java.util.zip.ZipFile$CleanableResource.<init>(ZipFile.java:841)
	at java.base/java.util.zip.ZipFile$CleanableResource$FinalizableResource.<init>(ZipFile.java:867)
	at java.base/java.util.zip.ZipFile$CleanableResource.get(ZipFile.java:856)
	at java.base/java.util.zip.ZipFile.<init>(ZipFile.java:258)
	at java.base/java.util.zip.ZipFile.<init>(ZipFile.java:187)
	at java.base/java.util.jar.JarFile.<init>(JarFile.java:348)
	at java.base/sun.net.www.protocol.jar.URLJarFile.<init>(URLJarFile.java:103)
	at java.base/sun.net.www.protocol.jar.URLJarFile.getJarFile(URLJarFile.java:72)
	at java.base/sun.net.www.protocol.jar.JarFileFactory.get(JarFileFactory.java:99)
	at java.base/sun.net.www.protocol.jar.JarURLConnection.connect(JarURLConnection.java:125)
	at java.base/sun.net.www.protocol.jar.JarURLConnection.getInputStream(JarURLConnection.java:155)
	at org.apache.hadoop.conf.Configuration.parse(Configuration.java:2986)
	at org.apache.hadoop.conf.Configuration.getStreamReader(Configuration.java:3082)
	at org.apache.hadoop.conf.Configuration.loadResource(Configuration.java:3040)
	at org.apache.hadoop.conf.Configuration.loadResources(Configuration.java:3013)
	at org.apache.hadoop.conf.Configuration.loadProps(Configuration.java:2893)
	at org.apache.hadoop.conf.Configuration.getProps(Configuration.java:2875)
	at org.apache.hadoop.conf.Configuration.get(Configuration.java:1225)
	at org.apache.hadoop.conf.Configuration.getTimeDuration(Configuration.java:1842)
	at org.apache.hadoop.conf.Configuration.getTimeDuration(Configuration.java:1819)
	at org.apache.hadoop.util.ShutdownHookManager.getShutdownTimeout(ShutdownHookManager.java:183)
	at org.apache.hadoop.util.ShutdownHookManager.shutdownExecutor(ShutdownHookManager.java:145)
	at org.apache.hadoop.util.ShutdownHookManager.access$300(ShutdownHookManager.java:65)
	at org.apache.hadoop.util.ShutdownHookManager$1.run(ShutdownHookManager.java:102)
