2025-12-12 03:32:02.025 [sbt-bg-threads-1] INFO  TransactionSummaryJob$ - ╔════════════════════════════════════════════════════════════╗
2025-12-12 03:32:02.029 [sbt-bg-threads-1] INFO  TransactionSummaryJob$ - ║        PIPELINE B: DAILY TRANSACTION SUMMARY               ║
2025-12-12 03:32:02.029 [sbt-bg-threads-1] INFO  TransactionSummaryJob$ - ║        MySQL → Parquet (Batch, Scheduled Daily)            ║
2025-12-12 03:32:02.029 [sbt-bg-threads-1] INFO  TransactionSummaryJob$ - ╚════════════════════════════════════════════════════════════╝
2025-12-12 03:32:02.030 [sbt-bg-threads-1] INFO  util.SparkSessionFactory$ - ╔════════════════════════════════════════════════════════════╗
2025-12-12 03:32:02.030 [sbt-bg-threads-1] INFO  util.SparkSessionFactory$ - ║    Creating Spark Session for Pipeline B                   ║
2025-12-12 03:32:02.030 [sbt-bg-threads-1] INFO  util.SparkSessionFactory$ - ╚════════════════════════════════════════════════════════════╝
2025-12-12 03:32:07.489 [sbt-bg-threads-1] WARN  o.a.hadoop.util.NativeCodeLoader - Unable to load native-hadoop library for your platform... using builtin-java classes where applicable
2025-12-12 03:32:07.760 [sbt-bg-threads-1] INFO  org.sparkproject.jetty.util.log - Logging initialized @16623ms to org.sparkproject.jetty.util.log.Slf4jLog
2025-12-12 03:32:07.803 [sbt-bg-threads-1] INFO  o.sparkproject.jetty.server.Server - jetty-9.4.52.v20230823; built: 2023-08-23T19:29:37.669Z; git: abdcda73818a1a2c705da276edb0bf6581e7997e; jvm 11.0.29+0
2025-12-12 03:32:07.812 [sbt-bg-threads-1] INFO  o.sparkproject.jetty.server.Server - Started @16676ms
2025-12-12 03:32:07.823 [sbt-bg-threads-1] WARN  org.apache.spark.util.Utils - Service 'SparkUI' could not bind on port 4040. Attempting port 4041.
2025-12-12 03:32:07.826 [sbt-bg-threads-1] INFO  o.s.jetty.server.AbstractConnector - Started ServerConnector@1129c56d{HTTP/1.1, (http/1.1)}{0.0.0.0:4041}
2025-12-12 03:32:07.837 [sbt-bg-threads-1] INFO  o.s.j.server.handler.ContextHandler - Started o.s.j.s.ServletContextHandler@5947f75d{/,null,AVAILABLE,@Spark}
2025-12-12 03:32:08.020 [sbt-bg-threads-1] INFO  o.s.j.server.handler.ContextHandler - Stopped o.s.j.s.ServletContextHandler@5947f75d{/,null,STOPPED,@Spark}
2025-12-12 03:32:08.021 [sbt-bg-threads-1] INFO  o.s.j.server.handler.ContextHandler - Started o.s.j.s.ServletContextHandler@7acea99e{/jobs,null,AVAILABLE,@Spark}
2025-12-12 03:32:08.021 [sbt-bg-threads-1] INFO  o.s.j.server.handler.ContextHandler - Started o.s.j.s.ServletContextHandler@326b28cb{/jobs/json,null,AVAILABLE,@Spark}
2025-12-12 03:32:08.022 [sbt-bg-threads-1] INFO  o.s.j.server.handler.ContextHandler - Started o.s.j.s.ServletContextHandler@6bbdd5a9{/jobs/job,null,AVAILABLE,@Spark}
2025-12-12 03:32:08.023 [sbt-bg-threads-1] INFO  o.s.j.server.handler.ContextHandler - Started o.s.j.s.ServletContextHandler@a242de5{/jobs/job/json,null,AVAILABLE,@Spark}
2025-12-12 03:32:08.023 [sbt-bg-threads-1] INFO  o.s.j.server.handler.ContextHandler - Started o.s.j.s.ServletContextHandler@53d6e0b0{/stages,null,AVAILABLE,@Spark}
2025-12-12 03:32:08.023 [sbt-bg-threads-1] INFO  o.s.j.server.handler.ContextHandler - Started o.s.j.s.ServletContextHandler@3b060761{/stages/json,null,AVAILABLE,@Spark}
2025-12-12 03:32:08.024 [sbt-bg-threads-1] INFO  o.s.j.server.handler.ContextHandler - Started o.s.j.s.ServletContextHandler@622d22e0{/stages/stage,null,AVAILABLE,@Spark}
2025-12-12 03:32:08.025 [sbt-bg-threads-1] INFO  o.s.j.server.handler.ContextHandler - Started o.s.j.s.ServletContextHandler@5802f091{/stages/stage/json,null,AVAILABLE,@Spark}
2025-12-12 03:32:08.025 [sbt-bg-threads-1] INFO  o.s.j.server.handler.ContextHandler - Started o.s.j.s.ServletContextHandler@599d28ad{/stages/pool,null,AVAILABLE,@Spark}
2025-12-12 03:32:08.025 [sbt-bg-threads-1] INFO  o.s.j.server.handler.ContextHandler - Started o.s.j.s.ServletContextHandler@53ccd56e{/stages/pool/json,null,AVAILABLE,@Spark}
2025-12-12 03:32:08.026 [sbt-bg-threads-1] INFO  o.s.j.server.handler.ContextHandler - Started o.s.j.s.ServletContextHandler@506a5c2a{/storage,null,AVAILABLE,@Spark}
2025-12-12 03:32:08.026 [sbt-bg-threads-1] INFO  o.s.j.server.handler.ContextHandler - Started o.s.j.s.ServletContextHandler@5048cdd8{/storage/json,null,AVAILABLE,@Spark}
2025-12-12 03:32:08.026 [sbt-bg-threads-1] INFO  o.s.j.server.handler.ContextHandler - Started o.s.j.s.ServletContextHandler@2473f08f{/storage/rdd,null,AVAILABLE,@Spark}
2025-12-12 03:32:08.027 [sbt-bg-threads-1] INFO  o.s.j.server.handler.ContextHandler - Started o.s.j.s.ServletContextHandler@7f1495f{/storage/rdd/json,null,AVAILABLE,@Spark}
2025-12-12 03:32:08.027 [sbt-bg-threads-1] INFO  o.s.j.server.handler.ContextHandler - Started o.s.j.s.ServletContextHandler@49a90a4f{/environment,null,AVAILABLE,@Spark}
2025-12-12 03:32:08.028 [sbt-bg-threads-1] INFO  o.s.j.server.handler.ContextHandler - Started o.s.j.s.ServletContextHandler@5e413738{/environment/json,null,AVAILABLE,@Spark}
2025-12-12 03:32:08.028 [sbt-bg-threads-1] INFO  o.s.j.server.handler.ContextHandler - Started o.s.j.s.ServletContextHandler@6dfd376{/executors,null,AVAILABLE,@Spark}
2025-12-12 03:32:08.028 [sbt-bg-threads-1] INFO  o.s.j.server.handler.ContextHandler - Started o.s.j.s.ServletContextHandler@3b507c22{/executors/json,null,AVAILABLE,@Spark}
2025-12-12 03:32:08.029 [sbt-bg-threads-1] INFO  o.s.j.server.handler.ContextHandler - Started o.s.j.s.ServletContextHandler@6e318c81{/executors/threadDump,null,AVAILABLE,@Spark}
2025-12-12 03:32:08.029 [sbt-bg-threads-1] INFO  o.s.j.server.handler.ContextHandler - Started o.s.j.s.ServletContextHandler@41232130{/executors/threadDump/json,null,AVAILABLE,@Spark}
2025-12-12 03:32:08.030 [sbt-bg-threads-1] INFO  o.s.j.server.handler.ContextHandler - Started o.s.j.s.ServletContextHandler@58a8b906{/executors/heapHistogram,null,AVAILABLE,@Spark}
2025-12-12 03:32:08.030 [sbt-bg-threads-1] INFO  o.s.j.server.handler.ContextHandler - Started o.s.j.s.ServletContextHandler@2ec4ac34{/executors/heapHistogram/json,null,AVAILABLE,@Spark}
2025-12-12 03:32:08.035 [sbt-bg-threads-1] INFO  o.s.j.server.handler.ContextHandler - Started o.s.j.s.ServletContextHandler@721dd7b0{/static,null,AVAILABLE,@Spark}
2025-12-12 03:32:08.036 [sbt-bg-threads-1] INFO  o.s.j.server.handler.ContextHandler - Started o.s.j.s.ServletContextHandler@8981b04{/,null,AVAILABLE,@Spark}
2025-12-12 03:32:08.037 [sbt-bg-threads-1] INFO  o.s.j.server.handler.ContextHandler - Started o.s.j.s.ServletContextHandler@735384c4{/api,null,AVAILABLE,@Spark}
2025-12-12 03:32:08.038 [sbt-bg-threads-1] INFO  o.s.j.server.handler.ContextHandler - Started o.s.j.s.ServletContextHandler@2009966f{/jobs/job/kill,null,AVAILABLE,@Spark}
2025-12-12 03:32:08.038 [sbt-bg-threads-1] INFO  o.s.j.server.handler.ContextHandler - Started o.s.j.s.ServletContextHandler@2f5c9f2c{/stages/stage/kill,null,AVAILABLE,@Spark}
2025-12-12 03:32:08.040 [sbt-bg-threads-1] INFO  o.s.j.server.handler.ContextHandler - Started o.s.j.s.ServletContextHandler@5081071b{/metrics/json,null,AVAILABLE,@Spark}
2025-12-12 03:32:08.179 [sbt-bg-threads-1] INFO  util.SparkSessionFactory$ - Spark version: 3.5.1
2025-12-12 03:32:08.179 [sbt-bg-threads-1] INFO  util.SparkSessionFactory$ - App name: Pipeline-B-Daily-Transaction-Summary
2025-12-12 03:32:08.179 [sbt-bg-threads-1] INFO  util.SparkSessionFactory$ - Master: local[*]
2025-12-12 03:32:08.179 [sbt-bg-threads-1] INFO  util.SparkSessionFactory$ - Shuffle partitions: 200
2025-12-12 03:32:08.179 [sbt-bg-threads-1] INFO  util.SparkSessionFactory$ - ✓ Spark Session created successfully
2025-12-12 03:32:08.180 [sbt-bg-threads-1] INFO  TransactionSummaryJob$ - Normal mode: extracting previous day's transactions
2025-12-12 03:32:08.180 [sbt-bg-threads-1] INFO  TransactionSummaryJob$ - ═══════════════════════════════════════════════════════════
2025-12-12 03:32:08.180 [sbt-bg-threads-1] INFO  TransactionSummaryJob$ - Step 1: EXTRACT - Reading from MySQL
2025-12-12 03:32:08.180 [sbt-bg-threads-1] INFO  TransactionSummaryJob$ - ═══════════════════════════════════════════════════════════
2025-12-12 03:32:08.181 [sbt-bg-threads-1] INFO  extractor.MySQLExtractor - Reading transactions from MySQL
2025-12-12 03:32:08.181 [sbt-bg-threads-1] INFO  extractor.MySQLExtractor - Query: (
SELECT t.txn_id,
       t.customer_id,
       t.product_id,
       t.qty,
       t.amount,
       t.txn_timestamp,
       p.category
FROM transactions t
INNER JOIN products p ON t.product_id = p.product_id
WHERE DATE(t.txn_timestamp) = '2025-12-11'
) tx

2025-12-12 03:32:08.229 [sbt-bg-threads-1] INFO  o.s.j.server.handler.ContextHandler - Started o.s.j.s.ServletContextHandler@6faa59e4{/SQL,null,AVAILABLE,@Spark}
2025-12-12 03:32:08.229 [sbt-bg-threads-1] INFO  o.s.j.server.handler.ContextHandler - Started o.s.j.s.ServletContextHandler@59446a2a{/SQL/json,null,AVAILABLE,@Spark}
2025-12-12 03:32:08.230 [sbt-bg-threads-1] INFO  o.s.j.server.handler.ContextHandler - Started o.s.j.s.ServletContextHandler@55c79401{/SQL/execution,null,AVAILABLE,@Spark}
2025-12-12 03:32:08.230 [sbt-bg-threads-1] INFO  o.s.j.server.handler.ContextHandler - Started o.s.j.s.ServletContextHandler@64d3b202{/SQL/execution/json,null,AVAILABLE,@Spark}
2025-12-12 03:32:08.235 [sbt-bg-threads-1] INFO  o.s.j.server.handler.ContextHandler - Started o.s.j.s.ServletContextHandler@1d23def7{/static/sql,null,AVAILABLE,@Spark}
2025-12-12 03:32:24.816 [sbt-bg-threads-1] INFO  extractor.MySQLExtractor - ✓ Extracted 0 transactions
2025-12-12 03:32:24.816 [sbt-bg-threads-1] WARN  extractor.MySQLExtractor - No transactions found for the given date
2025-12-12 03:32:33.258 [sbt-bg-threads-1] WARN  TransactionSummaryJob$ - ⚠️  No transactions found. Exiting pipeline (no data to process).
2025-12-12 03:32:33.259 [sbt-bg-threads-1] INFO  TransactionSummaryJob$ - Pipeline B completed with no changes
2025-12-12 03:32:33.263 [sbt-bg-threads-1] INFO  o.s.jetty.server.AbstractConnector - Stopped Spark@1129c56d{HTTP/1.1, (http/1.1)}{0.0.0.0:4041}
2025-12-12 03:32:33.337 [sbt-bg-threads-1] INFO  TransactionSummaryJob$ - Spark session closed
2025-12-12 03:32:33.564 [Thread-1] ERROR o.apache.hadoop.conf.Configuration - error parsing conf core-default.xml
java.nio.file.NoSuchFileException: /Users/racit/Documents/sparkProject/pipeline-b-customer-profile/target/bg-jobs/sbt_22994c93/target/53fdf465/2328f86a/hadoop-common-3.3.1.jar
	at java.base/sun.nio.fs.UnixException.translateToIOException(UnixException.java:92)
	at java.base/sun.nio.fs.UnixException.rethrowAsIOException(UnixException.java:111)
	at java.base/sun.nio.fs.UnixException.rethrowAsIOException(UnixException.java:116)
	at java.base/sun.nio.fs.UnixFileAttributeViews$Basic.readAttributes(UnixFileAttributeViews.java:55)
	at java.base/sun.nio.fs.UnixFileSystemProvider.readAttributes(UnixFileSystemProvider.java:149)
	at java.base/java.nio.file.Files.readAttributes(Files.java:1764)
	at java.base/java.util.zip.ZipFile$Source.get(ZipFile.java:1420)
	at java.base/java.util.zip.ZipFile$CleanableResource.<init>(ZipFile.java:841)
	at java.base/java.util.zip.ZipFile$CleanableResource$FinalizableResource.<init>(ZipFile.java:867)
	at java.base/java.util.zip.ZipFile$CleanableResource.get(ZipFile.java:856)
	at java.base/java.util.zip.ZipFile.<init>(ZipFile.java:258)
	at java.base/java.util.zip.ZipFile.<init>(ZipFile.java:187)
	at java.base/java.util.jar.JarFile.<init>(JarFile.java:348)
	at java.base/sun.net.www.protocol.jar.URLJarFile.<init>(URLJarFile.java:103)
	at java.base/sun.net.www.protocol.jar.URLJarFile.getJarFile(URLJarFile.java:72)
	at java.base/sun.net.www.protocol.jar.JarFileFactory.get(JarFileFactory.java:99)
	at java.base/sun.net.www.protocol.jar.JarURLConnection.connect(JarURLConnection.java:125)
	at java.base/sun.net.www.protocol.jar.JarURLConnection.getInputStream(JarURLConnection.java:155)
	at org.apache.hadoop.conf.Configuration.parse(Configuration.java:2986)
	at org.apache.hadoop.conf.Configuration.getStreamReader(Configuration.java:3082)
	at org.apache.hadoop.conf.Configuration.loadResource(Configuration.java:3040)
	at org.apache.hadoop.conf.Configuration.loadResources(Configuration.java:3013)
	at org.apache.hadoop.conf.Configuration.loadProps(Configuration.java:2893)
	at org.apache.hadoop.conf.Configuration.getProps(Configuration.java:2875)
	at org.apache.hadoop.conf.Configuration.get(Configuration.java:1225)
	at org.apache.hadoop.conf.Configuration.getTimeDuration(Configuration.java:1842)
	at org.apache.hadoop.conf.Configuration.getTimeDuration(Configuration.java:1819)
	at org.apache.hadoop.util.ShutdownHookManager.getShutdownTimeout(ShutdownHookManager.java:183)
	at org.apache.hadoop.util.ShutdownHookManager.shutdownExecutor(ShutdownHookManager.java:145)
	at org.apache.hadoop.util.ShutdownHookManager.access$300(ShutdownHookManager.java:65)
	at org.apache.hadoop.util.ShutdownHookManager$1.run(ShutdownHookManager.java:102)
2025-12-12 03:46:02.809 [sbt-bg-threads-1] INFO  TransactionSummaryJob$ - ╔════════════════════════════════════════════════════════════╗
2025-12-12 03:46:02.810 [sbt-bg-threads-1] INFO  TransactionSummaryJob$ - ║        PIPELINE B: DAILY TRANSACTION SUMMARY               ║
2025-12-12 03:46:02.810 [sbt-bg-threads-1] INFO  TransactionSummaryJob$ - ║        MySQL → Parquet (Batch, Scheduled Daily)            ║
2025-12-12 03:46:02.811 [sbt-bg-threads-1] INFO  TransactionSummaryJob$ - ╚════════════════════════════════════════════════════════════╝
2025-12-12 03:46:02.811 [sbt-bg-threads-1] INFO  util.SparkSessionFactory$ - ╔════════════════════════════════════════════════════════════╗
2025-12-12 03:46:02.811 [sbt-bg-threads-1] INFO  util.SparkSessionFactory$ - ║    Creating Spark Session for Pipeline B                   ║
2025-12-12 03:46:02.812 [sbt-bg-threads-1] INFO  util.SparkSessionFactory$ - ╚════════════════════════════════════════════════════════════╝
2025-12-12 03:46:03.166 [sbt-bg-threads-1] WARN  o.a.hadoop.util.NativeCodeLoader - Unable to load native-hadoop library for your platform... using builtin-java classes where applicable
2025-12-12 03:46:03.447 [sbt-bg-threads-1] INFO  org.sparkproject.jetty.util.log - Logging initialized @10395ms to org.sparkproject.jetty.util.log.Slf4jLog
2025-12-12 03:46:03.490 [sbt-bg-threads-1] INFO  o.sparkproject.jetty.server.Server - jetty-9.4.52.v20230823; built: 2023-08-23T19:29:37.669Z; git: abdcda73818a1a2c705da276edb0bf6581e7997e; jvm 11.0.29+0
2025-12-12 03:46:03.499 [sbt-bg-threads-1] INFO  o.sparkproject.jetty.server.Server - Started @10447ms
2025-12-12 03:46:03.510 [sbt-bg-threads-1] WARN  org.apache.spark.util.Utils - Service 'SparkUI' could not bind on port 4040. Attempting port 4041.
2025-12-12 03:46:03.514 [sbt-bg-threads-1] INFO  o.s.jetty.server.AbstractConnector - Started ServerConnector@3bda95e{HTTP/1.1, (http/1.1)}{0.0.0.0:4041}
2025-12-12 03:46:03.525 [sbt-bg-threads-1] INFO  o.s.j.server.handler.ContextHandler - Started o.s.j.s.ServletContextHandler@468d7136{/,null,AVAILABLE,@Spark}
2025-12-12 03:46:03.666 [sbt-bg-threads-1] INFO  o.s.j.server.handler.ContextHandler - Stopped o.s.j.s.ServletContextHandler@468d7136{/,null,STOPPED,@Spark}
2025-12-12 03:46:03.667 [sbt-bg-threads-1] INFO  o.s.j.server.handler.ContextHandler - Started o.s.j.s.ServletContextHandler@3cbb7132{/jobs,null,AVAILABLE,@Spark}
2025-12-12 03:46:03.667 [sbt-bg-threads-1] INFO  o.s.j.server.handler.ContextHandler - Started o.s.j.s.ServletContextHandler@1205f46{/jobs/json,null,AVAILABLE,@Spark}
2025-12-12 03:46:03.668 [sbt-bg-threads-1] INFO  o.s.j.server.handler.ContextHandler - Started o.s.j.s.ServletContextHandler@7bbc82af{/jobs/job,null,AVAILABLE,@Spark}
2025-12-12 03:46:03.668 [sbt-bg-threads-1] INFO  o.s.j.server.handler.ContextHandler - Started o.s.j.s.ServletContextHandler@3260d8bd{/jobs/job/json,null,AVAILABLE,@Spark}
2025-12-12 03:46:03.668 [sbt-bg-threads-1] INFO  o.s.j.server.handler.ContextHandler - Started o.s.j.s.ServletContextHandler@7c26c824{/stages,null,AVAILABLE,@Spark}
2025-12-12 03:46:03.669 [sbt-bg-threads-1] INFO  o.s.j.server.handler.ContextHandler - Started o.s.j.s.ServletContextHandler@6aeda07e{/stages/json,null,AVAILABLE,@Spark}
2025-12-12 03:46:03.669 [sbt-bg-threads-1] INFO  o.s.j.server.handler.ContextHandler - Started o.s.j.s.ServletContextHandler@592cfd66{/stages/stage,null,AVAILABLE,@Spark}
2025-12-12 03:46:03.670 [sbt-bg-threads-1] INFO  o.s.j.server.handler.ContextHandler - Started o.s.j.s.ServletContextHandler@1306f67c{/stages/stage/json,null,AVAILABLE,@Spark}
2025-12-12 03:46:03.670 [sbt-bg-threads-1] INFO  o.s.j.server.handler.ContextHandler - Started o.s.j.s.ServletContextHandler@18d6d28c{/stages/pool,null,AVAILABLE,@Spark}
2025-12-12 03:46:03.670 [sbt-bg-threads-1] INFO  o.s.j.server.handler.ContextHandler - Started o.s.j.s.ServletContextHandler@194855b5{/stages/pool/json,null,AVAILABLE,@Spark}
2025-12-12 03:46:03.671 [sbt-bg-threads-1] INFO  o.s.j.server.handler.ContextHandler - Started o.s.j.s.ServletContextHandler@6f34aa37{/storage,null,AVAILABLE,@Spark}
2025-12-12 03:46:03.671 [sbt-bg-threads-1] INFO  o.s.j.server.handler.ContextHandler - Started o.s.j.s.ServletContextHandler@462a2f1e{/storage/json,null,AVAILABLE,@Spark}
2025-12-12 03:46:03.671 [sbt-bg-threads-1] INFO  o.s.j.server.handler.ContextHandler - Started o.s.j.s.ServletContextHandler@f4f4322{/storage/rdd,null,AVAILABLE,@Spark}
2025-12-12 03:46:03.672 [sbt-bg-threads-1] INFO  o.s.j.server.handler.ContextHandler - Started o.s.j.s.ServletContextHandler@2485fe02{/storage/rdd/json,null,AVAILABLE,@Spark}
2025-12-12 03:46:03.672 [sbt-bg-threads-1] INFO  o.s.j.server.handler.ContextHandler - Started o.s.j.s.ServletContextHandler@15e79234{/environment,null,AVAILABLE,@Spark}
2025-12-12 03:46:03.672 [sbt-bg-threads-1] INFO  o.s.j.server.handler.ContextHandler - Started o.s.j.s.ServletContextHandler@2ec4cf45{/environment/json,null,AVAILABLE,@Spark}
2025-12-12 03:46:03.673 [sbt-bg-threads-1] INFO  o.s.j.server.handler.ContextHandler - Started o.s.j.s.ServletContextHandler@43c1ee66{/executors,null,AVAILABLE,@Spark}
2025-12-12 03:46:03.673 [sbt-bg-threads-1] INFO  o.s.j.server.handler.ContextHandler - Started o.s.j.s.ServletContextHandler@3c3ab313{/executors/json,null,AVAILABLE,@Spark}
2025-12-12 03:46:03.673 [sbt-bg-threads-1] INFO  o.s.j.server.handler.ContextHandler - Started o.s.j.s.ServletContextHandler@6ffc54c0{/executors/threadDump,null,AVAILABLE,@Spark}
2025-12-12 03:46:03.674 [sbt-bg-threads-1] INFO  o.s.j.server.handler.ContextHandler - Started o.s.j.s.ServletContextHandler@55895653{/executors/threadDump/json,null,AVAILABLE,@Spark}
2025-12-12 03:46:03.674 [sbt-bg-threads-1] INFO  o.s.j.server.handler.ContextHandler - Started o.s.j.s.ServletContextHandler@6a8e40f9{/executors/heapHistogram,null,AVAILABLE,@Spark}
2025-12-12 03:46:03.674 [sbt-bg-threads-1] INFO  o.s.j.server.handler.ContextHandler - Started o.s.j.s.ServletContextHandler@5f05f512{/executors/heapHistogram/json,null,AVAILABLE,@Spark}
2025-12-12 03:46:03.677 [sbt-bg-threads-1] INFO  o.s.j.server.handler.ContextHandler - Started o.s.j.s.ServletContextHandler@6af4deab{/static,null,AVAILABLE,@Spark}
2025-12-12 03:46:03.678 [sbt-bg-threads-1] INFO  o.s.j.server.handler.ContextHandler - Started o.s.j.s.ServletContextHandler@7e46c4ac{/,null,AVAILABLE,@Spark}
2025-12-12 03:46:03.678 [sbt-bg-threads-1] INFO  o.s.j.server.handler.ContextHandler - Started o.s.j.s.ServletContextHandler@105a85c4{/api,null,AVAILABLE,@Spark}
2025-12-12 03:46:03.679 [sbt-bg-threads-1] INFO  o.s.j.server.handler.ContextHandler - Started o.s.j.s.ServletContextHandler@383bfbc4{/jobs/job/kill,null,AVAILABLE,@Spark}
2025-12-12 03:46:03.679 [sbt-bg-threads-1] INFO  o.s.j.server.handler.ContextHandler - Started o.s.j.s.ServletContextHandler@69546fd{/stages/stage/kill,null,AVAILABLE,@Spark}
2025-12-12 03:46:03.681 [sbt-bg-threads-1] INFO  o.s.j.server.handler.ContextHandler - Started o.s.j.s.ServletContextHandler@105b5669{/metrics/json,null,AVAILABLE,@Spark}
2025-12-12 03:46:08.838 [sbt-bg-threads-1] INFO  util.SparkSessionFactory$ - Spark version: 3.5.1
2025-12-12 03:46:08.839 [sbt-bg-threads-1] INFO  util.SparkSessionFactory$ - App name: Pipeline-B-Daily-Transaction-Summary
2025-12-12 03:46:08.839 [sbt-bg-threads-1] INFO  util.SparkSessionFactory$ - Master: local[*]
2025-12-12 03:46:08.839 [sbt-bg-threads-1] INFO  util.SparkSessionFactory$ - Shuffle partitions: 200
2025-12-12 03:46:08.839 [sbt-bg-threads-1] INFO  util.SparkSessionFactory$ - ✓ Spark Session created successfully
2025-12-12 03:46:08.841 [sbt-bg-threads-1] INFO  TransactionSummaryJob$ - ═══════════════════════════════════════════════════════════
2025-12-12 03:46:08.841 [sbt-bg-threads-1] INFO  TransactionSummaryJob$ - DEFAULT MODE: Latest available date
2025-12-12 03:46:08.841 [sbt-bg-threads-1] INFO  TransactionSummaryJob$ - ═══════════════════════════════════════════════════════════
2025-12-12 03:46:08.842 [sbt-bg-threads-1] INFO  extractor.MySQLExtractor - Reading transactions from MySQL
2025-12-12 03:46:08.842 [sbt-bg-threads-1] INFO  extractor.MySQLExtractor - Query: (
SELECT t.txn_id,
       t.customer_id,
       t.product_id,
       t.qty,
       t.amount,
       t.txn_timestamp,
       p.category
FROM transactions t
INNER JOIN products p ON t.product_id = p.product_id
WHERE DATE(t.txn_timestamp) = '2025-12-11'
) tx

2025-12-12 03:46:08.901 [sbt-bg-threads-1] INFO  o.s.j.server.handler.ContextHandler - Started o.s.j.s.ServletContextHandler@186ec96c{/SQL,null,AVAILABLE,@Spark}
2025-12-12 03:46:08.902 [sbt-bg-threads-1] INFO  o.s.j.server.handler.ContextHandler - Started o.s.j.s.ServletContextHandler@714fa0d7{/SQL/json,null,AVAILABLE,@Spark}
2025-12-12 03:46:08.902 [sbt-bg-threads-1] INFO  o.s.j.server.handler.ContextHandler - Started o.s.j.s.ServletContextHandler@7d3ecf78{/SQL/execution,null,AVAILABLE,@Spark}
2025-12-12 03:46:08.903 [sbt-bg-threads-1] INFO  o.s.j.server.handler.ContextHandler - Started o.s.j.s.ServletContextHandler@79edd910{/SQL/execution/json,null,AVAILABLE,@Spark}
2025-12-12 03:46:08.907 [sbt-bg-threads-1] INFO  o.s.j.server.handler.ContextHandler - Started o.s.j.s.ServletContextHandler@6bab2a20{/static/sql,null,AVAILABLE,@Spark}
2025-12-12 03:46:23.196 [sbt-bg-threads-1] INFO  extractor.MySQLExtractor - ✓ Extracted 0 transactions
2025-12-12 03:46:23.196 [sbt-bg-threads-1] WARN  extractor.MySQLExtractor - No transactions found for the given date
2025-12-12 03:46:32.129 [sbt-bg-threads-1] WARN  TransactionSummaryJob$ - ⚠️  No transactions found.
2025-12-12 03:46:32.134 [sbt-bg-threads-1] INFO  o.s.jetty.server.AbstractConnector - Stopped Spark@3bda95e{HTTP/1.1, (http/1.1)}{0.0.0.0:4041}
2025-12-12 03:46:32.211 [sbt-bg-threads-1] INFO  TransactionSummaryJob$ - Spark session closed
2025-12-12 03:46:32.439 [Thread-1] ERROR o.apache.hadoop.conf.Configuration - error parsing conf core-default.xml
java.nio.file.NoSuchFileException: /Users/racit/Documents/sparkProject/pipeline-b-customer-profile/target/bg-jobs/sbt_378d6508/target/53fdf465/2328f86a/hadoop-common-3.3.1.jar
	at java.base/sun.nio.fs.UnixException.translateToIOException(UnixException.java:92)
	at java.base/sun.nio.fs.UnixException.rethrowAsIOException(UnixException.java:111)
	at java.base/sun.nio.fs.UnixException.rethrowAsIOException(UnixException.java:116)
	at java.base/sun.nio.fs.UnixFileAttributeViews$Basic.readAttributes(UnixFileAttributeViews.java:55)
	at java.base/sun.nio.fs.UnixFileSystemProvider.readAttributes(UnixFileSystemProvider.java:149)
	at java.base/java.nio.file.Files.readAttributes(Files.java:1764)
	at java.base/java.util.zip.ZipFile$Source.get(ZipFile.java:1420)
	at java.base/java.util.zip.ZipFile$CleanableResource.<init>(ZipFile.java:841)
	at java.base/java.util.zip.ZipFile$CleanableResource$FinalizableResource.<init>(ZipFile.java:867)
	at java.base/java.util.zip.ZipFile$CleanableResource.get(ZipFile.java:856)
	at java.base/java.util.zip.ZipFile.<init>(ZipFile.java:258)
	at java.base/java.util.zip.ZipFile.<init>(ZipFile.java:187)
	at java.base/java.util.jar.JarFile.<init>(JarFile.java:348)
	at java.base/sun.net.www.protocol.jar.URLJarFile.<init>(URLJarFile.java:103)
	at java.base/sun.net.www.protocol.jar.URLJarFile.getJarFile(URLJarFile.java:72)
	at java.base/sun.net.www.protocol.jar.JarFileFactory.get(JarFileFactory.java:99)
	at java.base/sun.net.www.protocol.jar.JarURLConnection.connect(JarURLConnection.java:125)
	at java.base/sun.net.www.protocol.jar.JarURLConnection.getInputStream(JarURLConnection.java:155)
	at org.apache.hadoop.conf.Configuration.parse(Configuration.java:2986)
	at org.apache.hadoop.conf.Configuration.getStreamReader(Configuration.java:3082)
	at org.apache.hadoop.conf.Configuration.loadResource(Configuration.java:3040)
	at org.apache.hadoop.conf.Configuration.loadResources(Configuration.java:3013)
	at org.apache.hadoop.conf.Configuration.loadProps(Configuration.java:2893)
	at org.apache.hadoop.conf.Configuration.getProps(Configuration.java:2875)
	at org.apache.hadoop.conf.Configuration.get(Configuration.java:1225)
	at org.apache.hadoop.conf.Configuration.getTimeDuration(Configuration.java:1842)
	at org.apache.hadoop.conf.Configuration.getTimeDuration(Configuration.java:1819)
	at org.apache.hadoop.util.ShutdownHookManager.getShutdownTimeout(ShutdownHookManager.java:183)
	at org.apache.hadoop.util.ShutdownHookManager.shutdownExecutor(ShutdownHookManager.java:145)
	at org.apache.hadoop.util.ShutdownHookManager.access$300(ShutdownHookManager.java:65)
	at org.apache.hadoop.util.ShutdownHookManager$1.run(ShutdownHookManager.java:102)
2025-12-12 03:51:59.363 [sbt-bg-threads-1] INFO  TransactionSummaryJob$ - ╔════════════════════════════════════════════════════════════╗
2025-12-12 03:51:59.365 [sbt-bg-threads-1] INFO  TransactionSummaryJob$ - ║        PIPELINE B: DAILY TRANSACTION SUMMARY               ║
2025-12-12 03:51:59.365 [sbt-bg-threads-1] INFO  TransactionSummaryJob$ - ║        MySQL → Parquet (Batch, Scheduled Daily)            ║
2025-12-12 03:51:59.365 [sbt-bg-threads-1] INFO  TransactionSummaryJob$ - ╚════════════════════════════════════════════════════════════╝
2025-12-12 03:51:59.366 [sbt-bg-threads-1] INFO  util.SparkSessionFactory$ - ╔════════════════════════════════════════════════════════════╗
2025-12-12 03:51:59.366 [sbt-bg-threads-1] INFO  util.SparkSessionFactory$ - ║    Creating Spark Session for Pipeline B                   ║
2025-12-12 03:51:59.366 [sbt-bg-threads-1] INFO  util.SparkSessionFactory$ - ╚════════════════════════════════════════════════════════════╝
2025-12-12 03:52:00.772 [sbt-bg-threads-1] WARN  o.a.hadoop.util.NativeCodeLoader - Unable to load native-hadoop library for your platform... using builtin-java classes where applicable
2025-12-12 03:52:01.054 [sbt-bg-threads-1] INFO  org.sparkproject.jetty.util.log - Logging initialized @11573ms to org.sparkproject.jetty.util.log.Slf4jLog
2025-12-12 03:52:01.096 [sbt-bg-threads-1] INFO  o.sparkproject.jetty.server.Server - jetty-9.4.52.v20230823; built: 2023-08-23T19:29:37.669Z; git: abdcda73818a1a2c705da276edb0bf6581e7997e; jvm 11.0.29+0
2025-12-12 03:52:01.105 [sbt-bg-threads-1] INFO  o.sparkproject.jetty.server.Server - Started @11624ms
2025-12-12 03:52:01.115 [sbt-bg-threads-1] WARN  org.apache.spark.util.Utils - Service 'SparkUI' could not bind on port 4040. Attempting port 4041.
2025-12-12 03:52:01.118 [sbt-bg-threads-1] INFO  o.s.jetty.server.AbstractConnector - Started ServerConnector@501c366c{HTTP/1.1, (http/1.1)}{0.0.0.0:4041}
2025-12-12 03:52:01.129 [sbt-bg-threads-1] INFO  o.s.j.server.handler.ContextHandler - Started o.s.j.s.ServletContextHandler@36f10cd2{/,null,AVAILABLE,@Spark}
2025-12-12 03:52:01.262 [sbt-bg-threads-1] INFO  o.s.j.server.handler.ContextHandler - Stopped o.s.j.s.ServletContextHandler@36f10cd2{/,null,STOPPED,@Spark}
2025-12-12 03:52:01.262 [sbt-bg-threads-1] INFO  o.s.j.server.handler.ContextHandler - Started o.s.j.s.ServletContextHandler@5cd60311{/jobs,null,AVAILABLE,@Spark}
2025-12-12 03:52:01.263 [sbt-bg-threads-1] INFO  o.s.j.server.handler.ContextHandler - Started o.s.j.s.ServletContextHandler@5f0e2f62{/jobs/json,null,AVAILABLE,@Spark}
2025-12-12 03:52:01.263 [sbt-bg-threads-1] INFO  o.s.j.server.handler.ContextHandler - Started o.s.j.s.ServletContextHandler@4bc7fecc{/jobs/job,null,AVAILABLE,@Spark}
2025-12-12 03:52:01.264 [sbt-bg-threads-1] INFO  o.s.j.server.handler.ContextHandler - Started o.s.j.s.ServletContextHandler@35a99a44{/jobs/job/json,null,AVAILABLE,@Spark}
2025-12-12 03:52:01.264 [sbt-bg-threads-1] INFO  o.s.j.server.handler.ContextHandler - Started o.s.j.s.ServletContextHandler@41b15097{/stages,null,AVAILABLE,@Spark}
2025-12-12 03:52:01.264 [sbt-bg-threads-1] INFO  o.s.j.server.handler.ContextHandler - Started o.s.j.s.ServletContextHandler@50aa709e{/stages/json,null,AVAILABLE,@Spark}
2025-12-12 03:52:01.265 [sbt-bg-threads-1] INFO  o.s.j.server.handler.ContextHandler - Started o.s.j.s.ServletContextHandler@5bd8e11c{/stages/stage,null,AVAILABLE,@Spark}
2025-12-12 03:52:01.265 [sbt-bg-threads-1] INFO  o.s.j.server.handler.ContextHandler - Started o.s.j.s.ServletContextHandler@358e80ed{/stages/stage/json,null,AVAILABLE,@Spark}
2025-12-12 03:52:01.266 [sbt-bg-threads-1] INFO  o.s.j.server.handler.ContextHandler - Started o.s.j.s.ServletContextHandler@606f8dba{/stages/pool,null,AVAILABLE,@Spark}
2025-12-12 03:52:01.266 [sbt-bg-threads-1] INFO  o.s.j.server.handler.ContextHandler - Started o.s.j.s.ServletContextHandler@1bced704{/stages/pool/json,null,AVAILABLE,@Spark}
2025-12-12 03:52:01.266 [sbt-bg-threads-1] INFO  o.s.j.server.handler.ContextHandler - Started o.s.j.s.ServletContextHandler@618c75d0{/storage,null,AVAILABLE,@Spark}
2025-12-12 03:52:01.267 [sbt-bg-threads-1] INFO  o.s.j.server.handler.ContextHandler - Started o.s.j.s.ServletContextHandler@6314a027{/storage/json,null,AVAILABLE,@Spark}
2025-12-12 03:52:01.267 [sbt-bg-threads-1] INFO  o.s.j.server.handler.ContextHandler - Started o.s.j.s.ServletContextHandler@d66d900{/storage/rdd,null,AVAILABLE,@Spark}
2025-12-12 03:52:01.267 [sbt-bg-threads-1] INFO  o.s.j.server.handler.ContextHandler - Started o.s.j.s.ServletContextHandler@3ccdddcd{/storage/rdd/json,null,AVAILABLE,@Spark}
2025-12-12 03:52:01.268 [sbt-bg-threads-1] INFO  o.s.j.server.handler.ContextHandler - Started o.s.j.s.ServletContextHandler@38df724e{/environment,null,AVAILABLE,@Spark}
2025-12-12 03:52:01.268 [sbt-bg-threads-1] INFO  o.s.j.server.handler.ContextHandler - Started o.s.j.s.ServletContextHandler@62c145cd{/environment/json,null,AVAILABLE,@Spark}
2025-12-12 03:52:01.268 [sbt-bg-threads-1] INFO  o.s.j.server.handler.ContextHandler - Started o.s.j.s.ServletContextHandler@72f9107c{/executors,null,AVAILABLE,@Spark}
2025-12-12 03:52:01.269 [sbt-bg-threads-1] INFO  o.s.j.server.handler.ContextHandler - Started o.s.j.s.ServletContextHandler@2cd51427{/executors/json,null,AVAILABLE,@Spark}
2025-12-12 03:52:01.269 [sbt-bg-threads-1] INFO  o.s.j.server.handler.ContextHandler - Started o.s.j.s.ServletContextHandler@1d21196a{/executors/threadDump,null,AVAILABLE,@Spark}
2025-12-12 03:52:01.270 [sbt-bg-threads-1] INFO  o.s.j.server.handler.ContextHandler - Started o.s.j.s.ServletContextHandler@4b23cdc4{/executors/threadDump/json,null,AVAILABLE,@Spark}
2025-12-12 03:52:01.270 [sbt-bg-threads-1] INFO  o.s.j.server.handler.ContextHandler - Started o.s.j.s.ServletContextHandler@75aef5c4{/executors/heapHistogram,null,AVAILABLE,@Spark}
2025-12-12 03:52:01.270 [sbt-bg-threads-1] INFO  o.s.j.server.handler.ContextHandler - Started o.s.j.s.ServletContextHandler@73d74910{/executors/heapHistogram/json,null,AVAILABLE,@Spark}
2025-12-12 03:52:01.274 [sbt-bg-threads-1] INFO  o.s.j.server.handler.ContextHandler - Started o.s.j.s.ServletContextHandler@1b39b583{/static,null,AVAILABLE,@Spark}
2025-12-12 03:52:01.274 [sbt-bg-threads-1] INFO  o.s.j.server.handler.ContextHandler - Started o.s.j.s.ServletContextHandler@7834680e{/,null,AVAILABLE,@Spark}
2025-12-12 03:52:01.275 [sbt-bg-threads-1] INFO  o.s.j.server.handler.ContextHandler - Started o.s.j.s.ServletContextHandler@423ee6a8{/api,null,AVAILABLE,@Spark}
2025-12-12 03:52:01.275 [sbt-bg-threads-1] INFO  o.s.j.server.handler.ContextHandler - Started o.s.j.s.ServletContextHandler@4c7ee209{/jobs/job/kill,null,AVAILABLE,@Spark}
2025-12-12 03:52:01.276 [sbt-bg-threads-1] INFO  o.s.j.server.handler.ContextHandler - Started o.s.j.s.ServletContextHandler@4b18eafe{/stages/stage/kill,null,AVAILABLE,@Spark}
2025-12-12 03:52:01.278 [sbt-bg-threads-1] INFO  o.s.j.server.handler.ContextHandler - Started o.s.j.s.ServletContextHandler@5b7a0ab9{/metrics/json,null,AVAILABLE,@Spark}
2025-12-12 03:52:06.462 [sbt-bg-threads-1] INFO  util.SparkSessionFactory$ - Spark version: 3.5.1
2025-12-12 03:52:06.462 [sbt-bg-threads-1] INFO  util.SparkSessionFactory$ - App name: Pipeline-B-Daily-Transaction-Summary
2025-12-12 03:52:06.462 [sbt-bg-threads-1] INFO  util.SparkSessionFactory$ - Master: local[*]
2025-12-12 03:52:06.463 [sbt-bg-threads-1] INFO  util.SparkSessionFactory$ - Shuffle partitions: 200
2025-12-12 03:52:06.463 [sbt-bg-threads-1] INFO  util.SparkSessionFactory$ - ✓ Spark Session created successfully
2025-12-12 03:52:06.463 [sbt-bg-threads-1] INFO  TransactionSummaryJob$ - Normal mode: extracting latest available date's transactions
2025-12-12 03:52:06.464 [sbt-bg-threads-1] INFO  TransactionSummaryJob$ - ═══════════════════════════════════════════════════════════
2025-12-12 03:52:06.464 [sbt-bg-threads-1] INFO  TransactionSummaryJob$ - Step 1: EXTRACT - Reading from MySQL
2025-12-12 03:52:06.464 [sbt-bg-threads-1] INFO  TransactionSummaryJob$ - ═══════════════════════════════════════════════════════════
2025-12-12 03:52:06.465 [sbt-bg-threads-1] INFO  extractor.MySQLExtractor - Extracting transactions...
2025-12-12 03:52:06.465 [sbt-bg-threads-1] INFO  extractor.MySQLExtractor -   Mode: Latest available date
2025-12-12 03:52:06.465 [sbt-bg-threads-1] INFO  extractor.MySQLExtractor - SQL Query:
(
SELECT t.txn_id,
       t.customer_id,
       t.product_id,
       t.qty,
       t.amount,
       t.txn_timestamp,
       p.category
FROM transactions t
INNER JOIN products p ON t.product_id = p.product_id
WHERE t.product_id IS NOT NULL
AND DATE(t.txn_timestamp) = (SELECT MAX(DATE(txn_timestamp)) FROM transactions)
) tx

2025-12-12 03:52:06.526 [sbt-bg-threads-1] INFO  o.s.j.server.handler.ContextHandler - Started o.s.j.s.ServletContextHandler@48322cbb{/SQL,null,AVAILABLE,@Spark}
2025-12-12 03:52:06.526 [sbt-bg-threads-1] INFO  o.s.j.server.handler.ContextHandler - Started o.s.j.s.ServletContextHandler@55cbae9c{/SQL/json,null,AVAILABLE,@Spark}
2025-12-12 03:52:06.527 [sbt-bg-threads-1] INFO  o.s.j.server.handler.ContextHandler - Started o.s.j.s.ServletContextHandler@80b8ff9{/SQL/execution,null,AVAILABLE,@Spark}
2025-12-12 03:52:06.527 [sbt-bg-threads-1] INFO  o.s.j.server.handler.ContextHandler - Started o.s.j.s.ServletContextHandler@4bcc551d{/SQL/execution/json,null,AVAILABLE,@Spark}
2025-12-12 03:52:06.531 [sbt-bg-threads-1] INFO  o.s.j.server.handler.ContextHandler - Started o.s.j.s.ServletContextHandler@6b0e2670{/static/sql,null,AVAILABLE,@Spark}
2025-12-12 03:52:22.419 [sbt-bg-threads-1] INFO  extractor.MySQLExtractor - ✓ Extracted 87 transactions
2025-12-12 03:52:31.619 [sbt-bg-threads-1] INFO  TransactionSummaryJob$ - ═══════════════════════════════════════════════════════════
2025-12-12 03:52:31.620 [sbt-bg-threads-1] INFO  TransactionSummaryJob$ - Step 2: TRANSFORM - Building daily transaction summaries
2025-12-12 03:52:31.621 [sbt-bg-threads-1] INFO  TransactionSummaryJob$ - ═══════════════════════════════════════════════════════════
2025-12-12 03:52:31.622 [sbt-bg-threads-1] INFO  transformer.TransactionSummarizer - Phase 1: Data Quality - Filtering null product_ids
2025-12-12 03:52:46.543 [sbt-bg-threads-1] INFO  transformer.TransactionSummarizer - ✓ All transactions have valid product_id
2025-12-12 03:52:46.546 [sbt-bg-threads-1] INFO  transformer.TransactionSummarizer - Phase 2: Add date partition column
2025-12-12 03:52:46.561 [sbt-bg-threads-1] INFO  transformer.TransactionSummarizer - Phase 3: Compute top category per (date, customer_id)
2025-12-12 03:52:47.031 [sbt-bg-threads-1] INFO  transformer.TransactionSummarizer - Phase 4: Aggregate transaction metrics
2025-12-12 03:52:59.048 [sbt-bg-threads-1] INFO  transformer.TransactionSummarizer - ✓ Generated 86 daily summaries (rows: date + customer_id)
2025-12-12 03:52:59.050 [sbt-bg-threads-1] INFO  TransactionSummaryJob$ - ═══════════════════════════════════════════════════════════
2025-12-12 03:52:59.050 [sbt-bg-threads-1] INFO  TransactionSummaryJob$ - Step 3: LOAD - Writing to Parquet
2025-12-12 03:52:59.050 [sbt-bg-threads-1] INFO  TransactionSummaryJob$ - ═══════════════════════════════════════════════════════════
2025-12-12 03:52:59.050 [sbt-bg-threads-1] INFO  loader.ParquetLoader - Phase 1: Repartitioning for parallel writes
2025-12-12 03:52:59.056 [sbt-bg-threads-1] INFO  loader.ParquetLoader - Phase 2: Writing Parquet to s3a://dataengtrain8790/pipelineb/txn_summary
2025-12-12 03:52:59.056 [sbt-bg-threads-1] INFO  loader.ParquetLoader -   - Mode: Append
2025-12-12 03:52:59.056 [sbt-bg-threads-1] INFO  loader.ParquetLoader -   - Compression: Snappy
2025-12-12 03:52:59.056 [sbt-bg-threads-1] INFO  loader.ParquetLoader -   - Parallelism: 8
2025-12-12 03:52:59.132 [sbt-bg-threads-1] WARN  o.a.h.metrics2.impl.MetricsConfig - Cannot locate configuration: tried hadoop-metrics2-s3a-file-system.properties,hadoop-metrics2.properties
2025-12-12 03:53:19.280 [Executor task launch worker for task 0.0 in stage 39.0 (TID 140)] INFO  o.a.parquet.hadoop.codec.CodecConfig - Compression: SNAPPY
2025-12-12 03:53:19.282 [Executor task launch worker for task 0.0 in stage 39.0 (TID 140)] INFO  o.a.parquet.hadoop.codec.CodecConfig - Compression: SNAPPY
2025-12-12 03:53:19.294 [Executor task launch worker for task 0.0 in stage 39.0 (TID 140)] INFO  o.a.p.hadoop.ParquetOutputFormat - ParquetRecordWriter [block size: 134217728b, row group padding size: 8388608b, validating: false]
2025-12-12 03:53:36.037 [sbt-bg-threads-1] INFO  loader.ParquetLoader - ✓ Parquet write completed successfully
2025-12-12 03:53:36.038 [sbt-bg-threads-1] INFO  loader.ParquetLoader -   Output path: s3a://dataengtrain8790/pipelineb/txn_summary
2025-12-12 03:53:36.039 [sbt-bg-threads-1] INFO  TransactionSummaryJob$ - ═══════════════════════════════════════════════════════════
2025-12-12 03:53:36.039 [sbt-bg-threads-1] INFO  TransactionSummaryJob$ - Step 4: VALIDATE - Reading back written Parquet
2025-12-12 03:53:36.039 [sbt-bg-threads-1] INFO  TransactionSummaryJob$ - ═══════════════════════════════════════════════════════════
2025-12-12 03:53:36.040 [sbt-bg-threads-1] INFO  loader.ParquetLoader - Validating Parquet output...
2025-12-12 03:53:39.731 [sbt-bg-threads-1] INFO  loader.ParquetLoader - ✓ Parquet validation passed: 86 rows
2025-12-12 03:53:39.731 [sbt-bg-threads-1] INFO  loader.ParquetLoader - Sample rows:
2025-12-12 03:53:41.477 [sbt-bg-threads-1] INFO  TransactionSummaryJob$ - ╔════════════════════════════════════════════════════════════╗
2025-12-12 03:53:41.477 [sbt-bg-threads-1] INFO  TransactionSummaryJob$ - ║         ✓ PIPELINE B COMPLETED SUCCESSFULLY                ║
2025-12-12 03:53:41.477 [sbt-bg-threads-1] INFO  TransactionSummaryJob$ - ╚════════════════════════════════════════════════════════════╝
2025-12-12 03:53:41.482 [sbt-bg-threads-1] INFO  o.s.jetty.server.AbstractConnector - Stopped Spark@501c366c{HTTP/1.1, (http/1.1)}{0.0.0.0:4041}
2025-12-12 03:53:41.566 [sbt-bg-threads-1] INFO  TransactionSummaryJob$ - Spark session closed
2025-12-12 03:53:41.803 [Thread-1] ERROR o.apache.hadoop.conf.Configuration - error parsing conf core-default.xml
java.nio.file.NoSuchFileException: /Users/racit/Documents/sparkProject/pipeline-b-customer-profile/target/bg-jobs/sbt_f784ce35/target/53fdf465/2328f86a/hadoop-common-3.3.1.jar
	at java.base/sun.nio.fs.UnixException.translateToIOException(UnixException.java:92)
	at java.base/sun.nio.fs.UnixException.rethrowAsIOException(UnixException.java:111)
	at java.base/sun.nio.fs.UnixException.rethrowAsIOException(UnixException.java:116)
	at java.base/sun.nio.fs.UnixFileAttributeViews$Basic.readAttributes(UnixFileAttributeViews.java:55)
	at java.base/sun.nio.fs.UnixFileSystemProvider.readAttributes(UnixFileSystemProvider.java:149)
	at java.base/java.nio.file.Files.readAttributes(Files.java:1764)
	at java.base/java.util.zip.ZipFile$Source.get(ZipFile.java:1420)
	at java.base/java.util.zip.ZipFile$CleanableResource.<init>(ZipFile.java:841)
	at java.base/java.util.zip.ZipFile$CleanableResource$FinalizableResource.<init>(ZipFile.java:867)
	at java.base/java.util.zip.ZipFile$CleanableResource.get(ZipFile.java:856)
	at java.base/java.util.zip.ZipFile.<init>(ZipFile.java:258)
	at java.base/java.util.zip.ZipFile.<init>(ZipFile.java:187)
	at java.base/java.util.jar.JarFile.<init>(JarFile.java:348)
	at java.base/sun.net.www.protocol.jar.URLJarFile.<init>(URLJarFile.java:103)
	at java.base/sun.net.www.protocol.jar.URLJarFile.getJarFile(URLJarFile.java:72)
	at java.base/sun.net.www.protocol.jar.JarFileFactory.get(JarFileFactory.java:99)
	at java.base/sun.net.www.protocol.jar.JarURLConnection.connect(JarURLConnection.java:125)
	at java.base/sun.net.www.protocol.jar.JarURLConnection.getInputStream(JarURLConnection.java:155)
	at org.apache.hadoop.conf.Configuration.parse(Configuration.java:2986)
	at org.apache.hadoop.conf.Configuration.getStreamReader(Configuration.java:3082)
	at org.apache.hadoop.conf.Configuration.loadResource(Configuration.java:3040)
	at org.apache.hadoop.conf.Configuration.loadResources(Configuration.java:3013)
	at org.apache.hadoop.conf.Configuration.loadProps(Configuration.java:2893)
	at org.apache.hadoop.conf.Configuration.getProps(Configuration.java:2875)
	at org.apache.hadoop.conf.Configuration.get(Configuration.java:1225)
	at org.apache.hadoop.conf.Configuration.getTimeDuration(Configuration.java:1842)
	at org.apache.hadoop.conf.Configuration.getTimeDuration(Configuration.java:1819)
	at org.apache.hadoop.util.ShutdownHookManager.getShutdownTimeout(ShutdownHookManager.java:183)
	at org.apache.hadoop.util.ShutdownHookManager.shutdownExecutor(ShutdownHookManager.java:145)
	at org.apache.hadoop.util.ShutdownHookManager.access$300(ShutdownHookManager.java:65)
	at org.apache.hadoop.util.ShutdownHookManager$1.run(ShutdownHookManager.java:102)
2025-12-12 03:59:57.797 [sbt-bg-threads-1] INFO  TransactionSummaryJob$ - ╔════════════════════════════════════════════════════════════╗
2025-12-12 03:59:57.799 [sbt-bg-threads-1] INFO  TransactionSummaryJob$ - ║        PIPELINE B: DAILY TRANSACTION SUMMARY               ║
2025-12-12 03:59:57.800 [sbt-bg-threads-1] INFO  TransactionSummaryJob$ - ║        MySQL → Parquet (Batch, Scheduled Daily)            ║
2025-12-12 03:59:57.800 [sbt-bg-threads-1] INFO  TransactionSummaryJob$ - ╚════════════════════════════════════════════════════════════╝
2025-12-12 03:59:57.801 [sbt-bg-threads-1] INFO  util.SparkSessionFactory$ - ╔════════════════════════════════════════════════════════════╗
2025-12-12 03:59:57.801 [sbt-bg-threads-1] INFO  util.SparkSessionFactory$ - ║    Creating Spark Session for Pipeline B (OPTIMIZED)       ║
2025-12-12 03:59:57.801 [sbt-bg-threads-1] INFO  util.SparkSessionFactory$ - ╚════════════════════════════════════════════════════════════╝
2025-12-12 04:00:03.215 [sbt-bg-threads-1] WARN  o.a.hadoop.util.NativeCodeLoader - Unable to load native-hadoop library for your platform... using builtin-java classes where applicable
2025-12-12 04:00:03.492 [sbt-bg-threads-1] INFO  org.sparkproject.jetty.util.log - Logging initialized @15865ms to org.sparkproject.jetty.util.log.Slf4jLog
2025-12-12 04:00:03.534 [sbt-bg-threads-1] INFO  o.sparkproject.jetty.server.Server - jetty-9.4.52.v20230823; built: 2023-08-23T19:29:37.669Z; git: abdcda73818a1a2c705da276edb0bf6581e7997e; jvm 11.0.29+0
2025-12-12 04:00:03.542 [sbt-bg-threads-1] INFO  o.sparkproject.jetty.server.Server - Started @15916ms
2025-12-12 04:00:03.552 [sbt-bg-threads-1] WARN  org.apache.spark.util.Utils - Service 'SparkUI' could not bind on port 4040. Attempting port 4041.
2025-12-12 04:00:03.556 [sbt-bg-threads-1] INFO  o.s.jetty.server.AbstractConnector - Started ServerConnector@1041b351{HTTP/1.1, (http/1.1)}{0.0.0.0:4041}
2025-12-12 04:00:03.567 [sbt-bg-threads-1] INFO  o.s.j.server.handler.ContextHandler - Started o.s.j.s.ServletContextHandler@1c8acba1{/,null,AVAILABLE,@Spark}
2025-12-12 04:00:03.722 [sbt-bg-threads-1] INFO  o.s.j.server.handler.ContextHandler - Stopped o.s.j.s.ServletContextHandler@1c8acba1{/,null,STOPPED,@Spark}
2025-12-12 04:00:03.723 [sbt-bg-threads-1] INFO  o.s.j.server.handler.ContextHandler - Started o.s.j.s.ServletContextHandler@7b830704{/jobs,null,AVAILABLE,@Spark}
2025-12-12 04:00:03.723 [sbt-bg-threads-1] INFO  o.s.j.server.handler.ContextHandler - Started o.s.j.s.ServletContextHandler@146f7766{/jobs/json,null,AVAILABLE,@Spark}
2025-12-12 04:00:03.724 [sbt-bg-threads-1] INFO  o.s.j.server.handler.ContextHandler - Started o.s.j.s.ServletContextHandler@54139985{/jobs/job,null,AVAILABLE,@Spark}
2025-12-12 04:00:03.724 [sbt-bg-threads-1] INFO  o.s.j.server.handler.ContextHandler - Started o.s.j.s.ServletContextHandler@735598b5{/jobs/job/json,null,AVAILABLE,@Spark}
2025-12-12 04:00:03.724 [sbt-bg-threads-1] INFO  o.s.j.server.handler.ContextHandler - Started o.s.j.s.ServletContextHandler@407f3ab2{/stages,null,AVAILABLE,@Spark}
2025-12-12 04:00:03.725 [sbt-bg-threads-1] INFO  o.s.j.server.handler.ContextHandler - Started o.s.j.s.ServletContextHandler@34f8d016{/stages/json,null,AVAILABLE,@Spark}
2025-12-12 04:00:03.725 [sbt-bg-threads-1] INFO  o.s.j.server.handler.ContextHandler - Started o.s.j.s.ServletContextHandler@44ab543f{/stages/stage,null,AVAILABLE,@Spark}
2025-12-12 04:00:03.726 [sbt-bg-threads-1] INFO  o.s.j.server.handler.ContextHandler - Started o.s.j.s.ServletContextHandler@66d74791{/stages/stage/json,null,AVAILABLE,@Spark}
2025-12-12 04:00:03.726 [sbt-bg-threads-1] INFO  o.s.j.server.handler.ContextHandler - Started o.s.j.s.ServletContextHandler@6c8288fe{/stages/pool,null,AVAILABLE,@Spark}
2025-12-12 04:00:03.726 [sbt-bg-threads-1] INFO  o.s.j.server.handler.ContextHandler - Started o.s.j.s.ServletContextHandler@2692abd2{/stages/pool/json,null,AVAILABLE,@Spark}
2025-12-12 04:00:03.727 [sbt-bg-threads-1] INFO  o.s.j.server.handler.ContextHandler - Started o.s.j.s.ServletContextHandler@1d7b41d9{/storage,null,AVAILABLE,@Spark}
2025-12-12 04:00:03.727 [sbt-bg-threads-1] INFO  o.s.j.server.handler.ContextHandler - Started o.s.j.s.ServletContextHandler@78715f76{/storage/json,null,AVAILABLE,@Spark}
2025-12-12 04:00:03.727 [sbt-bg-threads-1] INFO  o.s.j.server.handler.ContextHandler - Started o.s.j.s.ServletContextHandler@6dd0204b{/storage/rdd,null,AVAILABLE,@Spark}
2025-12-12 04:00:03.728 [sbt-bg-threads-1] INFO  o.s.j.server.handler.ContextHandler - Started o.s.j.s.ServletContextHandler@2117123a{/storage/rdd/json,null,AVAILABLE,@Spark}
2025-12-12 04:00:03.728 [sbt-bg-threads-1] INFO  o.s.j.server.handler.ContextHandler - Started o.s.j.s.ServletContextHandler@713d76ad{/environment,null,AVAILABLE,@Spark}
2025-12-12 04:00:03.728 [sbt-bg-threads-1] INFO  o.s.j.server.handler.ContextHandler - Started o.s.j.s.ServletContextHandler@408b3b93{/environment/json,null,AVAILABLE,@Spark}
2025-12-12 04:00:03.729 [sbt-bg-threads-1] INFO  o.s.j.server.handler.ContextHandler - Started o.s.j.s.ServletContextHandler@59e078ce{/executors,null,AVAILABLE,@Spark}
2025-12-12 04:00:03.729 [sbt-bg-threads-1] INFO  o.s.j.server.handler.ContextHandler - Started o.s.j.s.ServletContextHandler@3a629952{/executors/json,null,AVAILABLE,@Spark}
2025-12-12 04:00:03.729 [sbt-bg-threads-1] INFO  o.s.j.server.handler.ContextHandler - Started o.s.j.s.ServletContextHandler@348891eb{/executors/threadDump,null,AVAILABLE,@Spark}
2025-12-12 04:00:03.730 [sbt-bg-threads-1] INFO  o.s.j.server.handler.ContextHandler - Started o.s.j.s.ServletContextHandler@5aaa8df2{/executors/threadDump/json,null,AVAILABLE,@Spark}
2025-12-12 04:00:03.730 [sbt-bg-threads-1] INFO  o.s.j.server.handler.ContextHandler - Started o.s.j.s.ServletContextHandler@617513fc{/executors/heapHistogram,null,AVAILABLE,@Spark}
2025-12-12 04:00:03.731 [sbt-bg-threads-1] INFO  o.s.j.server.handler.ContextHandler - Started o.s.j.s.ServletContextHandler@7a96b658{/executors/heapHistogram/json,null,AVAILABLE,@Spark}
2025-12-12 04:00:03.734 [sbt-bg-threads-1] INFO  o.s.j.server.handler.ContextHandler - Started o.s.j.s.ServletContextHandler@344f7df9{/static,null,AVAILABLE,@Spark}
2025-12-12 04:00:03.734 [sbt-bg-threads-1] INFO  o.s.j.server.handler.ContextHandler - Started o.s.j.s.ServletContextHandler@59ed7215{/,null,AVAILABLE,@Spark}
2025-12-12 04:00:03.735 [sbt-bg-threads-1] INFO  o.s.j.server.handler.ContextHandler - Started o.s.j.s.ServletContextHandler@59277e26{/api,null,AVAILABLE,@Spark}
2025-12-12 04:00:03.735 [sbt-bg-threads-1] INFO  o.s.j.server.handler.ContextHandler - Started o.s.j.s.ServletContextHandler@1cf11424{/jobs/job/kill,null,AVAILABLE,@Spark}
2025-12-12 04:00:03.736 [sbt-bg-threads-1] INFO  o.s.j.server.handler.ContextHandler - Started o.s.j.s.ServletContextHandler@1f3e640{/stages/stage/kill,null,AVAILABLE,@Spark}
2025-12-12 04:00:03.738 [sbt-bg-threads-1] INFO  o.s.j.server.handler.ContextHandler - Started o.s.j.s.ServletContextHandler@8d63d4b{/metrics/json,null,AVAILABLE,@Spark}
2025-12-12 04:00:03.878 [sbt-bg-threads-1] INFO  util.SparkSessionFactory$ - Spark version: 3.5.1
2025-12-12 04:00:03.878 [sbt-bg-threads-1] INFO  util.SparkSessionFactory$ - App name: Pipeline-B-Daily-Transaction-Summary
2025-12-12 04:00:03.878 [sbt-bg-threads-1] INFO  util.SparkSessionFactory$ - Master: local[*]
2025-12-12 04:00:03.878 [sbt-bg-threads-1] INFO  util.SparkSessionFactory$ - Shuffle partitions: 32
2025-12-12 04:00:03.879 [sbt-bg-threads-1] INFO  util.SparkSessionFactory$ - S3 threads: 32 max, 16 core
2025-12-12 04:00:03.879 [sbt-bg-threads-1] INFO  util.SparkSessionFactory$ - ✓ Spark Session created successfully
2025-12-12 04:00:03.879 [sbt-bg-threads-1] INFO  TransactionSummaryJob$ - Normal mode: extracting latest available date's transactions
2025-12-12 04:00:03.879 [sbt-bg-threads-1] INFO  TransactionSummaryJob$ - ═══════════════════════════════════════════════════════════
2025-12-12 04:00:03.879 [sbt-bg-threads-1] INFO  TransactionSummaryJob$ - Step 1: EXTRACT - Reading from MySQL
2025-12-12 04:00:03.879 [sbt-bg-threads-1] INFO  TransactionSummaryJob$ - ═══════════════════════════════════════════════════════════
2025-12-12 04:00:03.880 [sbt-bg-threads-1] INFO  extractor.MySQLExtractor - Extracting transactions...
2025-12-12 04:00:03.880 [sbt-bg-threads-1] INFO  extractor.MySQLExtractor -   Mode: Latest available date
2025-12-12 04:00:03.880 [sbt-bg-threads-1] INFO  extractor.MySQLExtractor - SQL Query:
(
SELECT t.txn_id,
       t.customer_id,
       t.product_id,
       t.qty,
       t.amount,
       t.txn_timestamp,
       p.category
FROM transactions t
INNER JOIN products p ON t.product_id = p.product_id
WHERE t.product_id IS NOT NULL
AND DATE(t.txn_timestamp) = (SELECT MAX(DATE(txn_timestamp)) FROM transactions)
) tx

2025-12-12 04:00:03.926 [sbt-bg-threads-1] INFO  o.s.j.server.handler.ContextHandler - Started o.s.j.s.ServletContextHandler@5f3376d0{/SQL,null,AVAILABLE,@Spark}
2025-12-12 04:00:03.927 [sbt-bg-threads-1] INFO  o.s.j.server.handler.ContextHandler - Started o.s.j.s.ServletContextHandler@4af4237a{/SQL/json,null,AVAILABLE,@Spark}
2025-12-12 04:00:03.927 [sbt-bg-threads-1] INFO  o.s.j.server.handler.ContextHandler - Started o.s.j.s.ServletContextHandler@37dea09a{/SQL/execution,null,AVAILABLE,@Spark}
2025-12-12 04:00:03.928 [sbt-bg-threads-1] INFO  o.s.j.server.handler.ContextHandler - Started o.s.j.s.ServletContextHandler@3b80dcda{/SQL/execution/json,null,AVAILABLE,@Spark}
2025-12-12 04:00:03.932 [sbt-bg-threads-1] INFO  o.s.j.server.handler.ContextHandler - Started o.s.j.s.ServletContextHandler@137fde5b{/static/sql,null,AVAILABLE,@Spark}
2025-12-12 04:00:17.067 [sbt-bg-threads-1] INFO  extractor.MySQLExtractor - ✓ Extracted 87 transactions
2025-12-12 04:00:23.246 [sbt-bg-threads-1] INFO  TransactionSummaryJob$ - ═══════════════════════════════════════════════════════════
2025-12-12 04:00:23.247 [sbt-bg-threads-1] INFO  TransactionSummaryJob$ - Step 2: TRANSFORM - Building daily transaction summaries
2025-12-12 04:00:23.247 [sbt-bg-threads-1] INFO  TransactionSummaryJob$ - ═══════════════════════════════════════════════════════════
2025-12-12 04:00:23.248 [sbt-bg-threads-1] INFO  transformer.TransactionSummarizer - Phase 1: Data Quality - Filtering null product_ids
2025-12-12 04:00:39.928 [sbt-bg-threads-1] INFO  transformer.TransactionSummarizer - ✓ All transactions have valid product_id
2025-12-12 04:00:39.928 [sbt-bg-threads-1] INFO  transformer.TransactionSummarizer - Phase 2: Add date partition column
2025-12-12 04:00:39.940 [sbt-bg-threads-1] INFO  transformer.TransactionSummarizer - Phase 3: Compute top category per (date, customer_id)
2025-12-12 04:00:40.307 [sbt-bg-threads-1] INFO  transformer.TransactionSummarizer - Phase 4: Aggregate transaction metrics
2025-12-12 04:00:52.138 [sbt-bg-threads-1] INFO  transformer.TransactionSummarizer - ✓ Generated 86 daily summaries (rows: date + customer_id)
2025-12-12 04:00:52.139 [sbt-bg-threads-1] INFO  TransactionSummaryJob$ - ═══════════════════════════════════════════════════════════
2025-12-12 04:00:52.139 [sbt-bg-threads-1] INFO  TransactionSummaryJob$ - Step 3: LOAD - Writing to Parquet
2025-12-12 04:00:52.139 [sbt-bg-threads-1] INFO  TransactionSummaryJob$ - ═══════════════════════════════════════════════════════════
2025-12-12 04:00:52.139 [sbt-bg-threads-1] INFO  loader.ParquetLoader - Writing Parquet to s3a://dataengtrain8790/pipelineb/txn_summary
2025-12-12 04:00:52.139 [sbt-bg-threads-1] INFO  loader.ParquetLoader -   - Repartition parallelism: 16
2025-12-12 04:00:52.140 [sbt-bg-threads-1] INFO  loader.ParquetLoader -   - Compression: Snappy
2025-12-12 04:00:52.140 [sbt-bg-threads-1] INFO  loader.ParquetLoader -   - Partition column: date
2025-12-12 04:00:52.207 [sbt-bg-threads-1] WARN  o.a.h.metrics2.impl.MetricsConfig - Cannot locate configuration: tried hadoop-metrics2-s3a-file-system.properties,hadoop-metrics2.properties
2025-12-12 04:01:11.049 [Executor task launch worker for task 0.0 in stage 39.0 (TID 140)] INFO  o.a.parquet.hadoop.codec.CodecConfig - Compression: SNAPPY
2025-12-12 04:01:11.052 [Executor task launch worker for task 0.0 in stage 39.0 (TID 140)] INFO  o.a.parquet.hadoop.codec.CodecConfig - Compression: SNAPPY
2025-12-12 04:01:11.062 [Executor task launch worker for task 0.0 in stage 39.0 (TID 140)] ERROR org.apache.spark.util.Utils - Aborting task
java.lang.NumberFormatException: For input string: "256MB"
	at java.base/java.lang.NumberFormatException.forInputString(NumberFormatException.java:65)
	at java.base/java.lang.Long.parseLong(Long.java:692)
	at java.base/java.lang.Long.parseLong(Long.java:817)
	at org.apache.hadoop.conf.Configuration.getLong(Configuration.java:1565)
	at org.apache.parquet.hadoop.ParquetOutputFormat.getLongBlockSize(ParquetOutputFormat.java:285)
	at org.apache.parquet.hadoop.ParquetOutputFormat.getRecordWriter(ParquetOutputFormat.java:469)
	at org.apache.parquet.hadoop.ParquetOutputFormat.getRecordWriter(ParquetOutputFormat.java:422)
	at org.apache.parquet.hadoop.ParquetOutputFormat.getRecordWriter(ParquetOutputFormat.java:411)
	at org.apache.spark.sql.execution.datasources.parquet.ParquetOutputWriter.<init>(ParquetOutputWriter.scala:36)
	at org.apache.spark.sql.execution.datasources.parquet.ParquetUtils$$anon$1.newInstance(ParquetUtils.scala:490)
	at org.apache.spark.sql.execution.datasources.BaseDynamicPartitionDataWriter.renewCurrentWriter(FileFormatDataWriter.scala:298)
	at org.apache.spark.sql.execution.datasources.DynamicPartitionDataSingleWriter.write(FileFormatDataWriter.scala:365)
	at org.apache.spark.sql.execution.datasources.FileFormatDataWriter.writeWithMetrics(FileFormatDataWriter.scala:85)
	at org.apache.spark.sql.execution.datasources.FileFormatDataWriter.writeWithIterator(FileFormatDataWriter.scala:92)
	at org.apache.spark.sql.execution.datasources.FileFormatWriter$.$anonfun$executeTask$1(FileFormatWriter.scala:403)
	at org.apache.spark.util.Utils$.tryWithSafeFinallyAndFailureCallbacks(Utils.scala:1397)
	at org.apache.spark.sql.execution.datasources.FileFormatWriter$.executeTask(FileFormatWriter.scala:410)
	at org.apache.spark.sql.execution.datasources.WriteFilesExec.$anonfun$doExecuteWrite$1(WriteFiles.scala:100)
	at org.apache.spark.rdd.RDD.$anonfun$mapPartitionsInternal$2(RDD.scala:893)
	at org.apache.spark.rdd.RDD.$anonfun$mapPartitionsInternal$2$adapted(RDD.scala:893)
	at org.apache.spark.rdd.MapPartitionsRDD.compute(MapPartitionsRDD.scala:52)
	at org.apache.spark.rdd.RDD.computeOrReadCheckpoint(RDD.scala:367)
	at org.apache.spark.rdd.RDD.iterator(RDD.scala:331)
	at org.apache.spark.scheduler.ResultTask.runTask(ResultTask.scala:93)
	at org.apache.spark.TaskContext.runTaskWithListeners(TaskContext.scala:166)
	at org.apache.spark.scheduler.Task.run(Task.scala:141)
	at org.apache.spark.executor.Executor$TaskRunner.$anonfun$run$4(Executor.scala:620)
	at org.apache.spark.util.SparkErrorUtils.tryWithSafeFinally(SparkErrorUtils.scala:64)
	at org.apache.spark.util.SparkErrorUtils.tryWithSafeFinally$(SparkErrorUtils.scala:61)
	at org.apache.spark.util.Utils$.tryWithSafeFinally(Utils.scala:94)
	at org.apache.spark.executor.Executor$TaskRunner.run(Executor.scala:623)
	at java.base/java.util.concurrent.ThreadPoolExecutor.runWorker(ThreadPoolExecutor.java:1128)
	at java.base/java.util.concurrent.ThreadPoolExecutor$Worker.run(ThreadPoolExecutor.java:628)
	at java.base/java.lang.Thread.run(Thread.java:829)
2025-12-12 04:01:11.857 [Executor task launch worker for task 0.0 in stage 39.0 (TID 140)] WARN  o.a.h.m.l.output.FileOutputCommitter - Could not delete s3a://dataengtrain8790/pipelineb/txn_summary/_temporary/0/_temporary/attempt_202512120401105645133437323250689_0039_m_000000_140
2025-12-12 04:01:11.858 [Executor task launch worker for task 0.0 in stage 39.0 (TID 140)] ERROR o.a.s.s.e.d.FileFormatWriter - Job job_202512120401105645133437323250689_0039 aborted.
2025-12-12 04:01:11.890 [Executor task launch worker for task 0.0 in stage 39.0 (TID 140)] ERROR org.apache.spark.executor.Executor - Exception in task 0.0 in stage 39.0 (TID 140)
org.apache.spark.SparkException: [TASK_WRITE_FAILED] Task failed while writing rows to s3a://dataengtrain8790/pipelineb/txn_summary.
	at org.apache.spark.sql.errors.QueryExecutionErrors$.taskFailedWhileWritingRowsError(QueryExecutionErrors.scala:774)
	at org.apache.spark.sql.execution.datasources.FileFormatWriter$.executeTask(FileFormatWriter.scala:420)
	at org.apache.spark.sql.execution.datasources.WriteFilesExec.$anonfun$doExecuteWrite$1(WriteFiles.scala:100)
	at org.apache.spark.rdd.RDD.$anonfun$mapPartitionsInternal$2(RDD.scala:893)
	at org.apache.spark.rdd.RDD.$anonfun$mapPartitionsInternal$2$adapted(RDD.scala:893)
	at org.apache.spark.rdd.MapPartitionsRDD.compute(MapPartitionsRDD.scala:52)
	at org.apache.spark.rdd.RDD.computeOrReadCheckpoint(RDD.scala:367)
	at org.apache.spark.rdd.RDD.iterator(RDD.scala:331)
	at org.apache.spark.scheduler.ResultTask.runTask(ResultTask.scala:93)
	at org.apache.spark.TaskContext.runTaskWithListeners(TaskContext.scala:166)
	at org.apache.spark.scheduler.Task.run(Task.scala:141)
	at org.apache.spark.executor.Executor$TaskRunner.$anonfun$run$4(Executor.scala:620)
	at org.apache.spark.util.SparkErrorUtils.tryWithSafeFinally(SparkErrorUtils.scala:64)
	at org.apache.spark.util.SparkErrorUtils.tryWithSafeFinally$(SparkErrorUtils.scala:61)
	at org.apache.spark.util.Utils$.tryWithSafeFinally(Utils.scala:94)
	at org.apache.spark.executor.Executor$TaskRunner.run(Executor.scala:623)
	at java.base/java.util.concurrent.ThreadPoolExecutor.runWorker(ThreadPoolExecutor.java:1128)
	at java.base/java.util.concurrent.ThreadPoolExecutor$Worker.run(ThreadPoolExecutor.java:628)
	at java.base/java.lang.Thread.run(Thread.java:829)
Caused by: java.lang.NumberFormatException: For input string: "256MB"
	at java.base/java.lang.NumberFormatException.forInputString(NumberFormatException.java:65)
	at java.base/java.lang.Long.parseLong(Long.java:692)
	at java.base/java.lang.Long.parseLong(Long.java:817)
	at org.apache.hadoop.conf.Configuration.getLong(Configuration.java:1565)
	at org.apache.parquet.hadoop.ParquetOutputFormat.getLongBlockSize(ParquetOutputFormat.java:285)
	at org.apache.parquet.hadoop.ParquetOutputFormat.getRecordWriter(ParquetOutputFormat.java:469)
	at org.apache.parquet.hadoop.ParquetOutputFormat.getRecordWriter(ParquetOutputFormat.java:422)
	at org.apache.parquet.hadoop.ParquetOutputFormat.getRecordWriter(ParquetOutputFormat.java:411)
	at org.apache.spark.sql.execution.datasources.parquet.ParquetOutputWriter.<init>(ParquetOutputWriter.scala:36)
	at org.apache.spark.sql.execution.datasources.parquet.ParquetUtils$$anon$1.newInstance(ParquetUtils.scala:490)
	at org.apache.spark.sql.execution.datasources.BaseDynamicPartitionDataWriter.renewCurrentWriter(FileFormatDataWriter.scala:298)
	at org.apache.spark.sql.execution.datasources.DynamicPartitionDataSingleWriter.write(FileFormatDataWriter.scala:365)
	at org.apache.spark.sql.execution.datasources.FileFormatDataWriter.writeWithMetrics(FileFormatDataWriter.scala:85)
	at org.apache.spark.sql.execution.datasources.FileFormatDataWriter.writeWithIterator(FileFormatDataWriter.scala:92)
	at org.apache.spark.sql.execution.datasources.FileFormatWriter$.$anonfun$executeTask$1(FileFormatWriter.scala:403)
	at org.apache.spark.util.Utils$.tryWithSafeFinallyAndFailureCallbacks(Utils.scala:1397)
	at org.apache.spark.sql.execution.datasources.FileFormatWriter$.executeTask(FileFormatWriter.scala:410)
	... 17 common frames omitted
2025-12-12 04:01:11.897 [task-result-getter-2] WARN  o.a.spark.scheduler.TaskSetManager - Lost task 0.0 in stage 39.0 (TID 140) (10.252.154.249 executor driver): org.apache.spark.SparkException: [TASK_WRITE_FAILED] Task failed while writing rows to s3a://dataengtrain8790/pipelineb/txn_summary.
	at org.apache.spark.sql.errors.QueryExecutionErrors$.taskFailedWhileWritingRowsError(QueryExecutionErrors.scala:774)
	at org.apache.spark.sql.execution.datasources.FileFormatWriter$.executeTask(FileFormatWriter.scala:420)
	at org.apache.spark.sql.execution.datasources.WriteFilesExec.$anonfun$doExecuteWrite$1(WriteFiles.scala:100)
	at org.apache.spark.rdd.RDD.$anonfun$mapPartitionsInternal$2(RDD.scala:893)
	at org.apache.spark.rdd.RDD.$anonfun$mapPartitionsInternal$2$adapted(RDD.scala:893)
	at org.apache.spark.rdd.MapPartitionsRDD.compute(MapPartitionsRDD.scala:52)
	at org.apache.spark.rdd.RDD.computeOrReadCheckpoint(RDD.scala:367)
	at org.apache.spark.rdd.RDD.iterator(RDD.scala:331)
	at org.apache.spark.scheduler.ResultTask.runTask(ResultTask.scala:93)
	at org.apache.spark.TaskContext.runTaskWithListeners(TaskContext.scala:166)
	at org.apache.spark.scheduler.Task.run(Task.scala:141)
	at org.apache.spark.executor.Executor$TaskRunner.$anonfun$run$4(Executor.scala:620)
	at org.apache.spark.util.SparkErrorUtils.tryWithSafeFinally(SparkErrorUtils.scala:64)
	at org.apache.spark.util.SparkErrorUtils.tryWithSafeFinally$(SparkErrorUtils.scala:61)
	at org.apache.spark.util.Utils$.tryWithSafeFinally(Utils.scala:94)
	at org.apache.spark.executor.Executor$TaskRunner.run(Executor.scala:623)
	at java.base/java.util.concurrent.ThreadPoolExecutor.runWorker(ThreadPoolExecutor.java:1128)
	at java.base/java.util.concurrent.ThreadPoolExecutor$Worker.run(ThreadPoolExecutor.java:628)
	at java.base/java.lang.Thread.run(Thread.java:829)
Caused by: java.lang.NumberFormatException: For input string: "256MB"
	at java.base/java.lang.NumberFormatException.forInputString(NumberFormatException.java:65)
	at java.base/java.lang.Long.parseLong(Long.java:692)
	at java.base/java.lang.Long.parseLong(Long.java:817)
	at org.apache.hadoop.conf.Configuration.getLong(Configuration.java:1565)
	at org.apache.parquet.hadoop.ParquetOutputFormat.getLongBlockSize(ParquetOutputFormat.java:285)
	at org.apache.parquet.hadoop.ParquetOutputFormat.getRecordWriter(ParquetOutputFormat.java:469)
	at org.apache.parquet.hadoop.ParquetOutputFormat.getRecordWriter(ParquetOutputFormat.java:422)
	at org.apache.parquet.hadoop.ParquetOutputFormat.getRecordWriter(ParquetOutputFormat.java:411)
	at org.apache.spark.sql.execution.datasources.parquet.ParquetOutputWriter.<init>(ParquetOutputWriter.scala:36)
	at org.apache.spark.sql.execution.datasources.parquet.ParquetUtils$$anon$1.newInstance(ParquetUtils.scala:490)
	at org.apache.spark.sql.execution.datasources.BaseDynamicPartitionDataWriter.renewCurrentWriter(FileFormatDataWriter.scala:298)
	at org.apache.spark.sql.execution.datasources.DynamicPartitionDataSingleWriter.write(FileFormatDataWriter.scala:365)
	at org.apache.spark.sql.execution.datasources.FileFormatDataWriter.writeWithMetrics(FileFormatDataWriter.scala:85)
	at org.apache.spark.sql.execution.datasources.FileFormatDataWriter.writeWithIterator(FileFormatDataWriter.scala:92)
	at org.apache.spark.sql.execution.datasources.FileFormatWriter$.$anonfun$executeTask$1(FileFormatWriter.scala:403)
	at org.apache.spark.util.Utils$.tryWithSafeFinallyAndFailureCallbacks(Utils.scala:1397)
	at org.apache.spark.sql.execution.datasources.FileFormatWriter$.executeTask(FileFormatWriter.scala:410)
	... 17 more

2025-12-12 04:01:11.899 [task-result-getter-2] ERROR o.a.spark.scheduler.TaskSetManager - Task 0 in stage 39.0 failed 1 times; aborting job
2025-12-12 04:01:11.903 [sbt-bg-threads-1] ERROR o.a.s.s.e.d.FileFormatWriter - Aborting job 626fc274-3fd4-4489-b05e-118c2678d9d2.
org.apache.spark.SparkException: Job aborted due to stage failure: Task 0 in stage 39.0 failed 1 times, most recent failure: Lost task 0.0 in stage 39.0 (TID 140) (10.252.154.249 executor driver): org.apache.spark.SparkException: [TASK_WRITE_FAILED] Task failed while writing rows to s3a://dataengtrain8790/pipelineb/txn_summary.
	at org.apache.spark.sql.errors.QueryExecutionErrors$.taskFailedWhileWritingRowsError(QueryExecutionErrors.scala:774)
	at org.apache.spark.sql.execution.datasources.FileFormatWriter$.executeTask(FileFormatWriter.scala:420)
	at org.apache.spark.sql.execution.datasources.WriteFilesExec.$anonfun$doExecuteWrite$1(WriteFiles.scala:100)
	at org.apache.spark.rdd.RDD.$anonfun$mapPartitionsInternal$2(RDD.scala:893)
	at org.apache.spark.rdd.RDD.$anonfun$mapPartitionsInternal$2$adapted(RDD.scala:893)
	at org.apache.spark.rdd.MapPartitionsRDD.compute(MapPartitionsRDD.scala:52)
	at org.apache.spark.rdd.RDD.computeOrReadCheckpoint(RDD.scala:367)
	at org.apache.spark.rdd.RDD.iterator(RDD.scala:331)
	at org.apache.spark.scheduler.ResultTask.runTask(ResultTask.scala:93)
	at org.apache.spark.TaskContext.runTaskWithListeners(TaskContext.scala:166)
	at org.apache.spark.scheduler.Task.run(Task.scala:141)
	at org.apache.spark.executor.Executor$TaskRunner.$anonfun$run$4(Executor.scala:620)
	at org.apache.spark.util.SparkErrorUtils.tryWithSafeFinally(SparkErrorUtils.scala:64)
	at org.apache.spark.util.SparkErrorUtils.tryWithSafeFinally$(SparkErrorUtils.scala:61)
	at org.apache.spark.util.Utils$.tryWithSafeFinally(Utils.scala:94)
	at org.apache.spark.executor.Executor$TaskRunner.run(Executor.scala:623)
	at java.base/java.util.concurrent.ThreadPoolExecutor.runWorker(ThreadPoolExecutor.java:1128)
	at java.base/java.util.concurrent.ThreadPoolExecutor$Worker.run(ThreadPoolExecutor.java:628)
	at java.base/java.lang.Thread.run(Thread.java:829)
Caused by: java.lang.NumberFormatException: For input string: "256MB"
	at java.base/java.lang.NumberFormatException.forInputString(NumberFormatException.java:65)
	at java.base/java.lang.Long.parseLong(Long.java:692)
	at java.base/java.lang.Long.parseLong(Long.java:817)
	at org.apache.hadoop.conf.Configuration.getLong(Configuration.java:1565)
	at org.apache.parquet.hadoop.ParquetOutputFormat.getLongBlockSize(ParquetOutputFormat.java:285)
	at org.apache.parquet.hadoop.ParquetOutputFormat.getRecordWriter(ParquetOutputFormat.java:469)
	at org.apache.parquet.hadoop.ParquetOutputFormat.getRecordWriter(ParquetOutputFormat.java:422)
	at org.apache.parquet.hadoop.ParquetOutputFormat.getRecordWriter(ParquetOutputFormat.java:411)
	at org.apache.spark.sql.execution.datasources.parquet.ParquetOutputWriter.<init>(ParquetOutputWriter.scala:36)
	at org.apache.spark.sql.execution.datasources.parquet.ParquetUtils$$anon$1.newInstance(ParquetUtils.scala:490)
	at org.apache.spark.sql.execution.datasources.BaseDynamicPartitionDataWriter.renewCurrentWriter(FileFormatDataWriter.scala:298)
	at org.apache.spark.sql.execution.datasources.DynamicPartitionDataSingleWriter.write(FileFormatDataWriter.scala:365)
	at org.apache.spark.sql.execution.datasources.FileFormatDataWriter.writeWithMetrics(FileFormatDataWriter.scala:85)
	at org.apache.spark.sql.execution.datasources.FileFormatDataWriter.writeWithIterator(FileFormatDataWriter.scala:92)
	at org.apache.spark.sql.execution.datasources.FileFormatWriter$.$anonfun$executeTask$1(FileFormatWriter.scala:403)
	at org.apache.spark.util.Utils$.tryWithSafeFinallyAndFailureCallbacks(Utils.scala:1397)
	at org.apache.spark.sql.execution.datasources.FileFormatWriter$.executeTask(FileFormatWriter.scala:410)
	... 17 more

Driver stacktrace:
	at org.apache.spark.scheduler.DAGScheduler.failJobAndIndependentStages(DAGScheduler.scala:2856)
	at org.apache.spark.scheduler.DAGScheduler.$anonfun$abortStage$2(DAGScheduler.scala:2792)
	at org.apache.spark.scheduler.DAGScheduler.$anonfun$abortStage$2$adapted(DAGScheduler.scala:2791)
	at scala.collection.mutable.ResizableArray.foreach(ResizableArray.scala:62)
	at scala.collection.mutable.ResizableArray.foreach$(ResizableArray.scala:55)
	at scala.collection.mutable.ArrayBuffer.foreach(ArrayBuffer.scala:49)
	at org.apache.spark.scheduler.DAGScheduler.abortStage(DAGScheduler.scala:2791)
	at org.apache.spark.scheduler.DAGScheduler.$anonfun$handleTaskSetFailed$1(DAGScheduler.scala:1247)
	at org.apache.spark.scheduler.DAGScheduler.$anonfun$handleTaskSetFailed$1$adapted(DAGScheduler.scala:1247)
	at scala.Option.foreach(Option.scala:407)
	at org.apache.spark.scheduler.DAGScheduler.handleTaskSetFailed(DAGScheduler.scala:1247)
	at org.apache.spark.scheduler.DAGSchedulerEventProcessLoop.doOnReceive(DAGScheduler.scala:3060)
	at org.apache.spark.scheduler.DAGSchedulerEventProcessLoop.onReceive(DAGScheduler.scala:2994)
	at org.apache.spark.scheduler.DAGSchedulerEventProcessLoop.onReceive(DAGScheduler.scala:2983)
	at org.apache.spark.util.EventLoop$$anon$1.run(EventLoop.scala:49)
	at org.apache.spark.scheduler.DAGScheduler.runJob(DAGScheduler.scala:989)
	at org.apache.spark.SparkContext.runJob(SparkContext.scala:2398)
	at org.apache.spark.sql.execution.datasources.FileFormatWriter$.$anonfun$executeWrite$4(FileFormatWriter.scala:307)
	at org.apache.spark.sql.execution.datasources.FileFormatWriter$.writeAndCommit(FileFormatWriter.scala:271)
	at org.apache.spark.sql.execution.datasources.FileFormatWriter$.executeWrite(FileFormatWriter.scala:304)
	at org.apache.spark.sql.execution.datasources.FileFormatWriter$.write(FileFormatWriter.scala:190)
	at org.apache.spark.sql.execution.datasources.InsertIntoHadoopFsRelationCommand.run(InsertIntoHadoopFsRelationCommand.scala:190)
	at org.apache.spark.sql.execution.command.DataWritingCommandExec.sideEffectResult$lzycompute(commands.scala:113)
	at org.apache.spark.sql.execution.command.DataWritingCommandExec.sideEffectResult(commands.scala:111)
	at org.apache.spark.sql.execution.command.DataWritingCommandExec.executeCollect(commands.scala:125)
	at org.apache.spark.sql.execution.adaptive.AdaptiveSparkPlanExec.$anonfun$executeCollect$1(AdaptiveSparkPlanExec.scala:390)
	at org.apache.spark.sql.execution.adaptive.AdaptiveSparkPlanExec.withFinalPlanUpdate(AdaptiveSparkPlanExec.scala:418)
	at org.apache.spark.sql.execution.adaptive.AdaptiveSparkPlanExec.executeCollect(AdaptiveSparkPlanExec.scala:390)
	at org.apache.spark.sql.execution.QueryExecution$$anonfun$eagerlyExecuteCommands$1.$anonfun$applyOrElse$1(QueryExecution.scala:107)
	at org.apache.spark.sql.execution.SQLExecution$.$anonfun$withNewExecutionId$6(SQLExecution.scala:125)
	at org.apache.spark.sql.execution.SQLExecution$.withSQLConfPropagated(SQLExecution.scala:201)
	at org.apache.spark.sql.execution.SQLExecution$.$anonfun$withNewExecutionId$1(SQLExecution.scala:108)
	at org.apache.spark.sql.SparkSession.withActive(SparkSession.scala:900)
	at org.apache.spark.sql.execution.SQLExecution$.withNewExecutionId(SQLExecution.scala:66)
	at org.apache.spark.sql.execution.QueryExecution$$anonfun$eagerlyExecuteCommands$1.applyOrElse(QueryExecution.scala:107)
	at org.apache.spark.sql.execution.QueryExecution$$anonfun$eagerlyExecuteCommands$1.applyOrElse(QueryExecution.scala:98)
	at org.apache.spark.sql.catalyst.trees.TreeNode.$anonfun$transformDownWithPruning$1(TreeNode.scala:461)
	at org.apache.spark.sql.catalyst.trees.CurrentOrigin$.withOrigin(origin.scala:76)
	at org.apache.spark.sql.catalyst.trees.TreeNode.transformDownWithPruning(TreeNode.scala:461)
	at org.apache.spark.sql.catalyst.plans.logical.LogicalPlan.org$apache$spark$sql$catalyst$plans$logical$AnalysisHelper$$super$transformDownWithPruning(LogicalPlan.scala:32)
	at org.apache.spark.sql.catalyst.plans.logical.AnalysisHelper.transformDownWithPruning(AnalysisHelper.scala:267)
	at org.apache.spark.sql.catalyst.plans.logical.AnalysisHelper.transformDownWithPruning$(AnalysisHelper.scala:263)
	at org.apache.spark.sql.catalyst.plans.logical.LogicalPlan.transformDownWithPruning(LogicalPlan.scala:32)
	at org.apache.spark.sql.catalyst.plans.logical.LogicalPlan.transformDownWithPruning(LogicalPlan.scala:32)
	at org.apache.spark.sql.catalyst.trees.TreeNode.transformDown(TreeNode.scala:437)
	at org.apache.spark.sql.execution.QueryExecution.eagerlyExecuteCommands(QueryExecution.scala:98)
	at org.apache.spark.sql.execution.QueryExecution.commandExecuted$lzycompute(QueryExecution.scala:85)
	at org.apache.spark.sql.execution.QueryExecution.commandExecuted(QueryExecution.scala:83)
	at org.apache.spark.sql.execution.QueryExecution.assertCommandExecuted(QueryExecution.scala:142)
	at org.apache.spark.sql.DataFrameWriter.runCommand(DataFrameWriter.scala:859)
	at org.apache.spark.sql.DataFrameWriter.saveToV1Source(DataFrameWriter.scala:388)
	at org.apache.spark.sql.DataFrameWriter.saveInternal(DataFrameWriter.scala:361)
	at org.apache.spark.sql.DataFrameWriter.save(DataFrameWriter.scala:240)
	at org.apache.spark.sql.DataFrameWriter.parquet(DataFrameWriter.scala:792)
	at loader.ParquetLoader.write(ParquetLoader.scala:28)
	at TransactionSummaryJob$.main(TransactionSummaryJob.scala:62)
	at TransactionSummaryJob.main(TransactionSummaryJob.scala)
	at java.base/jdk.internal.reflect.NativeMethodAccessorImpl.invoke0(Native Method)
	at java.base/jdk.internal.reflect.NativeMethodAccessorImpl.invoke(NativeMethodAccessorImpl.java:62)
	at java.base/jdk.internal.reflect.DelegatingMethodAccessorImpl.invoke(DelegatingMethodAccessorImpl.java:43)
	at java.base/java.lang.reflect.Method.invoke(Method.java:566)
	at sbt.Run.invokeMain(Run.scala:139)
	at sbt.Run.execute$1(Run.scala:85)
	at sbt.Run.$anonfun$runWithLoader$5(Run.scala:112)
	at sbt.Run$.executeSuccess(Run.scala:227)
	at sbt.Run.runWithLoader(Run.scala:112)
	at sbt.Defaults$.$anonfun$bgRunTask$6(Defaults.scala:2094)
	at sbt.Defaults$.$anonfun$termWrapper$2(Defaults.scala:2033)
	at scala.runtime.java8.JFunction0$mcV$sp.apply(JFunction0$mcV$sp.java:23)
	at scala.util.Try$.apply(Try.scala:213)
	at sbt.internal.BackgroundThreadPool$BackgroundRunnable.run(DefaultBackgroundJobService.scala:378)
	at java.base/java.util.concurrent.ThreadPoolExecutor.runWorker(ThreadPoolExecutor.java:1128)
	at java.base/java.util.concurrent.ThreadPoolExecutor$Worker.run(ThreadPoolExecutor.java:628)
	at java.base/java.lang.Thread.run(Thread.java:829)
Caused by: org.apache.spark.SparkException: [TASK_WRITE_FAILED] Task failed while writing rows to s3a://dataengtrain8790/pipelineb/txn_summary.
	at org.apache.spark.sql.errors.QueryExecutionErrors$.taskFailedWhileWritingRowsError(QueryExecutionErrors.scala:774)
	at org.apache.spark.sql.execution.datasources.FileFormatWriter$.executeTask(FileFormatWriter.scala:420)
	at org.apache.spark.sql.execution.datasources.WriteFilesExec.$anonfun$doExecuteWrite$1(WriteFiles.scala:100)
	at org.apache.spark.rdd.RDD.$anonfun$mapPartitionsInternal$2(RDD.scala:893)
	at org.apache.spark.rdd.RDD.$anonfun$mapPartitionsInternal$2$adapted(RDD.scala:893)
	at org.apache.spark.rdd.MapPartitionsRDD.compute(MapPartitionsRDD.scala:52)
	at org.apache.spark.rdd.RDD.computeOrReadCheckpoint(RDD.scala:367)
	at org.apache.spark.rdd.RDD.iterator(RDD.scala:331)
	at org.apache.spark.scheduler.ResultTask.runTask(ResultTask.scala:93)
	at org.apache.spark.TaskContext.runTaskWithListeners(TaskContext.scala:166)
	at org.apache.spark.scheduler.Task.run(Task.scala:141)
	at org.apache.spark.executor.Executor$TaskRunner.$anonfun$run$4(Executor.scala:620)
	at org.apache.spark.util.SparkErrorUtils.tryWithSafeFinally(SparkErrorUtils.scala:64)
	at org.apache.spark.util.SparkErrorUtils.tryWithSafeFinally$(SparkErrorUtils.scala:61)
	at org.apache.spark.util.Utils$.tryWithSafeFinally(Utils.scala:94)
	at org.apache.spark.executor.Executor$TaskRunner.run(Executor.scala:623)
	... 3 common frames omitted
Caused by: java.lang.NumberFormatException: For input string: "256MB"
	at java.base/java.lang.NumberFormatException.forInputString(NumberFormatException.java:65)
	at java.base/java.lang.Long.parseLong(Long.java:692)
	at java.base/java.lang.Long.parseLong(Long.java:817)
	at org.apache.hadoop.conf.Configuration.getLong(Configuration.java:1565)
	at org.apache.parquet.hadoop.ParquetOutputFormat.getLongBlockSize(ParquetOutputFormat.java:285)
	at org.apache.parquet.hadoop.ParquetOutputFormat.getRecordWriter(ParquetOutputFormat.java:469)
	at org.apache.parquet.hadoop.ParquetOutputFormat.getRecordWriter(ParquetOutputFormat.java:422)
	at org.apache.parquet.hadoop.ParquetOutputFormat.getRecordWriter(ParquetOutputFormat.java:411)
	at org.apache.spark.sql.execution.datasources.parquet.ParquetOutputWriter.<init>(ParquetOutputWriter.scala:36)
	at org.apache.spark.sql.execution.datasources.parquet.ParquetUtils$$anon$1.newInstance(ParquetUtils.scala:490)
	at org.apache.spark.sql.execution.datasources.BaseDynamicPartitionDataWriter.renewCurrentWriter(FileFormatDataWriter.scala:298)
	at org.apache.spark.sql.execution.datasources.DynamicPartitionDataSingleWriter.write(FileFormatDataWriter.scala:365)
	at org.apache.spark.sql.execution.datasources.FileFormatDataWriter.writeWithMetrics(FileFormatDataWriter.scala:85)
	at org.apache.spark.sql.execution.datasources.FileFormatDataWriter.writeWithIterator(FileFormatDataWriter.scala:92)
	at org.apache.spark.sql.execution.datasources.FileFormatWriter$.$anonfun$executeTask$1(FileFormatWriter.scala:403)
	at org.apache.spark.util.Utils$.tryWithSafeFinallyAndFailureCallbacks(Utils.scala:1397)
	at org.apache.spark.sql.execution.datasources.FileFormatWriter$.executeTask(FileFormatWriter.scala:410)
	... 17 common frames omitted
2025-12-12 04:01:12.270 [task-result-getter-1] WARN  o.a.spark.scheduler.TaskSetManager - Lost task 12.0 in stage 39.0 (TID 152) (10.252.154.249 executor driver): TaskKilled (Stage cancelled: Job aborted due to stage failure: Task 0 in stage 39.0 failed 1 times, most recent failure: Lost task 0.0 in stage 39.0 (TID 140) (10.252.154.249 executor driver): org.apache.spark.SparkException: [TASK_WRITE_FAILED] Task failed while writing rows to s3a://dataengtrain8790/pipelineb/txn_summary.
	at org.apache.spark.sql.errors.QueryExecutionErrors$.taskFailedWhileWritingRowsError(QueryExecutionErrors.scala:774)
	at org.apache.spark.sql.execution.datasources.FileFormatWriter$.executeTask(FileFormatWriter.scala:420)
	at org.apache.spark.sql.execution.datasources.WriteFilesExec.$anonfun$doExecuteWrite$1(WriteFiles.scala:100)
	at org.apache.spark.rdd.RDD.$anonfun$mapPartitionsInternal$2(RDD.scala:893)
	at org.apache.spark.rdd.RDD.$anonfun$mapPartitionsInternal$2$adapted(RDD.scala:893)
	at org.apache.spark.rdd.MapPartitionsRDD.compute(MapPartitionsRDD.scala:52)
	at org.apache.spark.rdd.RDD.computeOrReadCheckpoint(RDD.scala:367)
	at org.apache.spark.rdd.RDD.iterator(RDD.scala:331)
	at org.apache.spark.scheduler.ResultTask.runTask(ResultTask.scala:93)
	at org.apache.spark.TaskContext.runTaskWithListeners(TaskContext.scala:166)
	at org.apache.spark.scheduler.Task.run(Task.scala:141)
	at org.apache.spark.executor.Executor$TaskRunner.$anonfun$run$4(Executor.scala:620)
	at org.apache.spark.util.SparkErrorUtils.tryWithSafeFinally(SparkErrorUtils.scala:64)
	at org.apache.spark.util.SparkErrorUtils.tryWithSafeFinally$(SparkErrorUtils.scala:61)
	at org.apache.spark.util.Utils$.tryWithSafeFinally(Utils.scala:94)
	at org.apache.spark.executor.Executor$TaskRunner.run(Executor.scala:623)
	at java.base/java.util.concurrent.ThreadPoolExecutor.runWorker(ThreadPoolExecutor.java:1128)
	at java.base/java.util.concurrent.ThreadPoolExecutor$Worker.run(ThreadPoolExecutor.java:628)
	at java.base/java.lang.Thread.run(Thread.java:829)
Caused by: java.lang.NumberFormatException: For input string: "256MB"
	at java.base/java.lang.NumberFormatException.forInputString(NumberFormatException.java:65)
	at java.base/java.lang.Long.parseLong(Long.java:692)
	at java.base/java.lang.Long.parseLong(Long.java:817)
	at org.apache.hadoop.conf.Configuration.getLong(Configuration.java:1565)
	at org.apache.parquet.hadoop.ParquetOutputFormat.getLongBlockSize(ParquetOutputFormat.java:285)
	at org.apache.parquet.hadoop.ParquetOutputFormat.getRecordWriter(ParquetOutputFormat.java:469)
	at org.apache.parquet.hadoop.ParquetOutputFormat.getRecordWriter(ParquetOutputFormat.java:422)
	at org.apache.parquet.hadoop.ParquetOutputFormat.getRecordWriter(ParquetOutputFormat.java:411)
	at org.apache.spark.sql.execution.datasources.parquet.ParquetOutputWriter.<init>(ParquetOutputWriter.scala:36)
	at org.apache.spark.sql.execution.datasources.parquet.ParquetUtils$$anon$1.newInstance(ParquetUtils.scala:490)
	at org.apache.spark.sql.execution.datasources.BaseDynamicPartitionDataWriter.renewCurrentWriter(FileFormatDataWriter.scala:298)
	at org.apache.spark.sql.execution.datasources.DynamicPartitionDataSingleWriter.write(FileFormatDataWriter.scala:365)
	at org.apache.spark.sql.execution.datasources.FileFormatDataWriter.writeWithMetrics(FileFormatDataWriter.scala:85)
	at org.apache.spark.sql.execution.datasources.FileFormatDataWriter.writeWithIterator(FileFormatDataWriter.scala:92)
	at org.apache.spark.sql.execution.datasources.FileFormatWriter$.$anonfun$executeTask$1(FileFormatWriter.scala:403)
	at org.apache.spark.util.Utils$.tryWithSafeFinallyAndFailureCallbacks(Utils.scala:1397)
	at org.apache.spark.sql.execution.datasources.FileFormatWriter$.executeTask(FileFormatWriter.scala:410)
	... 17 more

Driver stacktrace:)
2025-12-12 04:01:12.271 [task-result-getter-0] WARN  o.a.spark.scheduler.TaskSetManager - Lost task 13.0 in stage 39.0 (TID 153) (10.252.154.249 executor driver): TaskKilled (Stage cancelled: Job aborted due to stage failure: Task 0 in stage 39.0 failed 1 times, most recent failure: Lost task 0.0 in stage 39.0 (TID 140) (10.252.154.249 executor driver): org.apache.spark.SparkException: [TASK_WRITE_FAILED] Task failed while writing rows to s3a://dataengtrain8790/pipelineb/txn_summary.
	at org.apache.spark.sql.errors.QueryExecutionErrors$.taskFailedWhileWritingRowsError(QueryExecutionErrors.scala:774)
	at org.apache.spark.sql.execution.datasources.FileFormatWriter$.executeTask(FileFormatWriter.scala:420)
	at org.apache.spark.sql.execution.datasources.WriteFilesExec.$anonfun$doExecuteWrite$1(WriteFiles.scala:100)
	at org.apache.spark.rdd.RDD.$anonfun$mapPartitionsInternal$2(RDD.scala:893)
	at org.apache.spark.rdd.RDD.$anonfun$mapPartitionsInternal$2$adapted(RDD.scala:893)
	at org.apache.spark.rdd.MapPartitionsRDD.compute(MapPartitionsRDD.scala:52)
	at org.apache.spark.rdd.RDD.computeOrReadCheckpoint(RDD.scala:367)
	at org.apache.spark.rdd.RDD.iterator(RDD.scala:331)
	at org.apache.spark.scheduler.ResultTask.runTask(ResultTask.scala:93)
	at org.apache.spark.TaskContext.runTaskWithListeners(TaskContext.scala:166)
	at org.apache.spark.scheduler.Task.run(Task.scala:141)
	at org.apache.spark.executor.Executor$TaskRunner.$anonfun$run$4(Executor.scala:620)
	at org.apache.spark.util.SparkErrorUtils.tryWithSafeFinally(SparkErrorUtils.scala:64)
	at org.apache.spark.util.SparkErrorUtils.tryWithSafeFinally$(SparkErrorUtils.scala:61)
	at org.apache.spark.util.Utils$.tryWithSafeFinally(Utils.scala:94)
	at org.apache.spark.executor.Executor$TaskRunner.run(Executor.scala:623)
	at java.base/java.util.concurrent.ThreadPoolExecutor.runWorker(ThreadPoolExecutor.java:1128)
	at java.base/java.util.concurrent.ThreadPoolExecutor$Worker.run(ThreadPoolExecutor.java:628)
	at java.base/java.lang.Thread.run(Thread.java:829)
Caused by: java.lang.NumberFormatException: For input string: "256MB"
	at java.base/java.lang.NumberFormatException.forInputString(NumberFormatException.java:65)
	at java.base/java.lang.Long.parseLong(Long.java:692)
	at java.base/java.lang.Long.parseLong(Long.java:817)
	at org.apache.hadoop.conf.Configuration.getLong(Configuration.java:1565)
	at org.apache.parquet.hadoop.ParquetOutputFormat.getLongBlockSize(ParquetOutputFormat.java:285)
	at org.apache.parquet.hadoop.ParquetOutputFormat.getRecordWriter(ParquetOutputFormat.java:469)
	at org.apache.parquet.hadoop.ParquetOutputFormat.getRecordWriter(ParquetOutputFormat.java:422)
	at org.apache.parquet.hadoop.ParquetOutputFormat.getRecordWriter(ParquetOutputFormat.java:411)
	at org.apache.spark.sql.execution.datasources.parquet.ParquetOutputWriter.<init>(ParquetOutputWriter.scala:36)
	at org.apache.spark.sql.execution.datasources.parquet.ParquetUtils$$anon$1.newInstance(ParquetUtils.scala:490)
	at org.apache.spark.sql.execution.datasources.BaseDynamicPartitionDataWriter.renewCurrentWriter(FileFormatDataWriter.scala:298)
	at org.apache.spark.sql.execution.datasources.DynamicPartitionDataSingleWriter.write(FileFormatDataWriter.scala:365)
	at org.apache.spark.sql.execution.datasources.FileFormatDataWriter.writeWithMetrics(FileFormatDataWriter.scala:85)
	at org.apache.spark.sql.execution.datasources.FileFormatDataWriter.writeWithIterator(FileFormatDataWriter.scala:92)
	at org.apache.spark.sql.execution.datasources.FileFormatWriter$.$anonfun$executeTask$1(FileFormatWriter.scala:403)
	at org.apache.spark.util.Utils$.tryWithSafeFinallyAndFailureCallbacks(Utils.scala:1397)
	at org.apache.spark.sql.execution.datasources.FileFormatWriter$.executeTask(FileFormatWriter.scala:410)
	... 17 more

Driver stacktrace:)
2025-12-12 04:01:12.273 [task-result-getter-3] WARN  o.a.spark.scheduler.TaskSetManager - Lost task 11.0 in stage 39.0 (TID 151) (10.252.154.249 executor driver): TaskKilled (Stage cancelled: Job aborted due to stage failure: Task 0 in stage 39.0 failed 1 times, most recent failure: Lost task 0.0 in stage 39.0 (TID 140) (10.252.154.249 executor driver): org.apache.spark.SparkException: [TASK_WRITE_FAILED] Task failed while writing rows to s3a://dataengtrain8790/pipelineb/txn_summary.
	at org.apache.spark.sql.errors.QueryExecutionErrors$.taskFailedWhileWritingRowsError(QueryExecutionErrors.scala:774)
	at org.apache.spark.sql.execution.datasources.FileFormatWriter$.executeTask(FileFormatWriter.scala:420)
	at org.apache.spark.sql.execution.datasources.WriteFilesExec.$anonfun$doExecuteWrite$1(WriteFiles.scala:100)
	at org.apache.spark.rdd.RDD.$anonfun$mapPartitionsInternal$2(RDD.scala:893)
	at org.apache.spark.rdd.RDD.$anonfun$mapPartitionsInternal$2$adapted(RDD.scala:893)
	at org.apache.spark.rdd.MapPartitionsRDD.compute(MapPartitionsRDD.scala:52)
	at org.apache.spark.rdd.RDD.computeOrReadCheckpoint(RDD.scala:367)
	at org.apache.spark.rdd.RDD.iterator(RDD.scala:331)
	at org.apache.spark.scheduler.ResultTask.runTask(ResultTask.scala:93)
	at org.apache.spark.TaskContext.runTaskWithListeners(TaskContext.scala:166)
	at org.apache.spark.scheduler.Task.run(Task.scala:141)
	at org.apache.spark.executor.Executor$TaskRunner.$anonfun$run$4(Executor.scala:620)
	at org.apache.spark.util.SparkErrorUtils.tryWithSafeFinally(SparkErrorUtils.scala:64)
	at org.apache.spark.util.SparkErrorUtils.tryWithSafeFinally$(SparkErrorUtils.scala:61)
	at org.apache.spark.util.Utils$.tryWithSafeFinally(Utils.scala:94)
	at org.apache.spark.executor.Executor$TaskRunner.run(Executor.scala:623)
	at java.base/java.util.concurrent.ThreadPoolExecutor.runWorker(ThreadPoolExecutor.java:1128)
	at java.base/java.util.concurrent.ThreadPoolExecutor$Worker.run(ThreadPoolExecutor.java:628)
	at java.base/java.lang.Thread.run(Thread.java:829)
Caused by: java.lang.NumberFormatException: For input string: "256MB"
	at java.base/java.lang.NumberFormatException.forInputString(NumberFormatException.java:65)
	at java.base/java.lang.Long.parseLong(Long.java:692)
	at java.base/java.lang.Long.parseLong(Long.java:817)
	at org.apache.hadoop.conf.Configuration.getLong(Configuration.java:1565)
	at org.apache.parquet.hadoop.ParquetOutputFormat.getLongBlockSize(ParquetOutputFormat.java:285)
	at org.apache.parquet.hadoop.ParquetOutputFormat.getRecordWriter(ParquetOutputFormat.java:469)
	at org.apache.parquet.hadoop.ParquetOutputFormat.getRecordWriter(ParquetOutputFormat.java:422)
	at org.apache.parquet.hadoop.ParquetOutputFormat.getRecordWriter(ParquetOutputFormat.java:411)
	at org.apache.spark.sql.execution.datasources.parquet.ParquetOutputWriter.<init>(ParquetOutputWriter.scala:36)
	at org.apache.spark.sql.execution.datasources.parquet.ParquetUtils$$anon$1.newInstance(ParquetUtils.scala:490)
	at org.apache.spark.sql.execution.datasources.BaseDynamicPartitionDataWriter.renewCurrentWriter(FileFormatDataWriter.scala:298)
	at org.apache.spark.sql.execution.datasources.DynamicPartitionDataSingleWriter.write(FileFormatDataWriter.scala:365)
	at org.apache.spark.sql.execution.datasources.FileFormatDataWriter.writeWithMetrics(FileFormatDataWriter.scala:85)
	at org.apache.spark.sql.execution.datasources.FileFormatDataWriter.writeWithIterator(FileFormatDataWriter.scala:92)
	at org.apache.spark.sql.execution.datasources.FileFormatWriter$.$anonfun$executeTask$1(FileFormatWriter.scala:403)
	at org.apache.spark.util.Utils$.tryWithSafeFinallyAndFailureCallbacks(Utils.scala:1397)
	at org.apache.spark.sql.execution.datasources.FileFormatWriter$.executeTask(FileFormatWriter.scala:410)
	... 17 more

Driver stacktrace:)
2025-12-12 04:01:12.311 [task-result-getter-2] WARN  o.a.spark.scheduler.TaskSetManager - Lost task 14.0 in stage 39.0 (TID 154) (10.252.154.249 executor driver): TaskKilled (Stage cancelled: Job aborted due to stage failure: Task 0 in stage 39.0 failed 1 times, most recent failure: Lost task 0.0 in stage 39.0 (TID 140) (10.252.154.249 executor driver): org.apache.spark.SparkException: [TASK_WRITE_FAILED] Task failed while writing rows to s3a://dataengtrain8790/pipelineb/txn_summary.
	at org.apache.spark.sql.errors.QueryExecutionErrors$.taskFailedWhileWritingRowsError(QueryExecutionErrors.scala:774)
	at org.apache.spark.sql.execution.datasources.FileFormatWriter$.executeTask(FileFormatWriter.scala:420)
	at org.apache.spark.sql.execution.datasources.WriteFilesExec.$anonfun$doExecuteWrite$1(WriteFiles.scala:100)
	at org.apache.spark.rdd.RDD.$anonfun$mapPartitionsInternal$2(RDD.scala:893)
	at org.apache.spark.rdd.RDD.$anonfun$mapPartitionsInternal$2$adapted(RDD.scala:893)
	at org.apache.spark.rdd.MapPartitionsRDD.compute(MapPartitionsRDD.scala:52)
	at org.apache.spark.rdd.RDD.computeOrReadCheckpoint(RDD.scala:367)
	at org.apache.spark.rdd.RDD.iterator(RDD.scala:331)
	at org.apache.spark.scheduler.ResultTask.runTask(ResultTask.scala:93)
	at org.apache.spark.TaskContext.runTaskWithListeners(TaskContext.scala:166)
	at org.apache.spark.scheduler.Task.run(Task.scala:141)
	at org.apache.spark.executor.Executor$TaskRunner.$anonfun$run$4(Executor.scala:620)
	at org.apache.spark.util.SparkErrorUtils.tryWithSafeFinally(SparkErrorUtils.scala:64)
	at org.apache.spark.util.SparkErrorUtils.tryWithSafeFinally$(SparkErrorUtils.scala:61)
	at org.apache.spark.util.Utils$.tryWithSafeFinally(Utils.scala:94)
	at org.apache.spark.executor.Executor$TaskRunner.run(Executor.scala:623)
	at java.base/java.util.concurrent.ThreadPoolExecutor.runWorker(ThreadPoolExecutor.java:1128)
	at java.base/java.util.concurrent.ThreadPoolExecutor$Worker.run(ThreadPoolExecutor.java:628)
	at java.base/java.lang.Thread.run(Thread.java:829)
Caused by: java.lang.NumberFormatException: For input string: "256MB"
	at java.base/java.lang.NumberFormatException.forInputString(NumberFormatException.java:65)
	at java.base/java.lang.Long.parseLong(Long.java:692)
	at java.base/java.lang.Long.parseLong(Long.java:817)
	at org.apache.hadoop.conf.Configuration.getLong(Configuration.java:1565)
	at org.apache.parquet.hadoop.ParquetOutputFormat.getLongBlockSize(ParquetOutputFormat.java:285)
	at org.apache.parquet.hadoop.ParquetOutputFormat.getRecordWriter(ParquetOutputFormat.java:469)
	at org.apache.parquet.hadoop.ParquetOutputFormat.getRecordWriter(ParquetOutputFormat.java:422)
	at org.apache.parquet.hadoop.ParquetOutputFormat.getRecordWriter(ParquetOutputFormat.java:411)
	at org.apache.spark.sql.execution.datasources.parquet.ParquetOutputWriter.<init>(ParquetOutputWriter.scala:36)
	at org.apache.spark.sql.execution.datasources.parquet.ParquetUtils$$anon$1.newInstance(ParquetUtils.scala:490)
	at org.apache.spark.sql.execution.datasources.BaseDynamicPartitionDataWriter.renewCurrentWriter(FileFormatDataWriter.scala:298)
	at org.apache.spark.sql.execution.datasources.DynamicPartitionDataSingleWriter.write(FileFormatDataWriter.scala:365)
	at org.apache.spark.sql.execution.datasources.FileFormatDataWriter.writeWithMetrics(FileFormatDataWriter.scala:85)
	at org.apache.spark.sql.execution.datasources.FileFormatDataWriter.writeWithIterator(FileFormatDataWriter.scala:92)
	at org.apache.spark.sql.execution.datasources.FileFormatWriter$.$anonfun$executeTask$1(FileFormatWriter.scala:403)
	at org.apache.spark.util.Utils$.tryWithSafeFinallyAndFailureCallbacks(Utils.scala:1397)
	at org.apache.spark.sql.execution.datasources.FileFormatWriter$.executeTask(FileFormatWriter.scala:410)
	... 17 more

Driver stacktrace:)
2025-12-12 04:01:12.312 [task-result-getter-1] WARN  o.a.spark.scheduler.TaskSetManager - Lost task 15.0 in stage 39.0 (TID 155) (10.252.154.249 executor driver): TaskKilled (Stage cancelled: Job aborted due to stage failure: Task 0 in stage 39.0 failed 1 times, most recent failure: Lost task 0.0 in stage 39.0 (TID 140) (10.252.154.249 executor driver): org.apache.spark.SparkException: [TASK_WRITE_FAILED] Task failed while writing rows to s3a://dataengtrain8790/pipelineb/txn_summary.
	at org.apache.spark.sql.errors.QueryExecutionErrors$.taskFailedWhileWritingRowsError(QueryExecutionErrors.scala:774)
	at org.apache.spark.sql.execution.datasources.FileFormatWriter$.executeTask(FileFormatWriter.scala:420)
	at org.apache.spark.sql.execution.datasources.WriteFilesExec.$anonfun$doExecuteWrite$1(WriteFiles.scala:100)
	at org.apache.spark.rdd.RDD.$anonfun$mapPartitionsInternal$2(RDD.scala:893)
	at org.apache.spark.rdd.RDD.$anonfun$mapPartitionsInternal$2$adapted(RDD.scala:893)
	at org.apache.spark.rdd.MapPartitionsRDD.compute(MapPartitionsRDD.scala:52)
	at org.apache.spark.rdd.RDD.computeOrReadCheckpoint(RDD.scala:367)
	at org.apache.spark.rdd.RDD.iterator(RDD.scala:331)
	at org.apache.spark.scheduler.ResultTask.runTask(ResultTask.scala:93)
	at org.apache.spark.TaskContext.runTaskWithListeners(TaskContext.scala:166)
	at org.apache.spark.scheduler.Task.run(Task.scala:141)
	at org.apache.spark.executor.Executor$TaskRunner.$anonfun$run$4(Executor.scala:620)
	at org.apache.spark.util.SparkErrorUtils.tryWithSafeFinally(SparkErrorUtils.scala:64)
	at org.apache.spark.util.SparkErrorUtils.tryWithSafeFinally$(SparkErrorUtils.scala:61)
	at org.apache.spark.util.Utils$.tryWithSafeFinally(Utils.scala:94)
	at org.apache.spark.executor.Executor$TaskRunner.run(Executor.scala:623)
	at java.base/java.util.concurrent.ThreadPoolExecutor.runWorker(ThreadPoolExecutor.java:1128)
	at java.base/java.util.concurrent.ThreadPoolExecutor$Worker.run(ThreadPoolExecutor.java:628)
	at java.base/java.lang.Thread.run(Thread.java:829)
Caused by: java.lang.NumberFormatException: For input string: "256MB"
	at java.base/java.lang.NumberFormatException.forInputString(NumberFormatException.java:65)
	at java.base/java.lang.Long.parseLong(Long.java:692)
	at java.base/java.lang.Long.parseLong(Long.java:817)
	at org.apache.hadoop.conf.Configuration.getLong(Configuration.java:1565)
	at org.apache.parquet.hadoop.ParquetOutputFormat.getLongBlockSize(ParquetOutputFormat.java:285)
	at org.apache.parquet.hadoop.ParquetOutputFormat.getRecordWriter(ParquetOutputFormat.java:469)
	at org.apache.parquet.hadoop.ParquetOutputFormat.getRecordWriter(ParquetOutputFormat.java:422)
	at org.apache.parquet.hadoop.ParquetOutputFormat.getRecordWriter(ParquetOutputFormat.java:411)
	at org.apache.spark.sql.execution.datasources.parquet.ParquetOutputWriter.<init>(ParquetOutputWriter.scala:36)
	at org.apache.spark.sql.execution.datasources.parquet.ParquetUtils$$anon$1.newInstance(ParquetUtils.scala:490)
	at org.apache.spark.sql.execution.datasources.BaseDynamicPartitionDataWriter.renewCurrentWriter(FileFormatDataWriter.scala:298)
	at org.apache.spark.sql.execution.datasources.DynamicPartitionDataSingleWriter.write(FileFormatDataWriter.scala:365)
	at org.apache.spark.sql.execution.datasources.FileFormatDataWriter.writeWithMetrics(FileFormatDataWriter.scala:85)
	at org.apache.spark.sql.execution.datasources.FileFormatDataWriter.writeWithIterator(FileFormatDataWriter.scala:92)
	at org.apache.spark.sql.execution.datasources.FileFormatWriter$.$anonfun$executeTask$1(FileFormatWriter.scala:403)
	at org.apache.spark.util.Utils$.tryWithSafeFinallyAndFailureCallbacks(Utils.scala:1397)
	at org.apache.spark.sql.execution.datasources.FileFormatWriter$.executeTask(FileFormatWriter.scala:410)
	... 17 more

Driver stacktrace:)
2025-12-12 04:01:13.663 [sbt-bg-threads-1] ERROR TransactionSummaryJob$ - ╔════════════════════════════════════════════════════════════╗
2025-12-12 04:01:13.663 [sbt-bg-threads-1] ERROR TransactionSummaryJob$ - ║           ✗ PIPELINE B FAILED                              ║
2025-12-12 04:01:13.664 [sbt-bg-threads-1] ERROR TransactionSummaryJob$ - ╚════════════════════════════════════════════════════════════╝
2025-12-12 04:01:13.664 [sbt-bg-threads-1] ERROR TransactionSummaryJob$ - Error: Job aborted due to stage failure: Task 0 in stage 39.0 failed 1 times, most recent failure: Lost task 0.0 in stage 39.0 (TID 140) (10.252.154.249 executor driver): org.apache.spark.SparkException: [TASK_WRITE_FAILED] Task failed while writing rows to s3a://dataengtrain8790/pipelineb/txn_summary.
	at org.apache.spark.sql.errors.QueryExecutionErrors$.taskFailedWhileWritingRowsError(QueryExecutionErrors.scala:774)
	at org.apache.spark.sql.execution.datasources.FileFormatWriter$.executeTask(FileFormatWriter.scala:420)
	at org.apache.spark.sql.execution.datasources.WriteFilesExec.$anonfun$doExecuteWrite$1(WriteFiles.scala:100)
	at org.apache.spark.rdd.RDD.$anonfun$mapPartitionsInternal$2(RDD.scala:893)
	at org.apache.spark.rdd.RDD.$anonfun$mapPartitionsInternal$2$adapted(RDD.scala:893)
	at org.apache.spark.rdd.MapPartitionsRDD.compute(MapPartitionsRDD.scala:52)
	at org.apache.spark.rdd.RDD.computeOrReadCheckpoint(RDD.scala:367)
	at org.apache.spark.rdd.RDD.iterator(RDD.scala:331)
	at org.apache.spark.scheduler.ResultTask.runTask(ResultTask.scala:93)
	at org.apache.spark.TaskContext.runTaskWithListeners(TaskContext.scala:166)
	at org.apache.spark.scheduler.Task.run(Task.scala:141)
	at org.apache.spark.executor.Executor$TaskRunner.$anonfun$run$4(Executor.scala:620)
	at org.apache.spark.util.SparkErrorUtils.tryWithSafeFinally(SparkErrorUtils.scala:64)
	at org.apache.spark.util.SparkErrorUtils.tryWithSafeFinally$(SparkErrorUtils.scala:61)
	at org.apache.spark.util.Utils$.tryWithSafeFinally(Utils.scala:94)
	at org.apache.spark.executor.Executor$TaskRunner.run(Executor.scala:623)
	at java.base/java.util.concurrent.ThreadPoolExecutor.runWorker(ThreadPoolExecutor.java:1128)
	at java.base/java.util.concurrent.ThreadPoolExecutor$Worker.run(ThreadPoolExecutor.java:628)
	at java.base/java.lang.Thread.run(Thread.java:829)
Caused by: java.lang.NumberFormatException: For input string: "256MB"
	at java.base/java.lang.NumberFormatException.forInputString(NumberFormatException.java:65)
	at java.base/java.lang.Long.parseLong(Long.java:692)
	at java.base/java.lang.Long.parseLong(Long.java:817)
	at org.apache.hadoop.conf.Configuration.getLong(Configuration.java:1565)
	at org.apache.parquet.hadoop.ParquetOutputFormat.getLongBlockSize(ParquetOutputFormat.java:285)
	at org.apache.parquet.hadoop.ParquetOutputFormat.getRecordWriter(ParquetOutputFormat.java:469)
	at org.apache.parquet.hadoop.ParquetOutputFormat.getRecordWriter(ParquetOutputFormat.java:422)
	at org.apache.parquet.hadoop.ParquetOutputFormat.getRecordWriter(ParquetOutputFormat.java:411)
	at org.apache.spark.sql.execution.datasources.parquet.ParquetOutputWriter.<init>(ParquetOutputWriter.scala:36)
	at org.apache.spark.sql.execution.datasources.parquet.ParquetUtils$$anon$1.newInstance(ParquetUtils.scala:490)
	at org.apache.spark.sql.execution.datasources.BaseDynamicPartitionDataWriter.renewCurrentWriter(FileFormatDataWriter.scala:298)
	at org.apache.spark.sql.execution.datasources.DynamicPartitionDataSingleWriter.write(FileFormatDataWriter.scala:365)
	at org.apache.spark.sql.execution.datasources.FileFormatDataWriter.writeWithMetrics(FileFormatDataWriter.scala:85)
	at org.apache.spark.sql.execution.datasources.FileFormatDataWriter.writeWithIterator(FileFormatDataWriter.scala:92)
	at org.apache.spark.sql.execution.datasources.FileFormatWriter$.$anonfun$executeTask$1(FileFormatWriter.scala:403)
	at org.apache.spark.util.Utils$.tryWithSafeFinallyAndFailureCallbacks(Utils.scala:1397)
	at org.apache.spark.sql.execution.datasources.FileFormatWriter$.executeTask(FileFormatWriter.scala:410)
	... 17 more

Driver stacktrace:
org.apache.spark.SparkException: Job aborted due to stage failure: Task 0 in stage 39.0 failed 1 times, most recent failure: Lost task 0.0 in stage 39.0 (TID 140) (10.252.154.249 executor driver): org.apache.spark.SparkException: [TASK_WRITE_FAILED] Task failed while writing rows to s3a://dataengtrain8790/pipelineb/txn_summary.
	at org.apache.spark.sql.errors.QueryExecutionErrors$.taskFailedWhileWritingRowsError(QueryExecutionErrors.scala:774)
	at org.apache.spark.sql.execution.datasources.FileFormatWriter$.executeTask(FileFormatWriter.scala:420)
	at org.apache.spark.sql.execution.datasources.WriteFilesExec.$anonfun$doExecuteWrite$1(WriteFiles.scala:100)
	at org.apache.spark.rdd.RDD.$anonfun$mapPartitionsInternal$2(RDD.scala:893)
	at org.apache.spark.rdd.RDD.$anonfun$mapPartitionsInternal$2$adapted(RDD.scala:893)
	at org.apache.spark.rdd.MapPartitionsRDD.compute(MapPartitionsRDD.scala:52)
	at org.apache.spark.rdd.RDD.computeOrReadCheckpoint(RDD.scala:367)
	at org.apache.spark.rdd.RDD.iterator(RDD.scala:331)
	at org.apache.spark.scheduler.ResultTask.runTask(ResultTask.scala:93)
	at org.apache.spark.TaskContext.runTaskWithListeners(TaskContext.scala:166)
	at org.apache.spark.scheduler.Task.run(Task.scala:141)
	at org.apache.spark.executor.Executor$TaskRunner.$anonfun$run$4(Executor.scala:620)
	at org.apache.spark.util.SparkErrorUtils.tryWithSafeFinally(SparkErrorUtils.scala:64)
	at org.apache.spark.util.SparkErrorUtils.tryWithSafeFinally$(SparkErrorUtils.scala:61)
	at org.apache.spark.util.Utils$.tryWithSafeFinally(Utils.scala:94)
	at org.apache.spark.executor.Executor$TaskRunner.run(Executor.scala:623)
	at java.base/java.util.concurrent.ThreadPoolExecutor.runWorker(ThreadPoolExecutor.java:1128)
	at java.base/java.util.concurrent.ThreadPoolExecutor$Worker.run(ThreadPoolExecutor.java:628)
	at java.base/java.lang.Thread.run(Thread.java:829)
Caused by: java.lang.NumberFormatException: For input string: "256MB"
	at java.base/java.lang.NumberFormatException.forInputString(NumberFormatException.java:65)
	at java.base/java.lang.Long.parseLong(Long.java:692)
	at java.base/java.lang.Long.parseLong(Long.java:817)
	at org.apache.hadoop.conf.Configuration.getLong(Configuration.java:1565)
	at org.apache.parquet.hadoop.ParquetOutputFormat.getLongBlockSize(ParquetOutputFormat.java:285)
	at org.apache.parquet.hadoop.ParquetOutputFormat.getRecordWriter(ParquetOutputFormat.java:469)
	at org.apache.parquet.hadoop.ParquetOutputFormat.getRecordWriter(ParquetOutputFormat.java:422)
	at org.apache.parquet.hadoop.ParquetOutputFormat.getRecordWriter(ParquetOutputFormat.java:411)
	at org.apache.spark.sql.execution.datasources.parquet.ParquetOutputWriter.<init>(ParquetOutputWriter.scala:36)
	at org.apache.spark.sql.execution.datasources.parquet.ParquetUtils$$anon$1.newInstance(ParquetUtils.scala:490)
	at org.apache.spark.sql.execution.datasources.BaseDynamicPartitionDataWriter.renewCurrentWriter(FileFormatDataWriter.scala:298)
	at org.apache.spark.sql.execution.datasources.DynamicPartitionDataSingleWriter.write(FileFormatDataWriter.scala:365)
	at org.apache.spark.sql.execution.datasources.FileFormatDataWriter.writeWithMetrics(FileFormatDataWriter.scala:85)
	at org.apache.spark.sql.execution.datasources.FileFormatDataWriter.writeWithIterator(FileFormatDataWriter.scala:92)
	at org.apache.spark.sql.execution.datasources.FileFormatWriter$.$anonfun$executeTask$1(FileFormatWriter.scala:403)
	at org.apache.spark.util.Utils$.tryWithSafeFinallyAndFailureCallbacks(Utils.scala:1397)
	at org.apache.spark.sql.execution.datasources.FileFormatWriter$.executeTask(FileFormatWriter.scala:410)
	... 17 more

Driver stacktrace:
	at org.apache.spark.scheduler.DAGScheduler.failJobAndIndependentStages(DAGScheduler.scala:2856)
	at org.apache.spark.scheduler.DAGScheduler.$anonfun$abortStage$2(DAGScheduler.scala:2792)
	at org.apache.spark.scheduler.DAGScheduler.$anonfun$abortStage$2$adapted(DAGScheduler.scala:2791)
	at scala.collection.mutable.ResizableArray.foreach(ResizableArray.scala:62)
	at scala.collection.mutable.ResizableArray.foreach$(ResizableArray.scala:55)
	at scala.collection.mutable.ArrayBuffer.foreach(ArrayBuffer.scala:49)
	at org.apache.spark.scheduler.DAGScheduler.abortStage(DAGScheduler.scala:2791)
	at org.apache.spark.scheduler.DAGScheduler.$anonfun$handleTaskSetFailed$1(DAGScheduler.scala:1247)
	at org.apache.spark.scheduler.DAGScheduler.$anonfun$handleTaskSetFailed$1$adapted(DAGScheduler.scala:1247)
	at scala.Option.foreach(Option.scala:407)
	at org.apache.spark.scheduler.DAGScheduler.handleTaskSetFailed(DAGScheduler.scala:1247)
	at org.apache.spark.scheduler.DAGSchedulerEventProcessLoop.doOnReceive(DAGScheduler.scala:3060)
	at org.apache.spark.scheduler.DAGSchedulerEventProcessLoop.onReceive(DAGScheduler.scala:2994)
	at org.apache.spark.scheduler.DAGSchedulerEventProcessLoop.onReceive(DAGScheduler.scala:2983)
	at org.apache.spark.util.EventLoop$$anon$1.run(EventLoop.scala:49)
	at org.apache.spark.scheduler.DAGScheduler.runJob(DAGScheduler.scala:989)
	at org.apache.spark.SparkContext.runJob(SparkContext.scala:2398)
	at org.apache.spark.sql.execution.datasources.FileFormatWriter$.$anonfun$executeWrite$4(FileFormatWriter.scala:307)
	at org.apache.spark.sql.execution.datasources.FileFormatWriter$.writeAndCommit(FileFormatWriter.scala:271)
	at org.apache.spark.sql.execution.datasources.FileFormatWriter$.executeWrite(FileFormatWriter.scala:304)
	at org.apache.spark.sql.execution.datasources.FileFormatWriter$.write(FileFormatWriter.scala:190)
	at org.apache.spark.sql.execution.datasources.InsertIntoHadoopFsRelationCommand.run(InsertIntoHadoopFsRelationCommand.scala:190)
	at org.apache.spark.sql.execution.command.DataWritingCommandExec.sideEffectResult$lzycompute(commands.scala:113)
	at org.apache.spark.sql.execution.command.DataWritingCommandExec.sideEffectResult(commands.scala:111)
	at org.apache.spark.sql.execution.command.DataWritingCommandExec.executeCollect(commands.scala:125)
	at org.apache.spark.sql.execution.adaptive.AdaptiveSparkPlanExec.$anonfun$executeCollect$1(AdaptiveSparkPlanExec.scala:390)
	at org.apache.spark.sql.execution.adaptive.AdaptiveSparkPlanExec.withFinalPlanUpdate(AdaptiveSparkPlanExec.scala:418)
	at org.apache.spark.sql.execution.adaptive.AdaptiveSparkPlanExec.executeCollect(AdaptiveSparkPlanExec.scala:390)
	at org.apache.spark.sql.execution.QueryExecution$$anonfun$eagerlyExecuteCommands$1.$anonfun$applyOrElse$1(QueryExecution.scala:107)
	at org.apache.spark.sql.execution.SQLExecution$.$anonfun$withNewExecutionId$6(SQLExecution.scala:125)
	at org.apache.spark.sql.execution.SQLExecution$.withSQLConfPropagated(SQLExecution.scala:201)
	at org.apache.spark.sql.execution.SQLExecution$.$anonfun$withNewExecutionId$1(SQLExecution.scala:108)
	at org.apache.spark.sql.SparkSession.withActive(SparkSession.scala:900)
	at org.apache.spark.sql.execution.SQLExecution$.withNewExecutionId(SQLExecution.scala:66)
	at org.apache.spark.sql.execution.QueryExecution$$anonfun$eagerlyExecuteCommands$1.applyOrElse(QueryExecution.scala:107)
	at org.apache.spark.sql.execution.QueryExecution$$anonfun$eagerlyExecuteCommands$1.applyOrElse(QueryExecution.scala:98)
	at org.apache.spark.sql.catalyst.trees.TreeNode.$anonfun$transformDownWithPruning$1(TreeNode.scala:461)
	at org.apache.spark.sql.catalyst.trees.CurrentOrigin$.withOrigin(origin.scala:76)
	at org.apache.spark.sql.catalyst.trees.TreeNode.transformDownWithPruning(TreeNode.scala:461)
	at org.apache.spark.sql.catalyst.plans.logical.LogicalPlan.org$apache$spark$sql$catalyst$plans$logical$AnalysisHelper$$super$transformDownWithPruning(LogicalPlan.scala:32)
	at org.apache.spark.sql.catalyst.plans.logical.AnalysisHelper.transformDownWithPruning(AnalysisHelper.scala:267)
	at org.apache.spark.sql.catalyst.plans.logical.AnalysisHelper.transformDownWithPruning$(AnalysisHelper.scala:263)
	at org.apache.spark.sql.catalyst.plans.logical.LogicalPlan.transformDownWithPruning(LogicalPlan.scala:32)
	at org.apache.spark.sql.catalyst.plans.logical.LogicalPlan.transformDownWithPruning(LogicalPlan.scala:32)
	at org.apache.spark.sql.catalyst.trees.TreeNode.transformDown(TreeNode.scala:437)
	at org.apache.spark.sql.execution.QueryExecution.eagerlyExecuteCommands(QueryExecution.scala:98)
	at org.apache.spark.sql.execution.QueryExecution.commandExecuted$lzycompute(QueryExecution.scala:85)
	at org.apache.spark.sql.execution.QueryExecution.commandExecuted(QueryExecution.scala:83)
	at org.apache.spark.sql.execution.QueryExecution.assertCommandExecuted(QueryExecution.scala:142)
	at org.apache.spark.sql.DataFrameWriter.runCommand(DataFrameWriter.scala:859)
	at org.apache.spark.sql.DataFrameWriter.saveToV1Source(DataFrameWriter.scala:388)
	at org.apache.spark.sql.DataFrameWriter.saveInternal(DataFrameWriter.scala:361)
	at org.apache.spark.sql.DataFrameWriter.save(DataFrameWriter.scala:240)
	at org.apache.spark.sql.DataFrameWriter.parquet(DataFrameWriter.scala:792)
	at loader.ParquetLoader.write(ParquetLoader.scala:28)
	at TransactionSummaryJob$.main(TransactionSummaryJob.scala:62)
	at TransactionSummaryJob.main(TransactionSummaryJob.scala)
	at java.base/jdk.internal.reflect.NativeMethodAccessorImpl.invoke0(Native Method)
	at java.base/jdk.internal.reflect.NativeMethodAccessorImpl.invoke(NativeMethodAccessorImpl.java:62)
	at java.base/jdk.internal.reflect.DelegatingMethodAccessorImpl.invoke(DelegatingMethodAccessorImpl.java:43)
	at java.base/java.lang.reflect.Method.invoke(Method.java:566)
	at sbt.Run.invokeMain(Run.scala:139)
	at sbt.Run.execute$1(Run.scala:85)
	at sbt.Run.$anonfun$runWithLoader$5(Run.scala:112)
	at sbt.Run$.executeSuccess(Run.scala:227)
	at sbt.Run.runWithLoader(Run.scala:112)
	at sbt.Defaults$.$anonfun$bgRunTask$6(Defaults.scala:2094)
	at sbt.Defaults$.$anonfun$termWrapper$2(Defaults.scala:2033)
	at scala.runtime.java8.JFunction0$mcV$sp.apply(JFunction0$mcV$sp.java:23)
	at scala.util.Try$.apply(Try.scala:213)
	at sbt.internal.BackgroundThreadPool$BackgroundRunnable.run(DefaultBackgroundJobService.scala:378)
	at java.base/java.util.concurrent.ThreadPoolExecutor.runWorker(ThreadPoolExecutor.java:1128)
	at java.base/java.util.concurrent.ThreadPoolExecutor$Worker.run(ThreadPoolExecutor.java:628)
	at java.base/java.lang.Thread.run(Thread.java:829)
Caused by: org.apache.spark.SparkException: [TASK_WRITE_FAILED] Task failed while writing rows to s3a://dataengtrain8790/pipelineb/txn_summary.
	at org.apache.spark.sql.errors.QueryExecutionErrors$.taskFailedWhileWritingRowsError(QueryExecutionErrors.scala:774)
	at org.apache.spark.sql.execution.datasources.FileFormatWriter$.executeTask(FileFormatWriter.scala:420)
	at org.apache.spark.sql.execution.datasources.WriteFilesExec.$anonfun$doExecuteWrite$1(WriteFiles.scala:100)
	at org.apache.spark.rdd.RDD.$anonfun$mapPartitionsInternal$2(RDD.scala:893)
	at org.apache.spark.rdd.RDD.$anonfun$mapPartitionsInternal$2$adapted(RDD.scala:893)
	at org.apache.spark.rdd.MapPartitionsRDD.compute(MapPartitionsRDD.scala:52)
	at org.apache.spark.rdd.RDD.computeOrReadCheckpoint(RDD.scala:367)
	at org.apache.spark.rdd.RDD.iterator(RDD.scala:331)
	at org.apache.spark.scheduler.ResultTask.runTask(ResultTask.scala:93)
	at org.apache.spark.TaskContext.runTaskWithListeners(TaskContext.scala:166)
	at org.apache.spark.scheduler.Task.run(Task.scala:141)
	at org.apache.spark.executor.Executor$TaskRunner.$anonfun$run$4(Executor.scala:620)
	at org.apache.spark.util.SparkErrorUtils.tryWithSafeFinally(SparkErrorUtils.scala:64)
	at org.apache.spark.util.SparkErrorUtils.tryWithSafeFinally$(SparkErrorUtils.scala:61)
	at org.apache.spark.util.Utils$.tryWithSafeFinally(Utils.scala:94)
	at org.apache.spark.executor.Executor$TaskRunner.run(Executor.scala:623)
	... 3 common frames omitted
Caused by: java.lang.NumberFormatException: For input string: "256MB"
	at java.base/java.lang.NumberFormatException.forInputString(NumberFormatException.java:65)
	at java.base/java.lang.Long.parseLong(Long.java:692)
	at java.base/java.lang.Long.parseLong(Long.java:817)
	at org.apache.hadoop.conf.Configuration.getLong(Configuration.java:1565)
	at org.apache.parquet.hadoop.ParquetOutputFormat.getLongBlockSize(ParquetOutputFormat.java:285)
	at org.apache.parquet.hadoop.ParquetOutputFormat.getRecordWriter(ParquetOutputFormat.java:469)
	at org.apache.parquet.hadoop.ParquetOutputFormat.getRecordWriter(ParquetOutputFormat.java:422)
	at org.apache.parquet.hadoop.ParquetOutputFormat.getRecordWriter(ParquetOutputFormat.java:411)
	at org.apache.spark.sql.execution.datasources.parquet.ParquetOutputWriter.<init>(ParquetOutputWriter.scala:36)
	at org.apache.spark.sql.execution.datasources.parquet.ParquetUtils$$anon$1.newInstance(ParquetUtils.scala:490)
	at org.apache.spark.sql.execution.datasources.BaseDynamicPartitionDataWriter.renewCurrentWriter(FileFormatDataWriter.scala:298)
	at org.apache.spark.sql.execution.datasources.DynamicPartitionDataSingleWriter.write(FileFormatDataWriter.scala:365)
	at org.apache.spark.sql.execution.datasources.FileFormatDataWriter.writeWithMetrics(FileFormatDataWriter.scala:85)
	at org.apache.spark.sql.execution.datasources.FileFormatDataWriter.writeWithIterator(FileFormatDataWriter.scala:92)
	at org.apache.spark.sql.execution.datasources.FileFormatWriter$.$anonfun$executeTask$1(FileFormatWriter.scala:403)
	at org.apache.spark.util.Utils$.tryWithSafeFinallyAndFailureCallbacks(Utils.scala:1397)
	at org.apache.spark.sql.execution.datasources.FileFormatWriter$.executeTask(FileFormatWriter.scala:410)
	... 17 common frames omitted
2025-12-12 04:01:13.685 [shutdown-hook-0] INFO  o.s.jetty.server.AbstractConnector - Stopped Spark@1041b351{HTTP/1.1, (http/1.1)}{0.0.0.0:4041}
2025-12-12 04:05:40.879 [sbt-bg-threads-1] INFO  TransactionSummaryJob$ - ╔════════════════════════════════════════════════════════════╗
2025-12-12 04:05:40.881 [sbt-bg-threads-1] INFO  TransactionSummaryJob$ - ║        PIPELINE B: DAILY TRANSACTION SUMMARY               ║
2025-12-12 04:05:40.881 [sbt-bg-threads-1] INFO  TransactionSummaryJob$ - ║        MySQL → Parquet (Batch, Scheduled Daily)            ║
2025-12-12 04:05:40.881 [sbt-bg-threads-1] INFO  TransactionSummaryJob$ - ╚════════════════════════════════════════════════════════════╝
2025-12-12 04:05:40.882 [sbt-bg-threads-1] INFO  util.SparkSessionFactory$ - ╔════════════════════════════════════════════════════════════╗
2025-12-12 04:05:40.882 [sbt-bg-threads-1] INFO  util.SparkSessionFactory$ - ║    Creating Spark Session for Pipeline B (OPTIMIZED)       ║
2025-12-12 04:05:40.882 [sbt-bg-threads-1] INFO  util.SparkSessionFactory$ - ╚════════════════════════════════════════════════════════════╝
2025-12-12 04:05:46.281 [sbt-bg-threads-1] WARN  o.a.hadoop.util.NativeCodeLoader - Unable to load native-hadoop library for your platform... using builtin-java classes where applicable
2025-12-12 04:05:46.547 [sbt-bg-threads-1] INFO  org.sparkproject.jetty.util.log - Logging initialized @15952ms to org.sparkproject.jetty.util.log.Slf4jLog
2025-12-12 04:05:46.588 [sbt-bg-threads-1] INFO  o.sparkproject.jetty.server.Server - jetty-9.4.52.v20230823; built: 2023-08-23T19:29:37.669Z; git: abdcda73818a1a2c705da276edb0bf6581e7997e; jvm 11.0.29+0
2025-12-12 04:05:46.596 [sbt-bg-threads-1] INFO  o.sparkproject.jetty.server.Server - Started @16002ms
2025-12-12 04:05:46.609 [sbt-bg-threads-1] WARN  org.apache.spark.util.Utils - Service 'SparkUI' could not bind on port 4040. Attempting port 4041.
2025-12-12 04:05:46.613 [sbt-bg-threads-1] INFO  o.s.jetty.server.AbstractConnector - Started ServerConnector@85e4d8c{HTTP/1.1, (http/1.1)}{0.0.0.0:4041}
2025-12-12 04:05:46.624 [sbt-bg-threads-1] INFO  o.s.j.server.handler.ContextHandler - Started o.s.j.s.ServletContextHandler@299059e4{/,null,AVAILABLE,@Spark}
2025-12-12 04:05:46.768 [sbt-bg-threads-1] INFO  o.s.j.server.handler.ContextHandler - Stopped o.s.j.s.ServletContextHandler@299059e4{/,null,STOPPED,@Spark}
2025-12-12 04:05:46.770 [sbt-bg-threads-1] INFO  o.s.j.server.handler.ContextHandler - Started o.s.j.s.ServletContextHandler@56153436{/jobs,null,AVAILABLE,@Spark}
2025-12-12 04:05:46.770 [sbt-bg-threads-1] INFO  o.s.j.server.handler.ContextHandler - Started o.s.j.s.ServletContextHandler@2408481c{/jobs/json,null,AVAILABLE,@Spark}
2025-12-12 04:05:46.771 [sbt-bg-threads-1] INFO  o.s.j.server.handler.ContextHandler - Started o.s.j.s.ServletContextHandler@36ba7de0{/jobs/job,null,AVAILABLE,@Spark}
2025-12-12 04:05:46.772 [sbt-bg-threads-1] INFO  o.s.j.server.handler.ContextHandler - Started o.s.j.s.ServletContextHandler@10597ee7{/jobs/job/json,null,AVAILABLE,@Spark}
2025-12-12 04:05:46.772 [sbt-bg-threads-1] INFO  o.s.j.server.handler.ContextHandler - Started o.s.j.s.ServletContextHandler@133c100{/stages,null,AVAILABLE,@Spark}
2025-12-12 04:05:46.773 [sbt-bg-threads-1] INFO  o.s.j.server.handler.ContextHandler - Started o.s.j.s.ServletContextHandler@db98230{/stages/json,null,AVAILABLE,@Spark}
2025-12-12 04:05:46.773 [sbt-bg-threads-1] INFO  o.s.j.server.handler.ContextHandler - Started o.s.j.s.ServletContextHandler@25630489{/stages/stage,null,AVAILABLE,@Spark}
2025-12-12 04:05:46.774 [sbt-bg-threads-1] INFO  o.s.j.server.handler.ContextHandler - Started o.s.j.s.ServletContextHandler@290b7c85{/stages/stage/json,null,AVAILABLE,@Spark}
2025-12-12 04:05:46.774 [sbt-bg-threads-1] INFO  o.s.j.server.handler.ContextHandler - Started o.s.j.s.ServletContextHandler@3c9e01b6{/stages/pool,null,AVAILABLE,@Spark}
2025-12-12 04:05:46.775 [sbt-bg-threads-1] INFO  o.s.j.server.handler.ContextHandler - Started o.s.j.s.ServletContextHandler@54839d94{/stages/pool/json,null,AVAILABLE,@Spark}
2025-12-12 04:05:46.775 [sbt-bg-threads-1] INFO  o.s.j.server.handler.ContextHandler - Started o.s.j.s.ServletContextHandler@39cbff8c{/storage,null,AVAILABLE,@Spark}
2025-12-12 04:05:46.775 [sbt-bg-threads-1] INFO  o.s.j.server.handler.ContextHandler - Started o.s.j.s.ServletContextHandler@26b12f5a{/storage/json,null,AVAILABLE,@Spark}
2025-12-12 04:05:46.775 [sbt-bg-threads-1] INFO  o.s.j.server.handler.ContextHandler - Started o.s.j.s.ServletContextHandler@13be8b90{/storage/rdd,null,AVAILABLE,@Spark}
2025-12-12 04:05:46.776 [sbt-bg-threads-1] INFO  o.s.j.server.handler.ContextHandler - Started o.s.j.s.ServletContextHandler@6110cb55{/storage/rdd/json,null,AVAILABLE,@Spark}
2025-12-12 04:05:46.776 [sbt-bg-threads-1] INFO  o.s.j.server.handler.ContextHandler - Started o.s.j.s.ServletContextHandler@a9f78bc{/environment,null,AVAILABLE,@Spark}
2025-12-12 04:05:46.777 [sbt-bg-threads-1] INFO  o.s.j.server.handler.ContextHandler - Started o.s.j.s.ServletContextHandler@41e0f07{/environment/json,null,AVAILABLE,@Spark}
2025-12-12 04:05:46.777 [sbt-bg-threads-1] INFO  o.s.j.server.handler.ContextHandler - Started o.s.j.s.ServletContextHandler@4c7218a3{/executors,null,AVAILABLE,@Spark}
2025-12-12 04:05:46.777 [sbt-bg-threads-1] INFO  o.s.j.server.handler.ContextHandler - Started o.s.j.s.ServletContextHandler@427ba505{/executors/json,null,AVAILABLE,@Spark}
2025-12-12 04:05:46.778 [sbt-bg-threads-1] INFO  o.s.j.server.handler.ContextHandler - Started o.s.j.s.ServletContextHandler@6d5301df{/executors/threadDump,null,AVAILABLE,@Spark}
2025-12-12 04:05:46.778 [sbt-bg-threads-1] INFO  o.s.j.server.handler.ContextHandler - Started o.s.j.s.ServletContextHandler@b181c2d{/executors/threadDump/json,null,AVAILABLE,@Spark}
2025-12-12 04:05:46.779 [sbt-bg-threads-1] INFO  o.s.j.server.handler.ContextHandler - Started o.s.j.s.ServletContextHandler@a7e7431{/executors/heapHistogram,null,AVAILABLE,@Spark}
2025-12-12 04:05:46.779 [sbt-bg-threads-1] INFO  o.s.j.server.handler.ContextHandler - Started o.s.j.s.ServletContextHandler@73ab02a3{/executors/heapHistogram/json,null,AVAILABLE,@Spark}
2025-12-12 04:05:46.783 [sbt-bg-threads-1] INFO  o.s.j.server.handler.ContextHandler - Started o.s.j.s.ServletContextHandler@436d2618{/static,null,AVAILABLE,@Spark}
2025-12-12 04:05:46.783 [sbt-bg-threads-1] INFO  o.s.j.server.handler.ContextHandler - Started o.s.j.s.ServletContextHandler@6ff84f28{/,null,AVAILABLE,@Spark}
2025-12-12 04:05:46.784 [sbt-bg-threads-1] INFO  o.s.j.server.handler.ContextHandler - Started o.s.j.s.ServletContextHandler@1994ce0e{/api,null,AVAILABLE,@Spark}
2025-12-12 04:05:46.785 [sbt-bg-threads-1] INFO  o.s.j.server.handler.ContextHandler - Started o.s.j.s.ServletContextHandler@2d8a308f{/jobs/job/kill,null,AVAILABLE,@Spark}
2025-12-12 04:05:46.785 [sbt-bg-threads-1] INFO  o.s.j.server.handler.ContextHandler - Started o.s.j.s.ServletContextHandler@69b071ef{/stages/stage/kill,null,AVAILABLE,@Spark}
2025-12-12 04:05:46.787 [sbt-bg-threads-1] INFO  o.s.j.server.handler.ContextHandler - Started o.s.j.s.ServletContextHandler@121d936f{/metrics/json,null,AVAILABLE,@Spark}
2025-12-12 04:05:46.969 [sbt-bg-threads-1] INFO  util.SparkSessionFactory$ - Spark version: 3.5.1
2025-12-12 04:05:46.969 [sbt-bg-threads-1] INFO  util.SparkSessionFactory$ - App name: Pipeline-B-Daily-Transaction-Summary
2025-12-12 04:05:46.969 [sbt-bg-threads-1] INFO  util.SparkSessionFactory$ - Master: local[*]
2025-12-12 04:05:46.969 [sbt-bg-threads-1] INFO  util.SparkSessionFactory$ - Shuffle partitions: 32
2025-12-12 04:05:46.969 [sbt-bg-threads-1] INFO  util.SparkSessionFactory$ - S3 threads: 32 max, 16 core
2025-12-12 04:05:46.969 [sbt-bg-threads-1] INFO  util.SparkSessionFactory$ - ✓ Spark Session created successfully
2025-12-12 04:05:46.969 [sbt-bg-threads-1] INFO  TransactionSummaryJob$ - Normal mode: extracting latest available date's transactions
2025-12-12 04:05:46.969 [sbt-bg-threads-1] INFO  TransactionSummaryJob$ - ═══════════════════════════════════════════════════════════
2025-12-12 04:05:46.970 [sbt-bg-threads-1] INFO  TransactionSummaryJob$ - Step 1: EXTRACT - Reading from MySQL
2025-12-12 04:05:46.970 [sbt-bg-threads-1] INFO  TransactionSummaryJob$ - ═══════════════════════════════════════════════════════════
2025-12-12 04:05:46.970 [sbt-bg-threads-1] INFO  extractor.MySQLExtractor - Extracting transactions...
2025-12-12 04:05:46.970 [sbt-bg-threads-1] INFO  extractor.MySQLExtractor -   Mode: Latest available date
2025-12-12 04:05:46.970 [sbt-bg-threads-1] INFO  extractor.MySQLExtractor - SQL Query:
(
SELECT t.txn_id,
       t.customer_id,
       t.product_id,
       t.qty,
       t.amount,
       t.txn_timestamp,
       p.category
FROM transactions t
INNER JOIN products p ON t.product_id = p.product_id
WHERE t.product_id IS NOT NULL
AND DATE(t.txn_timestamp) = (SELECT MAX(DATE(txn_timestamp)) FROM transactions)
) tx

2025-12-12 04:05:47.022 [sbt-bg-threads-1] INFO  o.s.j.server.handler.ContextHandler - Started o.s.j.s.ServletContextHandler@4440c061{/SQL,null,AVAILABLE,@Spark}
2025-12-12 04:05:47.022 [sbt-bg-threads-1] INFO  o.s.j.server.handler.ContextHandler - Started o.s.j.s.ServletContextHandler@1fdbd30{/SQL/json,null,AVAILABLE,@Spark}
2025-12-12 04:05:47.022 [sbt-bg-threads-1] INFO  o.s.j.server.handler.ContextHandler - Started o.s.j.s.ServletContextHandler@109b858f{/SQL/execution,null,AVAILABLE,@Spark}
2025-12-12 04:05:47.023 [sbt-bg-threads-1] INFO  o.s.j.server.handler.ContextHandler - Started o.s.j.s.ServletContextHandler@242964a4{/SQL/execution/json,null,AVAILABLE,@Spark}
2025-12-12 04:05:47.027 [sbt-bg-threads-1] INFO  o.s.j.server.handler.ContextHandler - Started o.s.j.s.ServletContextHandler@d18d5ce{/static/sql,null,AVAILABLE,@Spark}
2025-12-12 04:06:03.068 [sbt-bg-threads-1] INFO  extractor.MySQLExtractor - ✓ Extracted 87 transactions
2025-12-12 04:06:10.006 [sbt-bg-threads-1] INFO  TransactionSummaryJob$ - ═══════════════════════════════════════════════════════════
2025-12-12 04:06:10.006 [sbt-bg-threads-1] INFO  TransactionSummaryJob$ - Step 2: TRANSFORM - Building daily transaction summaries
2025-12-12 04:06:10.006 [sbt-bg-threads-1] INFO  TransactionSummaryJob$ - ═══════════════════════════════════════════════════════════
2025-12-12 04:06:10.007 [sbt-bg-threads-1] INFO  transformer.TransactionSummarizer - Phase 1: Data Quality - Filtering null product_ids
2025-12-12 04:06:25.298 [sbt-bg-threads-1] INFO  transformer.TransactionSummarizer - ✓ All transactions have valid product_id
2025-12-12 04:06:25.298 [sbt-bg-threads-1] INFO  transformer.TransactionSummarizer - Phase 2: Add date partition column
2025-12-12 04:06:25.311 [sbt-bg-threads-1] INFO  transformer.TransactionSummarizer - Phase 3: Compute top category per (date, customer_id)
2025-12-12 04:06:25.683 [sbt-bg-threads-1] INFO  transformer.TransactionSummarizer - Phase 4: Aggregate transaction metrics
2025-12-12 04:06:39.982 [sbt-bg-threads-1] INFO  transformer.TransactionSummarizer - ✓ Generated 86 daily summaries (rows: date + customer_id)
2025-12-12 04:06:39.982 [sbt-bg-threads-1] INFO  TransactionSummaryJob$ - ═══════════════════════════════════════════════════════════
2025-12-12 04:06:39.982 [sbt-bg-threads-1] INFO  TransactionSummaryJob$ - Step 3: LOAD - Writing to Parquet
2025-12-12 04:06:39.982 [sbt-bg-threads-1] INFO  TransactionSummaryJob$ - ═══════════════════════════════════════════════════════════
2025-12-12 04:06:39.983 [sbt-bg-threads-1] INFO  loader.ParquetLoader - Writing Parquet to s3a://dataengtrain8790/pipelineb/txn_summary
2025-12-12 04:06:39.983 [sbt-bg-threads-1] INFO  loader.ParquetLoader -   - Repartition parallelism: 16
2025-12-12 04:06:39.983 [sbt-bg-threads-1] INFO  loader.ParquetLoader -   - Compression: Snappy
2025-12-12 04:06:39.983 [sbt-bg-threads-1] INFO  loader.ParquetLoader -   - Partition column: date
2025-12-12 04:06:40.048 [sbt-bg-threads-1] WARN  o.a.h.metrics2.impl.MetricsConfig - Cannot locate configuration: tried hadoop-metrics2-s3a-file-system.properties,hadoop-metrics2.properties
2025-12-12 04:07:01.667 [Executor task launch worker for task 0.0 in stage 39.0 (TID 140)] INFO  o.a.parquet.hadoop.codec.CodecConfig - Compression: SNAPPY
2025-12-12 04:07:01.777 [Executor task launch worker for task 0.0 in stage 39.0 (TID 140)] INFO  o.a.parquet.hadoop.codec.CodecConfig - Compression: SNAPPY
2025-12-12 04:07:01.794 [Executor task launch worker for task 0.0 in stage 39.0 (TID 140)] INFO  o.a.p.hadoop.ParquetOutputFormat - ParquetRecordWriter [block size: 134217728b, row group padding size: 8388608b, validating: false]
2025-12-12 04:07:18.806 [sbt-bg-threads-1] INFO  loader.ParquetLoader - ✓ Parquet write completed successfully
2025-12-12 04:07:18.816 [sbt-bg-threads-1] INFO  TransactionSummaryJob$ - ═══════════════════════════════════════════════════════════
2025-12-12 04:07:18.816 [sbt-bg-threads-1] INFO  TransactionSummaryJob$ - Step 4: VALIDATE - Reading back written Parquet
2025-12-12 04:07:18.817 [sbt-bg-threads-1] INFO  TransactionSummaryJob$ - ═══════════════════════════════════════════════════════════
2025-12-12 04:07:18.817 [sbt-bg-threads-1] INFO  loader.ParquetLoader - Validating Parquet output...
2025-12-12 04:07:22.618 [sbt-bg-threads-1] INFO  loader.ParquetLoader - ✓ Parquet validation passed: 86 rows
2025-12-12 04:07:22.619 [sbt-bg-threads-1] INFO  loader.ParquetLoader - Sample rows:
2025-12-12 04:07:24.303 [sbt-bg-threads-1] INFO  TransactionSummaryJob$ - ╔════════════════════════════════════════════════════════════╗
2025-12-12 04:07:24.303 [sbt-bg-threads-1] INFO  TransactionSummaryJob$ - ║         ✓ PIPELINE B COMPLETED SUCCESSFULLY                ║
2025-12-12 04:07:24.303 [sbt-bg-threads-1] INFO  TransactionSummaryJob$ - ╚════════════════════════════════════════════════════════════╝
2025-12-12 04:07:24.310 [sbt-bg-threads-1] INFO  o.s.jetty.server.AbstractConnector - Stopped Spark@85e4d8c{HTTP/1.1, (http/1.1)}{0.0.0.0:4041}
2025-12-12 04:07:24.391 [sbt-bg-threads-1] INFO  TransactionSummaryJob$ - Spark session closed
2025-12-12 04:07:24.625 [Thread-1] ERROR o.apache.hadoop.conf.Configuration - error parsing conf core-default.xml
java.nio.file.NoSuchFileException: /Users/racit/Documents/sparkProject/pipeline-b-customer-profile/target/bg-jobs/sbt_10b2eb00/target/53fdf465/2328f86a/hadoop-common-3.3.1.jar
	at java.base/sun.nio.fs.UnixException.translateToIOException(UnixException.java:92)
	at java.base/sun.nio.fs.UnixException.rethrowAsIOException(UnixException.java:111)
	at java.base/sun.nio.fs.UnixException.rethrowAsIOException(UnixException.java:116)
	at java.base/sun.nio.fs.UnixFileAttributeViews$Basic.readAttributes(UnixFileAttributeViews.java:55)
	at java.base/sun.nio.fs.UnixFileSystemProvider.readAttributes(UnixFileSystemProvider.java:149)
	at java.base/java.nio.file.Files.readAttributes(Files.java:1764)
	at java.base/java.util.zip.ZipFile$Source.get(ZipFile.java:1420)
	at java.base/java.util.zip.ZipFile$CleanableResource.<init>(ZipFile.java:841)
	at java.base/java.util.zip.ZipFile$CleanableResource$FinalizableResource.<init>(ZipFile.java:867)
	at java.base/java.util.zip.ZipFile$CleanableResource.get(ZipFile.java:856)
	at java.base/java.util.zip.ZipFile.<init>(ZipFile.java:258)
	at java.base/java.util.zip.ZipFile.<init>(ZipFile.java:187)
	at java.base/java.util.jar.JarFile.<init>(JarFile.java:348)
	at java.base/sun.net.www.protocol.jar.URLJarFile.<init>(URLJarFile.java:103)
	at java.base/sun.net.www.protocol.jar.URLJarFile.getJarFile(URLJarFile.java:72)
	at java.base/sun.net.www.protocol.jar.JarFileFactory.get(JarFileFactory.java:99)
	at java.base/sun.net.www.protocol.jar.JarURLConnection.connect(JarURLConnection.java:125)
	at java.base/sun.net.www.protocol.jar.JarURLConnection.getInputStream(JarURLConnection.java:155)
	at org.apache.hadoop.conf.Configuration.parse(Configuration.java:2986)
	at org.apache.hadoop.conf.Configuration.getStreamReader(Configuration.java:3082)
	at org.apache.hadoop.conf.Configuration.loadResource(Configuration.java:3040)
	at org.apache.hadoop.conf.Configuration.loadResources(Configuration.java:3013)
	at org.apache.hadoop.conf.Configuration.loadProps(Configuration.java:2893)
	at org.apache.hadoop.conf.Configuration.getProps(Configuration.java:2875)
	at org.apache.hadoop.conf.Configuration.get(Configuration.java:1225)
	at org.apache.hadoop.conf.Configuration.getTimeDuration(Configuration.java:1842)
	at org.apache.hadoop.conf.Configuration.getTimeDuration(Configuration.java:1819)
	at org.apache.hadoop.util.ShutdownHookManager.getShutdownTimeout(ShutdownHookManager.java:183)
	at org.apache.hadoop.util.ShutdownHookManager.shutdownExecutor(ShutdownHookManager.java:145)
	at org.apache.hadoop.util.ShutdownHookManager.access$300(ShutdownHookManager.java:65)
	at org.apache.hadoop.util.ShutdownHookManager$1.run(ShutdownHookManager.java:102)
2025-12-12 04:20:29.866 [sbt-bg-threads-1] INFO  TransactionSummaryJob$ - ╔════════════════════════════════════════════════════════════╗
2025-12-12 04:20:29.867 [sbt-bg-threads-1] INFO  TransactionSummaryJob$ - ║        PIPELINE B: DAILY TRANSACTION SUMMARY               ║
2025-12-12 04:20:29.867 [sbt-bg-threads-1] INFO  TransactionSummaryJob$ - ║        Processing 20 dates (2024-12-12 to 2024-12-31)      ║
2025-12-12 04:20:29.868 [sbt-bg-threads-1] INFO  TransactionSummaryJob$ - ╚════════════════════════════════════════════════════════════╝
2025-12-12 04:20:29.868 [sbt-bg-threads-1] INFO  util.SparkSessionFactory$ - ╔════════════════════════════════════════════════════════════╗
2025-12-12 04:20:29.868 [sbt-bg-threads-1] INFO  util.SparkSessionFactory$ - ║    Creating Spark Session for Pipeline B (OPTIMIZED)       ║
2025-12-12 04:20:29.868 [sbt-bg-threads-1] INFO  util.SparkSessionFactory$ - ╚════════════════════════════════════════════════════════════╝
2025-12-12 04:20:35.273 [sbt-bg-threads-1] WARN  o.a.hadoop.util.NativeCodeLoader - Unable to load native-hadoop library for your platform... using builtin-java classes where applicable
2025-12-12 04:20:35.595 [sbt-bg-threads-1] INFO  org.sparkproject.jetty.util.log - Logging initialized @16688ms to org.sparkproject.jetty.util.log.Slf4jLog
2025-12-12 04:20:35.638 [sbt-bg-threads-1] INFO  o.sparkproject.jetty.server.Server - jetty-9.4.52.v20230823; built: 2023-08-23T19:29:37.669Z; git: abdcda73818a1a2c705da276edb0bf6581e7997e; jvm 11.0.29+0
2025-12-12 04:20:35.647 [sbt-bg-threads-1] INFO  o.sparkproject.jetty.server.Server - Started @16741ms
2025-12-12 04:20:35.660 [sbt-bg-threads-1] WARN  org.apache.spark.util.Utils - Service 'SparkUI' could not bind on port 4040. Attempting port 4041.
2025-12-12 04:20:35.663 [sbt-bg-threads-1] INFO  o.s.jetty.server.AbstractConnector - Started ServerConnector@137ea057{HTTP/1.1, (http/1.1)}{0.0.0.0:4041}
2025-12-12 04:20:35.674 [sbt-bg-threads-1] INFO  o.s.j.server.handler.ContextHandler - Started o.s.j.s.ServletContextHandler@14105f9a{/,null,AVAILABLE,@Spark}
2025-12-12 04:20:35.819 [sbt-bg-threads-1] INFO  o.s.j.server.handler.ContextHandler - Stopped o.s.j.s.ServletContextHandler@14105f9a{/,null,STOPPED,@Spark}
2025-12-12 04:20:35.820 [sbt-bg-threads-1] INFO  o.s.j.server.handler.ContextHandler - Started o.s.j.s.ServletContextHandler@eec0331{/jobs,null,AVAILABLE,@Spark}
2025-12-12 04:20:35.821 [sbt-bg-threads-1] INFO  o.s.j.server.handler.ContextHandler - Started o.s.j.s.ServletContextHandler@97f485a{/jobs/json,null,AVAILABLE,@Spark}
2025-12-12 04:20:35.821 [sbt-bg-threads-1] INFO  o.s.j.server.handler.ContextHandler - Started o.s.j.s.ServletContextHandler@684b722e{/jobs/job,null,AVAILABLE,@Spark}
2025-12-12 04:20:35.821 [sbt-bg-threads-1] INFO  o.s.j.server.handler.ContextHandler - Started o.s.j.s.ServletContextHandler@5d0f6dbe{/jobs/job/json,null,AVAILABLE,@Spark}
2025-12-12 04:20:35.822 [sbt-bg-threads-1] INFO  o.s.j.server.handler.ContextHandler - Started o.s.j.s.ServletContextHandler@5bf22688{/stages,null,AVAILABLE,@Spark}
2025-12-12 04:20:35.822 [sbt-bg-threads-1] INFO  o.s.j.server.handler.ContextHandler - Started o.s.j.s.ServletContextHandler@39e4583a{/stages/json,null,AVAILABLE,@Spark}
2025-12-12 04:20:35.823 [sbt-bg-threads-1] INFO  o.s.j.server.handler.ContextHandler - Started o.s.j.s.ServletContextHandler@6ad056e7{/stages/stage,null,AVAILABLE,@Spark}
2025-12-12 04:20:35.823 [sbt-bg-threads-1] INFO  o.s.j.server.handler.ContextHandler - Started o.s.j.s.ServletContextHandler@4b3a25c{/stages/stage/json,null,AVAILABLE,@Spark}
2025-12-12 04:20:35.824 [sbt-bg-threads-1] INFO  o.s.j.server.handler.ContextHandler - Started o.s.j.s.ServletContextHandler@5947f171{/stages/pool,null,AVAILABLE,@Spark}
2025-12-12 04:20:35.824 [sbt-bg-threads-1] INFO  o.s.j.server.handler.ContextHandler - Started o.s.j.s.ServletContextHandler@2114005f{/stages/pool/json,null,AVAILABLE,@Spark}
2025-12-12 04:20:35.824 [sbt-bg-threads-1] INFO  o.s.j.server.handler.ContextHandler - Started o.s.j.s.ServletContextHandler@31f6f339{/storage,null,AVAILABLE,@Spark}
2025-12-12 04:20:35.825 [sbt-bg-threads-1] INFO  o.s.j.server.handler.ContextHandler - Started o.s.j.s.ServletContextHandler@6f305c64{/storage/json,null,AVAILABLE,@Spark}
2025-12-12 04:20:35.825 [sbt-bg-threads-1] INFO  o.s.j.server.handler.ContextHandler - Started o.s.j.s.ServletContextHandler@5c56b811{/storage/rdd,null,AVAILABLE,@Spark}
2025-12-12 04:20:35.825 [sbt-bg-threads-1] INFO  o.s.j.server.handler.ContextHandler - Started o.s.j.s.ServletContextHandler@62e445f8{/storage/rdd/json,null,AVAILABLE,@Spark}
2025-12-12 04:20:35.826 [sbt-bg-threads-1] INFO  o.s.j.server.handler.ContextHandler - Started o.s.j.s.ServletContextHandler@2ebb356e{/environment,null,AVAILABLE,@Spark}
2025-12-12 04:20:35.826 [sbt-bg-threads-1] INFO  o.s.j.server.handler.ContextHandler - Started o.s.j.s.ServletContextHandler@366a5120{/environment/json,null,AVAILABLE,@Spark}
2025-12-12 04:20:35.826 [sbt-bg-threads-1] INFO  o.s.j.server.handler.ContextHandler - Started o.s.j.s.ServletContextHandler@22773270{/executors,null,AVAILABLE,@Spark}
2025-12-12 04:20:35.827 [sbt-bg-threads-1] INFO  o.s.j.server.handler.ContextHandler - Started o.s.j.s.ServletContextHandler@38e3fb5b{/executors/json,null,AVAILABLE,@Spark}
2025-12-12 04:20:35.827 [sbt-bg-threads-1] INFO  o.s.j.server.handler.ContextHandler - Started o.s.j.s.ServletContextHandler@75356d90{/executors/threadDump,null,AVAILABLE,@Spark}
2025-12-12 04:20:35.828 [sbt-bg-threads-1] INFO  o.s.j.server.handler.ContextHandler - Started o.s.j.s.ServletContextHandler@2ca4fbed{/executors/threadDump/json,null,AVAILABLE,@Spark}
2025-12-12 04:20:35.828 [sbt-bg-threads-1] INFO  o.s.j.server.handler.ContextHandler - Started o.s.j.s.ServletContextHandler@4d62589d{/executors/heapHistogram,null,AVAILABLE,@Spark}
2025-12-12 04:20:35.828 [sbt-bg-threads-1] INFO  o.s.j.server.handler.ContextHandler - Started o.s.j.s.ServletContextHandler@1af366ed{/executors/heapHistogram/json,null,AVAILABLE,@Spark}
2025-12-12 04:20:35.832 [sbt-bg-threads-1] INFO  o.s.j.server.handler.ContextHandler - Started o.s.j.s.ServletContextHandler@7927e8c7{/static,null,AVAILABLE,@Spark}
2025-12-12 04:20:35.832 [sbt-bg-threads-1] INFO  o.s.j.server.handler.ContextHandler - Started o.s.j.s.ServletContextHandler@40cd6059{/,null,AVAILABLE,@Spark}
2025-12-12 04:20:35.833 [sbt-bg-threads-1] INFO  o.s.j.server.handler.ContextHandler - Started o.s.j.s.ServletContextHandler@cbbeded{/api,null,AVAILABLE,@Spark}
2025-12-12 04:20:35.833 [sbt-bg-threads-1] INFO  o.s.j.server.handler.ContextHandler - Started o.s.j.s.ServletContextHandler@2cdc3213{/jobs/job/kill,null,AVAILABLE,@Spark}
2025-12-12 04:20:35.833 [sbt-bg-threads-1] INFO  o.s.j.server.handler.ContextHandler - Started o.s.j.s.ServletContextHandler@12fd96bf{/stages/stage/kill,null,AVAILABLE,@Spark}
2025-12-12 04:20:35.835 [sbt-bg-threads-1] INFO  o.s.j.server.handler.ContextHandler - Started o.s.j.s.ServletContextHandler@1767234e{/metrics/json,null,AVAILABLE,@Spark}
2025-12-12 04:20:35.978 [sbt-bg-threads-1] INFO  util.SparkSessionFactory$ - Spark version: 3.5.1
2025-12-12 04:20:35.978 [sbt-bg-threads-1] INFO  util.SparkSessionFactory$ - App name: Pipeline-B-Daily-Transaction-Summary
2025-12-12 04:20:35.978 [sbt-bg-threads-1] INFO  util.SparkSessionFactory$ - Master: local[*]
2025-12-12 04:20:35.979 [sbt-bg-threads-1] INFO  util.SparkSessionFactory$ - Shuffle partitions: 32
2025-12-12 04:20:35.979 [sbt-bg-threads-1] INFO  util.SparkSessionFactory$ - S3 threads: 32 max, 16 core
2025-12-12 04:20:35.979 [sbt-bg-threads-1] INFO  util.SparkSessionFactory$ - ✓ Spark Session created successfully
2025-12-12 04:20:35.979 [sbt-bg-threads-1] INFO  TransactionSummaryJob$ - Processing 20 dates
2025-12-12 04:20:35.980 [sbt-bg-threads-1] INFO  TransactionSummaryJob$ - ═══════════════════════════════════════════════════════════
2025-12-12 04:20:35.980 [sbt-bg-threads-1] INFO  TransactionSummaryJob$ - Processing: 2024-12-12
2025-12-12 04:20:35.980 [sbt-bg-threads-1] INFO  TransactionSummaryJob$ - ═══════════════════════════════════════════════════════════
2025-12-12 04:20:35.980 [sbt-bg-threads-1] INFO  extractor.MySQLExtractor - Extracting transactions...
2025-12-12 04:20:35.980 [sbt-bg-threads-1] INFO  extractor.MySQLExtractor -   Mode: Specific date (2024-12-12)
2025-12-12 04:20:35.980 [sbt-bg-threads-1] INFO  extractor.MySQLExtractor - SQL Query:
(
SELECT t.txn_id,
       t.customer_id,
       t.product_id,
       t.qty,
       t.amount,
       t.txn_timestamp,
       p.category
FROM transactions t
INNER JOIN products p ON t.product_id = p.product_id
WHERE t.product_id IS NOT NULL
AND DATE(t.txn_timestamp) = '2024-12-12'
) tx

2025-12-12 04:20:36.029 [sbt-bg-threads-1] INFO  o.s.j.server.handler.ContextHandler - Started o.s.j.s.ServletContextHandler@41b9ad3e{/SQL,null,AVAILABLE,@Spark}
2025-12-12 04:20:36.030 [sbt-bg-threads-1] INFO  o.s.j.server.handler.ContextHandler - Started o.s.j.s.ServletContextHandler@10609256{/SQL/json,null,AVAILABLE,@Spark}
2025-12-12 04:20:36.030 [sbt-bg-threads-1] INFO  o.s.j.server.handler.ContextHandler - Started o.s.j.s.ServletContextHandler@5626781a{/SQL/execution,null,AVAILABLE,@Spark}
2025-12-12 04:20:36.031 [sbt-bg-threads-1] INFO  o.s.j.server.handler.ContextHandler - Started o.s.j.s.ServletContextHandler@1536ceeb{/SQL/execution/json,null,AVAILABLE,@Spark}
2025-12-12 04:20:36.034 [sbt-bg-threads-1] INFO  o.s.j.server.handler.ContextHandler - Started o.s.j.s.ServletContextHandler@78098664{/static/sql,null,AVAILABLE,@Spark}
2025-12-12 04:20:49.515 [sbt-bg-threads-1] INFO  extractor.MySQLExtractor - ✓ Extracted 101 transactions
2025-12-12 04:20:56.926 [sbt-bg-threads-1] INFO  TransactionSummaryJob$ - ✓ Extracted 101 transactions
2025-12-12 04:20:56.926 [sbt-bg-threads-1] INFO  transformer.TransactionSummarizer - Phase 1: Data Quality - Filtering null product_ids
2025-12-12 04:21:12.396 [sbt-bg-threads-1] INFO  transformer.TransactionSummarizer - ✓ All transactions have valid product_id
2025-12-12 04:21:12.397 [sbt-bg-threads-1] INFO  transformer.TransactionSummarizer - Phase 2: Add date partition column
2025-12-12 04:21:12.409 [sbt-bg-threads-1] INFO  transformer.TransactionSummarizer - Phase 3: Compute top category per (date, customer_id)
2025-12-12 04:21:12.812 [sbt-bg-threads-1] INFO  transformer.TransactionSummarizer - Phase 4: Aggregate transaction metrics
2025-12-12 04:21:25.856 [sbt-bg-threads-1] INFO  transformer.TransactionSummarizer - ✓ Generated 100 daily summaries (rows: date + customer_id)
2025-12-12 04:21:25.857 [sbt-bg-threads-1] INFO  TransactionSummaryJob$ - ✓ Generated summaries
2025-12-12 04:21:25.857 [sbt-bg-threads-1] INFO  loader.ParquetLoader - Writing Parquet to s3a://dataengtrain8790/pipelineb/txn_summary
2025-12-12 04:21:25.857 [sbt-bg-threads-1] INFO  loader.ParquetLoader -   - Repartition parallelism: 16
2025-12-12 04:21:25.857 [sbt-bg-threads-1] INFO  loader.ParquetLoader -   - Compression: Snappy
2025-12-12 04:21:25.857 [sbt-bg-threads-1] INFO  loader.ParquetLoader -   - Partition column: date
2025-12-12 04:21:25.921 [sbt-bg-threads-1] WARN  o.a.h.metrics2.impl.MetricsConfig - Cannot locate configuration: tried hadoop-metrics2-s3a-file-system.properties,hadoop-metrics2.properties
2025-12-12 04:21:47.288 [Executor task launch worker for task 5.0 in stage 39.0 (TID 140)] INFO  o.a.parquet.hadoop.codec.CodecConfig - Compression: SNAPPY
2025-12-12 04:21:47.290 [Executor task launch worker for task 5.0 in stage 39.0 (TID 140)] INFO  o.a.parquet.hadoop.codec.CodecConfig - Compression: SNAPPY
2025-12-12 04:21:47.299 [Executor task launch worker for task 5.0 in stage 39.0 (TID 140)] INFO  o.a.p.hadoop.ParquetOutputFormat - ParquetRecordWriter [block size: 134217728b, row group padding size: 8388608b, validating: false]
2025-12-12 04:22:05.163 [sbt-bg-threads-1] INFO  loader.ParquetLoader - ✓ Parquet write completed successfully
2025-12-12 04:22:05.165 [sbt-bg-threads-1] INFO  TransactionSummaryJob$ - ✓ Written to Parquet
2025-12-12 04:22:05.166 [sbt-bg-threads-1] INFO  TransactionSummaryJob$ - ═══════════════════════════════════════════════════════════
2025-12-12 04:22:05.166 [sbt-bg-threads-1] INFO  TransactionSummaryJob$ - Processing: 2024-12-13
2025-12-12 04:22:05.166 [sbt-bg-threads-1] INFO  TransactionSummaryJob$ - ═══════════════════════════════════════════════════════════
2025-12-12 04:22:05.167 [sbt-bg-threads-1] INFO  extractor.MySQLExtractor - Extracting transactions...
2025-12-12 04:22:05.167 [sbt-bg-threads-1] INFO  extractor.MySQLExtractor -   Mode: Specific date (2024-12-13)
2025-12-12 04:22:05.167 [sbt-bg-threads-1] INFO  extractor.MySQLExtractor - SQL Query:
(
SELECT t.txn_id,
       t.customer_id,
       t.product_id,
       t.qty,
       t.amount,
       t.txn_timestamp,
       p.category
FROM transactions t
INNER JOIN products p ON t.product_id = p.product_id
WHERE t.product_id IS NOT NULL
AND DATE(t.txn_timestamp) = '2024-12-13'
) tx

2025-12-12 04:22:15.282 [sbt-bg-threads-1] INFO  extractor.MySQLExtractor - ✓ Extracted 109 transactions
2025-12-12 04:22:21.938 [sbt-bg-threads-1] INFO  TransactionSummaryJob$ - ✓ Extracted 109 transactions
2025-12-12 04:22:21.939 [sbt-bg-threads-1] INFO  transformer.TransactionSummarizer - Phase 1: Data Quality - Filtering null product_ids
2025-12-12 04:22:34.997 [sbt-bg-threads-1] INFO  transformer.TransactionSummarizer - ✓ All transactions have valid product_id
2025-12-12 04:22:34.999 [sbt-bg-threads-1] INFO  transformer.TransactionSummarizer - Phase 2: Add date partition column
2025-12-12 04:22:35.005 [sbt-bg-threads-1] INFO  transformer.TransactionSummarizer - Phase 3: Compute top category per (date, customer_id)
2025-12-12 04:22:35.081 [sbt-bg-threads-1] INFO  transformer.TransactionSummarizer - Phase 4: Aggregate transaction metrics
2025-12-12 04:22:45.712 [sbt-bg-threads-1] INFO  transformer.TransactionSummarizer - ✓ Generated 109 daily summaries (rows: date + customer_id)
2025-12-12 04:22:45.713 [sbt-bg-threads-1] INFO  TransactionSummaryJob$ - ✓ Generated summaries
2025-12-12 04:22:45.713 [sbt-bg-threads-1] INFO  loader.ParquetLoader - Writing Parquet to s3a://dataengtrain8790/pipelineb/txn_summary
2025-12-12 04:22:45.713 [sbt-bg-threads-1] INFO  loader.ParquetLoader -   - Repartition parallelism: 16
2025-12-12 04:22:45.713 [sbt-bg-threads-1] INFO  loader.ParquetLoader -   - Compression: Snappy
2025-12-12 04:22:45.713 [sbt-bg-threads-1] INFO  loader.ParquetLoader -   - Partition column: date
2025-12-12 04:22:58.116 [Executor task launch worker for task 2.0 in stage 79.0 (TID 296)] INFO  o.a.parquet.hadoop.codec.CodecConfig - Compression: SNAPPY
2025-12-12 04:22:58.117 [Executor task launch worker for task 2.0 in stage 79.0 (TID 296)] INFO  o.a.parquet.hadoop.codec.CodecConfig - Compression: SNAPPY
2025-12-12 04:22:58.118 [Executor task launch worker for task 2.0 in stage 79.0 (TID 296)] INFO  o.a.p.hadoop.ParquetOutputFormat - ParquetRecordWriter [block size: 134217728b, row group padding size: 8388608b, validating: false]
2025-12-12 04:23:12.812 [sbt-bg-threads-1] INFO  loader.ParquetLoader - ✓ Parquet write completed successfully
2025-12-12 04:23:12.814 [sbt-bg-threads-1] INFO  TransactionSummaryJob$ - ✓ Written to Parquet
2025-12-12 04:23:12.814 [sbt-bg-threads-1] INFO  TransactionSummaryJob$ - ═══════════════════════════════════════════════════════════
2025-12-12 04:23:12.815 [sbt-bg-threads-1] INFO  TransactionSummaryJob$ - Processing: 2024-12-14
2025-12-12 04:23:12.815 [sbt-bg-threads-1] INFO  TransactionSummaryJob$ - ═══════════════════════════════════════════════════════════
2025-12-12 04:23:12.815 [sbt-bg-threads-1] INFO  extractor.MySQLExtractor - Extracting transactions...
2025-12-12 04:23:12.815 [sbt-bg-threads-1] INFO  extractor.MySQLExtractor -   Mode: Specific date (2024-12-14)
2025-12-12 04:23:12.816 [sbt-bg-threads-1] INFO  extractor.MySQLExtractor - SQL Query:
(
SELECT t.txn_id,
       t.customer_id,
       t.product_id,
       t.qty,
       t.amount,
       t.txn_timestamp,
       p.category
FROM transactions t
INNER JOIN products p ON t.product_id = p.product_id
WHERE t.product_id IS NOT NULL
AND DATE(t.txn_timestamp) = '2024-12-14'
) tx

2025-12-12 04:23:24.014 [sbt-bg-threads-1] INFO  extractor.MySQLExtractor - ✓ Extracted 103 transactions
2025-12-12 04:23:30.562 [sbt-bg-threads-1] INFO  TransactionSummaryJob$ - ✓ Extracted 103 transactions
2025-12-12 04:23:30.563 [sbt-bg-threads-1] INFO  transformer.TransactionSummarizer - Phase 1: Data Quality - Filtering null product_ids
2025-12-12 04:23:43.852 [sbt-bg-threads-1] INFO  transformer.TransactionSummarizer - ✓ All transactions have valid product_id
2025-12-12 04:23:43.853 [sbt-bg-threads-1] INFO  transformer.TransactionSummarizer - Phase 2: Add date partition column
2025-12-12 04:23:43.856 [sbt-bg-threads-1] INFO  transformer.TransactionSummarizer - Phase 3: Compute top category per (date, customer_id)
2025-12-12 04:23:43.902 [sbt-bg-threads-1] INFO  transformer.TransactionSummarizer - Phase 4: Aggregate transaction metrics
2025-12-12 04:23:54.413 [sbt-bg-threads-1] INFO  transformer.TransactionSummarizer - ✓ Generated 99 daily summaries (rows: date + customer_id)
2025-12-12 04:23:54.414 [sbt-bg-threads-1] INFO  TransactionSummaryJob$ - ✓ Generated summaries
2025-12-12 04:23:54.414 [sbt-bg-threads-1] INFO  loader.ParquetLoader - Writing Parquet to s3a://dataengtrain8790/pipelineb/txn_summary
2025-12-12 04:23:54.414 [sbt-bg-threads-1] INFO  loader.ParquetLoader -   - Repartition parallelism: 16
2025-12-12 04:23:54.414 [sbt-bg-threads-1] INFO  loader.ParquetLoader -   - Compression: Snappy
2025-12-12 04:23:54.414 [sbt-bg-threads-1] INFO  loader.ParquetLoader -   - Partition column: date
2025-12-12 04:24:06.108 [Executor task launch worker for task 7.0 in stage 119.0 (TID 452)] INFO  o.a.parquet.hadoop.codec.CodecConfig - Compression: SNAPPY
2025-12-12 04:24:06.110 [Executor task launch worker for task 7.0 in stage 119.0 (TID 452)] INFO  o.a.parquet.hadoop.codec.CodecConfig - Compression: SNAPPY
2025-12-12 04:24:06.112 [Executor task launch worker for task 7.0 in stage 119.0 (TID 452)] INFO  o.a.p.hadoop.ParquetOutputFormat - ParquetRecordWriter [block size: 134217728b, row group padding size: 8388608b, validating: false]
2025-12-12 04:24:20.735 [sbt-bg-threads-1] INFO  loader.ParquetLoader - ✓ Parquet write completed successfully
2025-12-12 04:24:20.737 [sbt-bg-threads-1] INFO  TransactionSummaryJob$ - ✓ Written to Parquet
2025-12-12 04:24:20.737 [sbt-bg-threads-1] INFO  TransactionSummaryJob$ - ═══════════════════════════════════════════════════════════
2025-12-12 04:24:20.738 [sbt-bg-threads-1] INFO  TransactionSummaryJob$ - Processing: 2024-12-15
2025-12-12 04:24:20.738 [sbt-bg-threads-1] INFO  TransactionSummaryJob$ - ═══════════════════════════════════════════════════════════
2025-12-12 04:24:20.739 [sbt-bg-threads-1] INFO  extractor.MySQLExtractor - Extracting transactions...
2025-12-12 04:24:20.740 [sbt-bg-threads-1] INFO  extractor.MySQLExtractor -   Mode: Specific date (2024-12-15)
2025-12-12 04:24:20.740 [sbt-bg-threads-1] INFO  extractor.MySQLExtractor - SQL Query:
(
SELECT t.txn_id,
       t.customer_id,
       t.product_id,
       t.qty,
       t.amount,
       t.txn_timestamp,
       p.category
FROM transactions t
INNER JOIN products p ON t.product_id = p.product_id
WHERE t.product_id IS NOT NULL
AND DATE(t.txn_timestamp) = '2024-12-15'
) tx

2025-12-12 04:24:31.895 [sbt-bg-threads-1] INFO  extractor.MySQLExtractor - ✓ Extracted 105 transactions
2025-12-12 04:24:38.472 [sbt-bg-threads-1] INFO  TransactionSummaryJob$ - ✓ Extracted 105 transactions
2025-12-12 04:24:38.473 [sbt-bg-threads-1] INFO  transformer.TransactionSummarizer - Phase 1: Data Quality - Filtering null product_ids
2025-12-12 04:24:51.067 [sbt-bg-threads-1] INFO  transformer.TransactionSummarizer - ✓ All transactions have valid product_id
2025-12-12 04:24:51.068 [sbt-bg-threads-1] INFO  transformer.TransactionSummarizer - Phase 2: Add date partition column
2025-12-12 04:24:51.073 [sbt-bg-threads-1] INFO  transformer.TransactionSummarizer - Phase 3: Compute top category per (date, customer_id)
2025-12-12 04:24:51.185 [sbt-bg-threads-1] INFO  transformer.TransactionSummarizer - Phase 4: Aggregate transaction metrics
2025-12-12 04:25:02.603 [sbt-bg-threads-1] INFO  transformer.TransactionSummarizer - ✓ Generated 105 daily summaries (rows: date + customer_id)
2025-12-12 04:25:02.604 [sbt-bg-threads-1] INFO  TransactionSummaryJob$ - ✓ Generated summaries
2025-12-12 04:25:02.604 [sbt-bg-threads-1] INFO  loader.ParquetLoader - Writing Parquet to s3a://dataengtrain8790/pipelineb/txn_summary
2025-12-12 04:25:02.604 [sbt-bg-threads-1] INFO  loader.ParquetLoader -   - Repartition parallelism: 16
2025-12-12 04:25:02.604 [sbt-bg-threads-1] INFO  loader.ParquetLoader -   - Compression: Snappy
2025-12-12 04:25:02.605 [sbt-bg-threads-1] INFO  loader.ParquetLoader -   - Partition column: date
2025-12-12 04:25:15.934 [Executor task launch worker for task 1.0 in stage 159.0 (TID 608)] INFO  o.a.parquet.hadoop.codec.CodecConfig - Compression: SNAPPY
2025-12-12 04:25:15.935 [Executor task launch worker for task 1.0 in stage 159.0 (TID 608)] INFO  o.a.parquet.hadoop.codec.CodecConfig - Compression: SNAPPY
2025-12-12 04:25:15.936 [Executor task launch worker for task 1.0 in stage 159.0 (TID 608)] INFO  o.a.p.hadoop.ParquetOutputFormat - ParquetRecordWriter [block size: 134217728b, row group padding size: 8388608b, validating: false]
2025-12-12 04:25:29.918 [sbt-bg-threads-1] INFO  loader.ParquetLoader - ✓ Parquet write completed successfully
2025-12-12 04:25:29.924 [sbt-bg-threads-1] INFO  TransactionSummaryJob$ - ✓ Written to Parquet
2025-12-12 04:25:29.924 [sbt-bg-threads-1] INFO  TransactionSummaryJob$ - ═══════════════════════════════════════════════════════════
2025-12-12 04:25:29.925 [sbt-bg-threads-1] INFO  TransactionSummaryJob$ - Processing: 2024-12-16
2025-12-12 04:25:29.926 [sbt-bg-threads-1] INFO  TransactionSummaryJob$ - ═══════════════════════════════════════════════════════════
2025-12-12 04:25:29.927 [sbt-bg-threads-1] INFO  extractor.MySQLExtractor - Extracting transactions...
2025-12-12 04:25:29.927 [sbt-bg-threads-1] INFO  extractor.MySQLExtractor -   Mode: Specific date (2024-12-16)
2025-12-12 04:25:29.927 [sbt-bg-threads-1] INFO  extractor.MySQLExtractor - SQL Query:
(
SELECT t.txn_id,
       t.customer_id,
       t.product_id,
       t.qty,
       t.amount,
       t.txn_timestamp,
       p.category
FROM transactions t
INNER JOIN products p ON t.product_id = p.product_id
WHERE t.product_id IS NOT NULL
AND DATE(t.txn_timestamp) = '2024-12-16'
) tx

2025-12-12 04:25:39.862 [sbt-bg-threads-1] INFO  extractor.MySQLExtractor - ✓ Extracted 114 transactions
2025-12-12 04:25:45.957 [sbt-bg-threads-1] INFO  TransactionSummaryJob$ - ✓ Extracted 114 transactions
2025-12-12 04:25:45.957 [sbt-bg-threads-1] INFO  transformer.TransactionSummarizer - Phase 1: Data Quality - Filtering null product_ids
2025-12-12 04:25:58.771 [sbt-bg-threads-1] INFO  transformer.TransactionSummarizer - ✓ All transactions have valid product_id
2025-12-12 04:25:58.772 [sbt-bg-threads-1] INFO  transformer.TransactionSummarizer - Phase 2: Add date partition column
2025-12-12 04:25:58.774 [sbt-bg-threads-1] INFO  transformer.TransactionSummarizer - Phase 3: Compute top category per (date, customer_id)
2025-12-12 04:25:58.791 [sbt-bg-threads-1] INFO  transformer.TransactionSummarizer - Phase 4: Aggregate transaction metrics
2025-12-12 04:26:08.686 [sbt-bg-threads-1] INFO  transformer.TransactionSummarizer - ✓ Generated 113 daily summaries (rows: date + customer_id)
2025-12-12 04:26:08.686 [sbt-bg-threads-1] INFO  TransactionSummaryJob$ - ✓ Generated summaries
2025-12-12 04:26:08.686 [sbt-bg-threads-1] INFO  loader.ParquetLoader - Writing Parquet to s3a://dataengtrain8790/pipelineb/txn_summary
2025-12-12 04:26:08.686 [sbt-bg-threads-1] INFO  loader.ParquetLoader -   - Repartition parallelism: 16
2025-12-12 04:26:08.686 [sbt-bg-threads-1] INFO  loader.ParquetLoader -   - Compression: Snappy
2025-12-12 04:26:08.686 [sbt-bg-threads-1] INFO  loader.ParquetLoader -   - Partition column: date
2025-12-12 04:26:21.028 [Executor task launch worker for task 15.0 in stage 199.0 (TID 764)] INFO  o.a.parquet.hadoop.codec.CodecConfig - Compression: SNAPPY
2025-12-12 04:26:21.028 [Executor task launch worker for task 15.0 in stage 199.0 (TID 764)] INFO  o.a.parquet.hadoop.codec.CodecConfig - Compression: SNAPPY
2025-12-12 04:26:21.029 [Executor task launch worker for task 15.0 in stage 199.0 (TID 764)] INFO  o.a.p.hadoop.ParquetOutputFormat - ParquetRecordWriter [block size: 134217728b, row group padding size: 8388608b, validating: false]
2025-12-12 04:26:35.898 [sbt-bg-threads-1] INFO  loader.ParquetLoader - ✓ Parquet write completed successfully
2025-12-12 04:26:35.899 [sbt-bg-threads-1] INFO  TransactionSummaryJob$ - ✓ Written to Parquet
2025-12-12 04:26:35.899 [sbt-bg-threads-1] INFO  TransactionSummaryJob$ - ═══════════════════════════════════════════════════════════
2025-12-12 04:26:35.900 [sbt-bg-threads-1] INFO  TransactionSummaryJob$ - Processing: 2024-12-17
2025-12-12 04:26:35.900 [sbt-bg-threads-1] INFO  TransactionSummaryJob$ - ═══════════════════════════════════════════════════════════
2025-12-12 04:26:35.901 [sbt-bg-threads-1] INFO  extractor.MySQLExtractor - Extracting transactions...
2025-12-12 04:26:35.901 [sbt-bg-threads-1] INFO  extractor.MySQLExtractor -   Mode: Specific date (2024-12-17)
2025-12-12 04:26:35.901 [sbt-bg-threads-1] INFO  extractor.MySQLExtractor - SQL Query:
(
SELECT t.txn_id,
       t.customer_id,
       t.product_id,
       t.qty,
       t.amount,
       t.txn_timestamp,
       p.category
FROM transactions t
INNER JOIN products p ON t.product_id = p.product_id
WHERE t.product_id IS NOT NULL
AND DATE(t.txn_timestamp) = '2024-12-17'
) tx

2025-12-12 04:26:46.166 [sbt-bg-threads-1] INFO  extractor.MySQLExtractor - ✓ Extracted 112 transactions
2025-12-12 04:26:54.519 [sbt-bg-threads-1] INFO  TransactionSummaryJob$ - ✓ Extracted 112 transactions
2025-12-12 04:26:54.519 [sbt-bg-threads-1] INFO  transformer.TransactionSummarizer - Phase 1: Data Quality - Filtering null product_ids
2025-12-12 04:27:09.882 [sbt-bg-threads-1] INFO  transformer.TransactionSummarizer - ✓ All transactions have valid product_id
2025-12-12 04:27:09.883 [sbt-bg-threads-1] INFO  transformer.TransactionSummarizer - Phase 2: Add date partition column
2025-12-12 04:27:09.886 [sbt-bg-threads-1] INFO  transformer.TransactionSummarizer - Phase 3: Compute top category per (date, customer_id)
2025-12-12 04:27:09.902 [sbt-bg-threads-1] INFO  transformer.TransactionSummarizer - Phase 4: Aggregate transaction metrics
2025-12-12 04:27:19.519 [sbt-bg-threads-1] INFO  transformer.TransactionSummarizer - ✓ Generated 111 daily summaries (rows: date + customer_id)
2025-12-12 04:27:19.520 [sbt-bg-threads-1] INFO  TransactionSummaryJob$ - ✓ Generated summaries
2025-12-12 04:27:19.520 [sbt-bg-threads-1] INFO  loader.ParquetLoader - Writing Parquet to s3a://dataengtrain8790/pipelineb/txn_summary
2025-12-12 04:27:19.520 [sbt-bg-threads-1] INFO  loader.ParquetLoader -   - Repartition parallelism: 16
2025-12-12 04:27:19.520 [sbt-bg-threads-1] INFO  loader.ParquetLoader -   - Compression: Snappy
2025-12-12 04:27:19.520 [sbt-bg-threads-1] INFO  loader.ParquetLoader -   - Partition column: date
2025-12-12 04:27:31.922 [Executor task launch worker for task 12.0 in stage 239.0 (TID 920)] INFO  o.a.parquet.hadoop.codec.CodecConfig - Compression: SNAPPY
2025-12-12 04:27:31.923 [Executor task launch worker for task 12.0 in stage 239.0 (TID 920)] INFO  o.a.parquet.hadoop.codec.CodecConfig - Compression: SNAPPY
2025-12-12 04:27:31.924 [Executor task launch worker for task 12.0 in stage 239.0 (TID 920)] INFO  o.a.p.hadoop.ParquetOutputFormat - ParquetRecordWriter [block size: 134217728b, row group padding size: 8388608b, validating: false]
2025-12-12 04:27:46.694 [sbt-bg-threads-1] INFO  loader.ParquetLoader - ✓ Parquet write completed successfully
2025-12-12 04:27:46.696 [sbt-bg-threads-1] INFO  TransactionSummaryJob$ - ✓ Written to Parquet
2025-12-12 04:27:46.697 [sbt-bg-threads-1] INFO  TransactionSummaryJob$ - ═══════════════════════════════════════════════════════════
2025-12-12 04:27:46.698 [sbt-bg-threads-1] INFO  TransactionSummaryJob$ - Processing: 2024-12-18
2025-12-12 04:27:46.698 [sbt-bg-threads-1] INFO  TransactionSummaryJob$ - ═══════════════════════════════════════════════════════════
2025-12-12 04:27:46.699 [sbt-bg-threads-1] INFO  extractor.MySQLExtractor - Extracting transactions...
2025-12-12 04:27:46.699 [sbt-bg-threads-1] INFO  extractor.MySQLExtractor -   Mode: Specific date (2024-12-18)
2025-12-12 04:27:46.699 [sbt-bg-threads-1] INFO  extractor.MySQLExtractor - SQL Query:
(
SELECT t.txn_id,
       t.customer_id,
       t.product_id,
       t.qty,
       t.amount,
       t.txn_timestamp,
       p.category
FROM transactions t
INNER JOIN products p ON t.product_id = p.product_id
WHERE t.product_id IS NOT NULL
AND DATE(t.txn_timestamp) = '2024-12-18'
) tx

2025-12-12 04:27:57.175 [sbt-bg-threads-1] INFO  extractor.MySQLExtractor - ✓ Extracted 99 transactions
2025-12-12 04:28:03.375 [sbt-bg-threads-1] INFO  TransactionSummaryJob$ - ✓ Extracted 99 transactions
2025-12-12 04:28:03.375 [sbt-bg-threads-1] INFO  transformer.TransactionSummarizer - Phase 1: Data Quality - Filtering null product_ids
2025-12-12 04:28:18.179 [sbt-bg-threads-1] INFO  transformer.TransactionSummarizer - ✓ All transactions have valid product_id
2025-12-12 04:28:18.180 [sbt-bg-threads-1] INFO  transformer.TransactionSummarizer - Phase 2: Add date partition column
2025-12-12 04:28:18.183 [sbt-bg-threads-1] INFO  transformer.TransactionSummarizer - Phase 3: Compute top category per (date, customer_id)
2025-12-12 04:28:18.205 [sbt-bg-threads-1] INFO  transformer.TransactionSummarizer - Phase 4: Aggregate transaction metrics
2025-12-12 04:28:27.833 [sbt-bg-threads-1] INFO  transformer.TransactionSummarizer - ✓ Generated 97 daily summaries (rows: date + customer_id)
2025-12-12 04:28:27.834 [sbt-bg-threads-1] INFO  TransactionSummaryJob$ - ✓ Generated summaries
2025-12-12 04:28:27.834 [sbt-bg-threads-1] INFO  loader.ParquetLoader - Writing Parquet to s3a://dataengtrain8790/pipelineb/txn_summary
2025-12-12 04:28:27.834 [sbt-bg-threads-1] INFO  loader.ParquetLoader -   - Repartition parallelism: 16
2025-12-12 04:28:27.834 [sbt-bg-threads-1] INFO  loader.ParquetLoader -   - Compression: Snappy
2025-12-12 04:28:27.834 [sbt-bg-threads-1] INFO  loader.ParquetLoader -   - Partition column: date
2025-12-12 04:28:39.202 [Executor task launch worker for task 11.0 in stage 279.0 (TID 1076)] INFO  o.a.parquet.hadoop.codec.CodecConfig - Compression: SNAPPY
2025-12-12 04:28:39.204 [Executor task launch worker for task 11.0 in stage 279.0 (TID 1076)] INFO  o.a.parquet.hadoop.codec.CodecConfig - Compression: SNAPPY
2025-12-12 04:28:39.205 [Executor task launch worker for task 11.0 in stage 279.0 (TID 1076)] INFO  o.a.p.hadoop.ParquetOutputFormat - ParquetRecordWriter [block size: 134217728b, row group padding size: 8388608b, validating: false]
2025-12-12 04:28:53.167 [sbt-bg-threads-1] INFO  loader.ParquetLoader - ✓ Parquet write completed successfully
2025-12-12 04:28:53.168 [sbt-bg-threads-1] INFO  TransactionSummaryJob$ - ✓ Written to Parquet
2025-12-12 04:28:53.168 [sbt-bg-threads-1] INFO  TransactionSummaryJob$ - ═══════════════════════════════════════════════════════════
2025-12-12 04:28:53.169 [sbt-bg-threads-1] INFO  TransactionSummaryJob$ - Processing: 2024-12-19
2025-12-12 04:28:53.169 [sbt-bg-threads-1] INFO  TransactionSummaryJob$ - ═══════════════════════════════════════════════════════════
2025-12-12 04:28:53.170 [sbt-bg-threads-1] INFO  extractor.MySQLExtractor - Extracting transactions...
2025-12-12 04:28:53.170 [sbt-bg-threads-1] INFO  extractor.MySQLExtractor -   Mode: Specific date (2024-12-19)
2025-12-12 04:28:53.170 [sbt-bg-threads-1] INFO  extractor.MySQLExtractor - SQL Query:
(
SELECT t.txn_id,
       t.customer_id,
       t.product_id,
       t.qty,
       t.amount,
       t.txn_timestamp,
       p.category
FROM transactions t
INNER JOIN products p ON t.product_id = p.product_id
WHERE t.product_id IS NOT NULL
AND DATE(t.txn_timestamp) = '2024-12-19'
) tx

2025-12-12 04:29:04.207 [sbt-bg-threads-1] INFO  extractor.MySQLExtractor - ✓ Extracted 114 transactions
2025-12-12 04:29:11.268 [sbt-bg-threads-1] INFO  TransactionSummaryJob$ - ✓ Extracted 114 transactions
2025-12-12 04:29:11.268 [sbt-bg-threads-1] INFO  transformer.TransactionSummarizer - Phase 1: Data Quality - Filtering null product_ids
2025-12-12 04:29:26.938 [sbt-bg-threads-1] INFO  transformer.TransactionSummarizer - ✓ All transactions have valid product_id
2025-12-12 04:29:26.941 [sbt-bg-threads-1] INFO  transformer.TransactionSummarizer - Phase 2: Add date partition column
2025-12-12 04:29:26.944 [sbt-bg-threads-1] INFO  transformer.TransactionSummarizer - Phase 3: Compute top category per (date, customer_id)
2025-12-12 04:29:26.964 [sbt-bg-threads-1] INFO  transformer.TransactionSummarizer - Phase 4: Aggregate transaction metrics
2025-12-12 04:29:37.098 [sbt-bg-threads-1] INFO  transformer.TransactionSummarizer - ✓ Generated 113 daily summaries (rows: date + customer_id)
2025-12-12 04:29:37.100 [sbt-bg-threads-1] INFO  TransactionSummaryJob$ - ✓ Generated summaries
2025-12-12 04:29:37.100 [sbt-bg-threads-1] INFO  loader.ParquetLoader - Writing Parquet to s3a://dataengtrain8790/pipelineb/txn_summary
2025-12-12 04:29:37.100 [sbt-bg-threads-1] INFO  loader.ParquetLoader -   - Repartition parallelism: 16
2025-12-12 04:29:37.100 [sbt-bg-threads-1] INFO  loader.ParquetLoader -   - Compression: Snappy
2025-12-12 04:29:37.100 [sbt-bg-threads-1] INFO  loader.ParquetLoader -   - Partition column: date
2025-12-12 04:29:49.821 [Executor task launch worker for task 7.0 in stage 319.0 (TID 1232)] INFO  o.a.parquet.hadoop.codec.CodecConfig - Compression: SNAPPY
2025-12-12 04:29:49.823 [Executor task launch worker for task 7.0 in stage 319.0 (TID 1232)] INFO  o.a.parquet.hadoop.codec.CodecConfig - Compression: SNAPPY
2025-12-12 04:29:49.824 [Executor task launch worker for task 7.0 in stage 319.0 (TID 1232)] INFO  o.a.p.hadoop.ParquetOutputFormat - ParquetRecordWriter [block size: 134217728b, row group padding size: 8388608b, validating: false]
2025-12-12 04:30:03.919 [sbt-bg-threads-1] INFO  loader.ParquetLoader - ✓ Parquet write completed successfully
2025-12-12 04:30:03.921 [sbt-bg-threads-1] INFO  TransactionSummaryJob$ - ✓ Written to Parquet
2025-12-12 04:30:03.922 [sbt-bg-threads-1] INFO  TransactionSummaryJob$ - ═══════════════════════════════════════════════════════════
2025-12-12 04:30:03.922 [sbt-bg-threads-1] INFO  TransactionSummaryJob$ - Processing: 2024-12-20
2025-12-12 04:30:03.922 [sbt-bg-threads-1] INFO  TransactionSummaryJob$ - ═══════════════════════════════════════════════════════════
2025-12-12 04:30:03.922 [sbt-bg-threads-1] INFO  extractor.MySQLExtractor - Extracting transactions...
2025-12-12 04:30:03.922 [sbt-bg-threads-1] INFO  extractor.MySQLExtractor -   Mode: Specific date (2024-12-20)
2025-12-12 04:30:03.922 [sbt-bg-threads-1] INFO  extractor.MySQLExtractor - SQL Query:
(
SELECT t.txn_id,
       t.customer_id,
       t.product_id,
       t.qty,
       t.amount,
       t.txn_timestamp,
       p.category
FROM transactions t
INNER JOIN products p ON t.product_id = p.product_id
WHERE t.product_id IS NOT NULL
AND DATE(t.txn_timestamp) = '2024-12-20'
) tx

2025-12-12 04:30:14.062 [sbt-bg-threads-1] INFO  extractor.MySQLExtractor - ✓ Extracted 107 transactions
2025-12-12 04:30:21.177 [sbt-bg-threads-1] INFO  TransactionSummaryJob$ - ✓ Extracted 107 transactions
2025-12-12 04:30:21.179 [sbt-bg-threads-1] INFO  transformer.TransactionSummarizer - Phase 1: Data Quality - Filtering null product_ids
2025-12-12 04:30:34.255 [sbt-bg-threads-1] INFO  transformer.TransactionSummarizer - ✓ All transactions have valid product_id
2025-12-12 04:30:34.255 [sbt-bg-threads-1] INFO  transformer.TransactionSummarizer - Phase 2: Add date partition column
2025-12-12 04:30:34.258 [sbt-bg-threads-1] INFO  transformer.TransactionSummarizer - Phase 3: Compute top category per (date, customer_id)
2025-12-12 04:30:34.275 [sbt-bg-threads-1] INFO  transformer.TransactionSummarizer - Phase 4: Aggregate transaction metrics
2025-12-12 04:30:44.117 [sbt-bg-threads-1] INFO  transformer.TransactionSummarizer - ✓ Generated 105 daily summaries (rows: date + customer_id)
2025-12-12 04:30:44.118 [sbt-bg-threads-1] INFO  TransactionSummaryJob$ - ✓ Generated summaries
2025-12-12 04:30:44.118 [sbt-bg-threads-1] INFO  loader.ParquetLoader - Writing Parquet to s3a://dataengtrain8790/pipelineb/txn_summary
2025-12-12 04:30:44.118 [sbt-bg-threads-1] INFO  loader.ParquetLoader -   - Repartition parallelism: 16
2025-12-12 04:30:44.118 [sbt-bg-threads-1] INFO  loader.ParquetLoader -   - Compression: Snappy
2025-12-12 04:30:44.118 [sbt-bg-threads-1] INFO  loader.ParquetLoader -   - Partition column: date
2025-12-12 04:30:57.031 [Executor task launch worker for task 11.0 in stage 359.0 (TID 1388)] INFO  o.a.parquet.hadoop.codec.CodecConfig - Compression: SNAPPY
2025-12-12 04:30:57.033 [Executor task launch worker for task 11.0 in stage 359.0 (TID 1388)] INFO  o.a.parquet.hadoop.codec.CodecConfig - Compression: SNAPPY
2025-12-12 04:30:57.033 [Executor task launch worker for task 11.0 in stage 359.0 (TID 1388)] INFO  o.a.p.hadoop.ParquetOutputFormat - ParquetRecordWriter [block size: 134217728b, row group padding size: 8388608b, validating: false]
2025-12-12 04:31:11.263 [sbt-bg-threads-1] INFO  loader.ParquetLoader - ✓ Parquet write completed successfully
2025-12-12 04:31:11.266 [sbt-bg-threads-1] INFO  TransactionSummaryJob$ - ✓ Written to Parquet
2025-12-12 04:31:11.266 [sbt-bg-threads-1] INFO  TransactionSummaryJob$ - ═══════════════════════════════════════════════════════════
2025-12-12 04:31:11.267 [sbt-bg-threads-1] INFO  TransactionSummaryJob$ - Processing: 2024-12-21
2025-12-12 04:31:11.268 [sbt-bg-threads-1] INFO  TransactionSummaryJob$ - ═══════════════════════════════════════════════════════════
2025-12-12 04:31:11.268 [sbt-bg-threads-1] INFO  extractor.MySQLExtractor - Extracting transactions...
2025-12-12 04:31:11.269 [sbt-bg-threads-1] INFO  extractor.MySQLExtractor -   Mode: Specific date (2024-12-21)
2025-12-12 04:31:11.270 [sbt-bg-threads-1] INFO  extractor.MySQLExtractor - SQL Query:
(
SELECT t.txn_id,
       t.customer_id,
       t.product_id,
       t.qty,
       t.amount,
       t.txn_timestamp,
       p.category
FROM transactions t
INNER JOIN products p ON t.product_id = p.product_id
WHERE t.product_id IS NOT NULL
AND DATE(t.txn_timestamp) = '2024-12-21'
) tx

2025-12-12 04:31:23.624 [sbt-bg-threads-1] INFO  extractor.MySQLExtractor - ✓ Extracted 98 transactions
2025-12-12 04:31:31.071 [sbt-bg-threads-1] INFO  TransactionSummaryJob$ - ✓ Extracted 98 transactions
2025-12-12 04:31:31.072 [sbt-bg-threads-1] INFO  transformer.TransactionSummarizer - Phase 1: Data Quality - Filtering null product_ids
2025-12-12 04:31:43.959 [sbt-bg-threads-1] INFO  transformer.TransactionSummarizer - ✓ All transactions have valid product_id
2025-12-12 04:31:43.960 [sbt-bg-threads-1] INFO  transformer.TransactionSummarizer - Phase 2: Add date partition column
2025-12-12 04:31:43.962 [sbt-bg-threads-1] INFO  transformer.TransactionSummarizer - Phase 3: Compute top category per (date, customer_id)
2025-12-12 04:31:43.978 [sbt-bg-threads-1] INFO  transformer.TransactionSummarizer - Phase 4: Aggregate transaction metrics
2025-12-12 04:31:55.388 [sbt-bg-threads-1] INFO  transformer.TransactionSummarizer - ✓ Generated 97 daily summaries (rows: date + customer_id)
2025-12-12 04:31:55.389 [sbt-bg-threads-1] INFO  TransactionSummaryJob$ - ✓ Generated summaries
2025-12-12 04:31:55.389 [sbt-bg-threads-1] INFO  loader.ParquetLoader - Writing Parquet to s3a://dataengtrain8790/pipelineb/txn_summary
2025-12-12 04:31:55.389 [sbt-bg-threads-1] INFO  loader.ParquetLoader -   - Repartition parallelism: 16
2025-12-12 04:31:55.389 [sbt-bg-threads-1] INFO  loader.ParquetLoader -   - Compression: Snappy
2025-12-12 04:31:55.389 [sbt-bg-threads-1] INFO  loader.ParquetLoader -   - Partition column: date
2025-12-12 04:32:07.661 [Executor task launch worker for task 15.0 in stage 399.0 (TID 1544)] INFO  o.a.parquet.hadoop.codec.CodecConfig - Compression: SNAPPY
2025-12-12 04:32:07.662 [Executor task launch worker for task 15.0 in stage 399.0 (TID 1544)] INFO  o.a.parquet.hadoop.codec.CodecConfig - Compression: SNAPPY
2025-12-12 04:32:07.663 [Executor task launch worker for task 15.0 in stage 399.0 (TID 1544)] INFO  o.a.p.hadoop.ParquetOutputFormat - ParquetRecordWriter [block size: 134217728b, row group padding size: 8388608b, validating: false]
2025-12-12 04:32:21.893 [sbt-bg-threads-1] INFO  loader.ParquetLoader - ✓ Parquet write completed successfully
2025-12-12 04:32:21.896 [sbt-bg-threads-1] INFO  TransactionSummaryJob$ - ✓ Written to Parquet
2025-12-12 04:32:21.896 [sbt-bg-threads-1] INFO  TransactionSummaryJob$ - ═══════════════════════════════════════════════════════════
2025-12-12 04:32:21.897 [sbt-bg-threads-1] INFO  TransactionSummaryJob$ - Processing: 2024-12-22
2025-12-12 04:32:21.897 [sbt-bg-threads-1] INFO  TransactionSummaryJob$ - ═══════════════════════════════════════════════════════════
2025-12-12 04:32:21.898 [sbt-bg-threads-1] INFO  extractor.MySQLExtractor - Extracting transactions...
2025-12-12 04:32:21.898 [sbt-bg-threads-1] INFO  extractor.MySQLExtractor -   Mode: Specific date (2024-12-22)
2025-12-12 04:32:21.898 [sbt-bg-threads-1] INFO  extractor.MySQLExtractor - SQL Query:
(
SELECT t.txn_id,
       t.customer_id,
       t.product_id,
       t.qty,
       t.amount,
       t.txn_timestamp,
       p.category
FROM transactions t
INNER JOIN products p ON t.product_id = p.product_id
WHERE t.product_id IS NOT NULL
AND DATE(t.txn_timestamp) = '2024-12-22'
) tx

2025-12-12 04:32:31.332 [sbt-bg-threads-1] INFO  extractor.MySQLExtractor - ✓ Extracted 103 transactions
2025-12-12 04:32:39.181 [sbt-bg-threads-1] INFO  TransactionSummaryJob$ - ✓ Extracted 103 transactions
2025-12-12 04:32:39.182 [sbt-bg-threads-1] INFO  transformer.TransactionSummarizer - Phase 1: Data Quality - Filtering null product_ids
2025-12-12 04:32:51.284 [sbt-bg-threads-1] INFO  transformer.TransactionSummarizer - ✓ All transactions have valid product_id
2025-12-12 04:32:51.285 [sbt-bg-threads-1] INFO  transformer.TransactionSummarizer - Phase 2: Add date partition column
2025-12-12 04:32:51.289 [sbt-bg-threads-1] INFO  transformer.TransactionSummarizer - Phase 3: Compute top category per (date, customer_id)
2025-12-12 04:32:51.319 [sbt-bg-threads-1] INFO  transformer.TransactionSummarizer - Phase 4: Aggregate transaction metrics
2025-12-12 04:33:00.878 [sbt-bg-threads-1] INFO  transformer.TransactionSummarizer - ✓ Generated 101 daily summaries (rows: date + customer_id)
2025-12-12 04:33:00.878 [sbt-bg-threads-1] INFO  TransactionSummaryJob$ - ✓ Generated summaries
2025-12-12 04:33:00.879 [sbt-bg-threads-1] INFO  loader.ParquetLoader - Writing Parquet to s3a://dataengtrain8790/pipelineb/txn_summary
2025-12-12 04:33:00.879 [sbt-bg-threads-1] INFO  loader.ParquetLoader -   - Repartition parallelism: 16
2025-12-12 04:33:00.879 [sbt-bg-threads-1] INFO  loader.ParquetLoader -   - Compression: Snappy
2025-12-12 04:33:00.879 [sbt-bg-threads-1] INFO  loader.ParquetLoader -   - Partition column: date
2025-12-12 04:33:15.885 [Executor task launch worker for task 7.0 in stage 439.0 (TID 1700)] INFO  o.a.parquet.hadoop.codec.CodecConfig - Compression: SNAPPY
2025-12-12 04:33:15.888 [Executor task launch worker for task 7.0 in stage 439.0 (TID 1700)] INFO  o.a.parquet.hadoop.codec.CodecConfig - Compression: SNAPPY
2025-12-12 04:33:15.889 [Executor task launch worker for task 7.0 in stage 439.0 (TID 1700)] INFO  o.a.p.hadoop.ParquetOutputFormat - ParquetRecordWriter [block size: 134217728b, row group padding size: 8388608b, validating: false]
2025-12-12 04:33:29.751 [sbt-bg-threads-1] INFO  loader.ParquetLoader - ✓ Parquet write completed successfully
2025-12-12 04:33:29.752 [sbt-bg-threads-1] INFO  TransactionSummaryJob$ - ✓ Written to Parquet
2025-12-12 04:33:29.753 [sbt-bg-threads-1] INFO  TransactionSummaryJob$ - ═══════════════════════════════════════════════════════════
2025-12-12 04:33:29.753 [sbt-bg-threads-1] INFO  TransactionSummaryJob$ - Processing: 2024-12-23
2025-12-12 04:33:29.754 [sbt-bg-threads-1] INFO  TransactionSummaryJob$ - ═══════════════════════════════════════════════════════════
2025-12-12 04:33:29.754 [sbt-bg-threads-1] INFO  extractor.MySQLExtractor - Extracting transactions...
2025-12-12 04:33:29.755 [sbt-bg-threads-1] INFO  extractor.MySQLExtractor -   Mode: Specific date (2024-12-23)
2025-12-12 04:33:29.755 [sbt-bg-threads-1] INFO  extractor.MySQLExtractor - SQL Query:
(
SELECT t.txn_id,
       t.customer_id,
       t.product_id,
       t.qty,
       t.amount,
       t.txn_timestamp,
       p.category
FROM transactions t
INNER JOIN products p ON t.product_id = p.product_id
WHERE t.product_id IS NOT NULL
AND DATE(t.txn_timestamp) = '2024-12-23'
) tx

2025-12-12 04:33:39.701 [sbt-bg-threads-1] INFO  extractor.MySQLExtractor - ✓ Extracted 98 transactions
2025-12-12 04:33:45.949 [sbt-bg-threads-1] INFO  TransactionSummaryJob$ - ✓ Extracted 98 transactions
2025-12-12 04:33:45.949 [sbt-bg-threads-1] INFO  transformer.TransactionSummarizer - Phase 1: Data Quality - Filtering null product_ids
2025-12-12 04:33:58.746 [sbt-bg-threads-1] INFO  transformer.TransactionSummarizer - ✓ All transactions have valid product_id
2025-12-12 04:33:58.746 [sbt-bg-threads-1] INFO  transformer.TransactionSummarizer - Phase 2: Add date partition column
2025-12-12 04:33:58.749 [sbt-bg-threads-1] INFO  transformer.TransactionSummarizer - Phase 3: Compute top category per (date, customer_id)
2025-12-12 04:33:58.768 [sbt-bg-threads-1] INFO  transformer.TransactionSummarizer - Phase 4: Aggregate transaction metrics
2025-12-12 04:34:09.019 [sbt-bg-threads-1] INFO  transformer.TransactionSummarizer - ✓ Generated 97 daily summaries (rows: date + customer_id)
2025-12-12 04:34:09.021 [sbt-bg-threads-1] INFO  TransactionSummaryJob$ - ✓ Generated summaries
2025-12-12 04:34:09.021 [sbt-bg-threads-1] INFO  loader.ParquetLoader - Writing Parquet to s3a://dataengtrain8790/pipelineb/txn_summary
2025-12-12 04:34:09.021 [sbt-bg-threads-1] INFO  loader.ParquetLoader -   - Repartition parallelism: 16
2025-12-12 04:34:09.021 [sbt-bg-threads-1] INFO  loader.ParquetLoader -   - Compression: Snappy
2025-12-12 04:34:09.021 [sbt-bg-threads-1] INFO  loader.ParquetLoader -   - Partition column: date
2025-12-12 04:34:21.470 [Executor task launch worker for task 3.0 in stage 479.0 (TID 1856)] INFO  o.a.parquet.hadoop.codec.CodecConfig - Compression: SNAPPY
2025-12-12 04:34:21.471 [Executor task launch worker for task 3.0 in stage 479.0 (TID 1856)] INFO  o.a.parquet.hadoop.codec.CodecConfig - Compression: SNAPPY
2025-12-12 04:34:21.472 [Executor task launch worker for task 3.0 in stage 479.0 (TID 1856)] INFO  o.a.p.hadoop.ParquetOutputFormat - ParquetRecordWriter [block size: 134217728b, row group padding size: 8388608b, validating: false]
2025-12-12 04:34:34.879 [sbt-bg-threads-1] INFO  loader.ParquetLoader - ✓ Parquet write completed successfully
2025-12-12 04:34:34.881 [sbt-bg-threads-1] INFO  TransactionSummaryJob$ - ✓ Written to Parquet
2025-12-12 04:34:34.881 [sbt-bg-threads-1] INFO  TransactionSummaryJob$ - ═══════════════════════════════════════════════════════════
2025-12-12 04:34:34.882 [sbt-bg-threads-1] INFO  TransactionSummaryJob$ - Processing: 2024-12-24
2025-12-12 04:34:34.882 [sbt-bg-threads-1] INFO  TransactionSummaryJob$ - ═══════════════════════════════════════════════════════════
2025-12-12 04:34:34.882 [sbt-bg-threads-1] INFO  extractor.MySQLExtractor - Extracting transactions...
2025-12-12 04:34:34.882 [sbt-bg-threads-1] INFO  extractor.MySQLExtractor -   Mode: Specific date (2024-12-24)
2025-12-12 04:34:34.882 [sbt-bg-threads-1] INFO  extractor.MySQLExtractor - SQL Query:
(
SELECT t.txn_id,
       t.customer_id,
       t.product_id,
       t.qty,
       t.amount,
       t.txn_timestamp,
       p.category
FROM transactions t
INNER JOIN products p ON t.product_id = p.product_id
WHERE t.product_id IS NOT NULL
AND DATE(t.txn_timestamp) = '2024-12-24'
) tx

2025-12-12 04:34:44.315 [sbt-bg-threads-1] INFO  extractor.MySQLExtractor - ✓ Extracted 103 transactions
2025-12-12 04:34:50.700 [sbt-bg-threads-1] INFO  TransactionSummaryJob$ - ✓ Extracted 103 transactions
2025-12-12 04:34:50.700 [sbt-bg-threads-1] INFO  transformer.TransactionSummarizer - Phase 1: Data Quality - Filtering null product_ids
2025-12-12 04:35:05.988 [sbt-bg-threads-1] INFO  transformer.TransactionSummarizer - ✓ All transactions have valid product_id
2025-12-12 04:35:05.988 [sbt-bg-threads-1] INFO  transformer.TransactionSummarizer - Phase 2: Add date partition column
2025-12-12 04:35:05.990 [sbt-bg-threads-1] INFO  transformer.TransactionSummarizer - Phase 3: Compute top category per (date, customer_id)
2025-12-12 04:35:06.008 [sbt-bg-threads-1] INFO  transformer.TransactionSummarizer - Phase 4: Aggregate transaction metrics
2025-12-12 04:35:16.447 [sbt-bg-threads-1] INFO  transformer.TransactionSummarizer - ✓ Generated 103 daily summaries (rows: date + customer_id)
2025-12-12 04:35:16.447 [sbt-bg-threads-1] INFO  TransactionSummaryJob$ - ✓ Generated summaries
2025-12-12 04:35:16.447 [sbt-bg-threads-1] INFO  loader.ParquetLoader - Writing Parquet to s3a://dataengtrain8790/pipelineb/txn_summary
2025-12-12 04:35:16.447 [sbt-bg-threads-1] INFO  loader.ParquetLoader -   - Repartition parallelism: 16
2025-12-12 04:35:16.447 [sbt-bg-threads-1] INFO  loader.ParquetLoader -   - Compression: Snappy
2025-12-12 04:35:16.447 [sbt-bg-threads-1] INFO  loader.ParquetLoader -   - Partition column: date
2025-12-12 04:35:27.644 [Executor task launch worker for task 0.0 in stage 519.0 (TID 2012)] INFO  o.a.parquet.hadoop.codec.CodecConfig - Compression: SNAPPY
2025-12-12 04:35:27.646 [Executor task launch worker for task 0.0 in stage 519.0 (TID 2012)] INFO  o.a.parquet.hadoop.codec.CodecConfig - Compression: SNAPPY
2025-12-12 04:35:27.646 [Executor task launch worker for task 0.0 in stage 519.0 (TID 2012)] INFO  o.a.p.hadoop.ParquetOutputFormat - ParquetRecordWriter [block size: 134217728b, row group padding size: 8388608b, validating: false]
2025-12-12 04:35:41.039 [sbt-bg-threads-1] INFO  loader.ParquetLoader - ✓ Parquet write completed successfully
2025-12-12 04:35:41.040 [sbt-bg-threads-1] INFO  TransactionSummaryJob$ - ✓ Written to Parquet
2025-12-12 04:35:41.041 [sbt-bg-threads-1] INFO  TransactionSummaryJob$ - ═══════════════════════════════════════════════════════════
2025-12-12 04:35:41.041 [sbt-bg-threads-1] INFO  TransactionSummaryJob$ - Processing: 2024-12-25
2025-12-12 04:35:41.042 [sbt-bg-threads-1] INFO  TransactionSummaryJob$ - ═══════════════════════════════════════════════════════════
2025-12-12 04:35:41.042 [sbt-bg-threads-1] INFO  extractor.MySQLExtractor - Extracting transactions...
2025-12-12 04:35:41.042 [sbt-bg-threads-1] INFO  extractor.MySQLExtractor -   Mode: Specific date (2024-12-25)
2025-12-12 04:35:41.043 [sbt-bg-threads-1] INFO  extractor.MySQLExtractor - SQL Query:
(
SELECT t.txn_id,
       t.customer_id,
       t.product_id,
       t.qty,
       t.amount,
       t.txn_timestamp,
       p.category
FROM transactions t
INNER JOIN products p ON t.product_id = p.product_id
WHERE t.product_id IS NOT NULL
AND DATE(t.txn_timestamp) = '2024-12-25'
) tx

2025-12-12 04:35:53.846 [sbt-bg-threads-1] INFO  extractor.MySQLExtractor - ✓ Extracted 117 transactions
2025-12-12 04:35:59.939 [sbt-bg-threads-1] INFO  TransactionSummaryJob$ - ✓ Extracted 117 transactions
2025-12-12 04:35:59.940 [sbt-bg-threads-1] INFO  transformer.TransactionSummarizer - Phase 1: Data Quality - Filtering null product_ids
2025-12-12 04:36:12.684 [sbt-bg-threads-1] INFO  transformer.TransactionSummarizer - ✓ All transactions have valid product_id
2025-12-12 04:36:12.685 [sbt-bg-threads-1] INFO  transformer.TransactionSummarizer - Phase 2: Add date partition column
2025-12-12 04:36:12.688 [sbt-bg-threads-1] INFO  transformer.TransactionSummarizer - Phase 3: Compute top category per (date, customer_id)
2025-12-12 04:36:12.707 [sbt-bg-threads-1] INFO  transformer.TransactionSummarizer - Phase 4: Aggregate transaction metrics
2025-12-12 04:36:22.456 [sbt-bg-threads-1] INFO  transformer.TransactionSummarizer - ✓ Generated 117 daily summaries (rows: date + customer_id)
2025-12-12 04:36:22.456 [sbt-bg-threads-1] INFO  TransactionSummaryJob$ - ✓ Generated summaries
2025-12-12 04:36:22.456 [sbt-bg-threads-1] INFO  loader.ParquetLoader - Writing Parquet to s3a://dataengtrain8790/pipelineb/txn_summary
2025-12-12 04:36:22.456 [sbt-bg-threads-1] INFO  loader.ParquetLoader -   - Repartition parallelism: 16
2025-12-12 04:36:22.456 [sbt-bg-threads-1] INFO  loader.ParquetLoader -   - Compression: Snappy
2025-12-12 04:36:22.456 [sbt-bg-threads-1] INFO  loader.ParquetLoader -   - Partition column: date
2025-12-12 04:36:33.808 [Executor task launch worker for task 10.0 in stage 559.0 (TID 2168)] INFO  o.a.parquet.hadoop.codec.CodecConfig - Compression: SNAPPY
2025-12-12 04:36:33.809 [Executor task launch worker for task 10.0 in stage 559.0 (TID 2168)] INFO  o.a.parquet.hadoop.codec.CodecConfig - Compression: SNAPPY
2025-12-12 04:36:33.810 [Executor task launch worker for task 10.0 in stage 559.0 (TID 2168)] INFO  o.a.p.hadoop.ParquetOutputFormat - ParquetRecordWriter [block size: 134217728b, row group padding size: 8388608b, validating: false]
2025-12-12 04:36:48.239 [sbt-bg-threads-1] INFO  loader.ParquetLoader - ✓ Parquet write completed successfully
2025-12-12 04:36:48.242 [sbt-bg-threads-1] INFO  TransactionSummaryJob$ - ✓ Written to Parquet
2025-12-12 04:36:48.242 [sbt-bg-threads-1] INFO  TransactionSummaryJob$ - ═══════════════════════════════════════════════════════════
2025-12-12 04:36:48.244 [sbt-bg-threads-1] INFO  TransactionSummaryJob$ - Processing: 2024-12-26
2025-12-12 04:36:48.244 [sbt-bg-threads-1] INFO  TransactionSummaryJob$ - ═══════════════════════════════════════════════════════════
2025-12-12 04:36:48.262 [sbt-bg-threads-1] INFO  extractor.MySQLExtractor - Extracting transactions...
2025-12-12 04:36:48.263 [sbt-bg-threads-1] INFO  extractor.MySQLExtractor -   Mode: Specific date (2024-12-26)
2025-12-12 04:36:48.264 [sbt-bg-threads-1] INFO  extractor.MySQLExtractor - SQL Query:
(
SELECT t.txn_id,
       t.customer_id,
       t.product_id,
       t.qty,
       t.amount,
       t.txn_timestamp,
       p.category
FROM transactions t
INNER JOIN products p ON t.product_id = p.product_id
WHERE t.product_id IS NOT NULL
AND DATE(t.txn_timestamp) = '2024-12-26'
) tx

2025-12-12 04:36:59.907 [sbt-bg-threads-1] INFO  extractor.MySQLExtractor - ✓ Extracted 122 transactions
2025-12-12 04:37:06.906 [sbt-bg-threads-1] INFO  TransactionSummaryJob$ - ✓ Extracted 122 transactions
2025-12-12 04:37:06.907 [sbt-bg-threads-1] INFO  transformer.TransactionSummarizer - Phase 1: Data Quality - Filtering null product_ids
2025-12-12 04:37:19.928 [sbt-bg-threads-1] INFO  transformer.TransactionSummarizer - ✓ All transactions have valid product_id
2025-12-12 04:37:19.928 [sbt-bg-threads-1] INFO  transformer.TransactionSummarizer - Phase 2: Add date partition column
2025-12-12 04:37:19.931 [sbt-bg-threads-1] INFO  transformer.TransactionSummarizer - Phase 3: Compute top category per (date, customer_id)
2025-12-12 04:37:19.950 [sbt-bg-threads-1] INFO  transformer.TransactionSummarizer - Phase 4: Aggregate transaction metrics
2025-12-12 04:37:29.500 [sbt-bg-threads-1] INFO  transformer.TransactionSummarizer - ✓ Generated 118 daily summaries (rows: date + customer_id)
2025-12-12 04:37:29.501 [sbt-bg-threads-1] INFO  TransactionSummaryJob$ - ✓ Generated summaries
2025-12-12 04:37:29.501 [sbt-bg-threads-1] INFO  loader.ParquetLoader - Writing Parquet to s3a://dataengtrain8790/pipelineb/txn_summary
2025-12-12 04:37:29.501 [sbt-bg-threads-1] INFO  loader.ParquetLoader -   - Repartition parallelism: 16
2025-12-12 04:37:29.501 [sbt-bg-threads-1] INFO  loader.ParquetLoader -   - Compression: Snappy
2025-12-12 04:37:29.501 [sbt-bg-threads-1] INFO  loader.ParquetLoader -   - Partition column: date
2025-12-12 04:37:41.415 [Executor task launch worker for task 9.0 in stage 599.0 (TID 2324)] INFO  o.a.parquet.hadoop.codec.CodecConfig - Compression: SNAPPY
2025-12-12 04:37:41.417 [Executor task launch worker for task 9.0 in stage 599.0 (TID 2324)] INFO  o.a.parquet.hadoop.codec.CodecConfig - Compression: SNAPPY
2025-12-12 04:37:41.418 [Executor task launch worker for task 9.0 in stage 599.0 (TID 2324)] INFO  o.a.p.hadoop.ParquetOutputFormat - ParquetRecordWriter [block size: 134217728b, row group padding size: 8388608b, validating: false]
2025-12-12 04:37:55.477 [sbt-bg-threads-1] INFO  loader.ParquetLoader - ✓ Parquet write completed successfully
2025-12-12 04:37:55.478 [sbt-bg-threads-1] INFO  TransactionSummaryJob$ - ✓ Written to Parquet
2025-12-12 04:37:55.479 [sbt-bg-threads-1] INFO  TransactionSummaryJob$ - ═══════════════════════════════════════════════════════════
2025-12-12 04:37:55.479 [sbt-bg-threads-1] INFO  TransactionSummaryJob$ - Processing: 2024-12-27
2025-12-12 04:37:55.480 [sbt-bg-threads-1] INFO  TransactionSummaryJob$ - ═══════════════════════════════════════════════════════════
2025-12-12 04:37:55.480 [sbt-bg-threads-1] INFO  extractor.MySQLExtractor - Extracting transactions...
2025-12-12 04:37:55.481 [sbt-bg-threads-1] INFO  extractor.MySQLExtractor -   Mode: Specific date (2024-12-27)
2025-12-12 04:37:55.481 [sbt-bg-threads-1] INFO  extractor.MySQLExtractor - SQL Query:
(
SELECT t.txn_id,
       t.customer_id,
       t.product_id,
       t.qty,
       t.amount,
       t.txn_timestamp,
       p.category
FROM transactions t
INNER JOIN products p ON t.product_id = p.product_id
WHERE t.product_id IS NOT NULL
AND DATE(t.txn_timestamp) = '2024-12-27'
) tx

2025-12-12 04:38:07.687 [sbt-bg-threads-1] INFO  extractor.MySQLExtractor - ✓ Extracted 102 transactions
2025-12-12 04:38:14.821 [sbt-bg-threads-1] INFO  TransactionSummaryJob$ - ✓ Extracted 102 transactions
2025-12-12 04:38:14.821 [sbt-bg-threads-1] INFO  transformer.TransactionSummarizer - Phase 1: Data Quality - Filtering null product_ids
2025-12-12 04:38:29.795 [sbt-bg-threads-1] INFO  transformer.TransactionSummarizer - ✓ All transactions have valid product_id
2025-12-12 04:38:29.796 [sbt-bg-threads-1] INFO  transformer.TransactionSummarizer - Phase 2: Add date partition column
2025-12-12 04:38:29.799 [sbt-bg-threads-1] INFO  transformer.TransactionSummarizer - Phase 3: Compute top category per (date, customer_id)
2025-12-12 04:38:29.815 [sbt-bg-threads-1] INFO  transformer.TransactionSummarizer - Phase 4: Aggregate transaction metrics
2025-12-12 04:38:39.966 [sbt-bg-threads-1] INFO  transformer.TransactionSummarizer - ✓ Generated 101 daily summaries (rows: date + customer_id)
2025-12-12 04:38:39.966 [sbt-bg-threads-1] INFO  TransactionSummaryJob$ - ✓ Generated summaries
2025-12-12 04:38:39.966 [sbt-bg-threads-1] INFO  loader.ParquetLoader - Writing Parquet to s3a://dataengtrain8790/pipelineb/txn_summary
2025-12-12 04:38:39.966 [sbt-bg-threads-1] INFO  loader.ParquetLoader -   - Repartition parallelism: 16
2025-12-12 04:38:39.966 [sbt-bg-threads-1] INFO  loader.ParquetLoader -   - Compression: Snappy
2025-12-12 04:38:39.966 [sbt-bg-threads-1] INFO  loader.ParquetLoader -   - Partition column: date
2025-12-12 04:38:53.625 [Executor task launch worker for task 9.0 in stage 639.0 (TID 2480)] INFO  o.a.parquet.hadoop.codec.CodecConfig - Compression: SNAPPY
2025-12-12 04:38:53.626 [Executor task launch worker for task 9.0 in stage 639.0 (TID 2480)] INFO  o.a.parquet.hadoop.codec.CodecConfig - Compression: SNAPPY
2025-12-12 04:38:53.627 [Executor task launch worker for task 9.0 in stage 639.0 (TID 2480)] INFO  o.a.p.hadoop.ParquetOutputFormat - ParquetRecordWriter [block size: 134217728b, row group padding size: 8388608b, validating: false]
2025-12-12 04:39:08.432 [sbt-bg-threads-1] INFO  loader.ParquetLoader - ✓ Parquet write completed successfully
2025-12-12 04:39:08.435 [sbt-bg-threads-1] INFO  TransactionSummaryJob$ - ✓ Written to Parquet
2025-12-12 04:39:08.436 [sbt-bg-threads-1] INFO  TransactionSummaryJob$ - ═══════════════════════════════════════════════════════════
2025-12-12 04:39:08.436 [sbt-bg-threads-1] INFO  TransactionSummaryJob$ - Processing: 2024-12-28
2025-12-12 04:39:08.437 [sbt-bg-threads-1] INFO  TransactionSummaryJob$ - ═══════════════════════════════════════════════════════════
2025-12-12 04:39:08.437 [sbt-bg-threads-1] INFO  extractor.MySQLExtractor - Extracting transactions...
2025-12-12 04:39:08.437 [sbt-bg-threads-1] INFO  extractor.MySQLExtractor -   Mode: Specific date (2024-12-28)
2025-12-12 04:39:08.438 [sbt-bg-threads-1] INFO  extractor.MySQLExtractor - SQL Query:
(
SELECT t.txn_id,
       t.customer_id,
       t.product_id,
       t.qty,
       t.amount,
       t.txn_timestamp,
       p.category
FROM transactions t
INNER JOIN products p ON t.product_id = p.product_id
WHERE t.product_id IS NOT NULL
AND DATE(t.txn_timestamp) = '2024-12-28'
) tx

2025-12-12 04:39:18.935 [sbt-bg-threads-1] INFO  extractor.MySQLExtractor - ✓ Extracted 96 transactions
2025-12-12 04:39:25.558 [sbt-bg-threads-1] INFO  TransactionSummaryJob$ - ✓ Extracted 96 transactions
2025-12-12 04:39:25.558 [sbt-bg-threads-1] INFO  transformer.TransactionSummarizer - Phase 1: Data Quality - Filtering null product_ids
2025-12-12 04:39:38.556 [sbt-bg-threads-1] INFO  transformer.TransactionSummarizer - ✓ All transactions have valid product_id
2025-12-12 04:39:38.556 [sbt-bg-threads-1] INFO  transformer.TransactionSummarizer - Phase 2: Add date partition column
2025-12-12 04:39:38.558 [sbt-bg-threads-1] INFO  transformer.TransactionSummarizer - Phase 3: Compute top category per (date, customer_id)
2025-12-12 04:39:38.575 [sbt-bg-threads-1] INFO  transformer.TransactionSummarizer - Phase 4: Aggregate transaction metrics
2025-12-12 04:39:48.200 [sbt-bg-threads-1] INFO  transformer.TransactionSummarizer - ✓ Generated 95 daily summaries (rows: date + customer_id)
2025-12-12 04:39:48.201 [sbt-bg-threads-1] INFO  TransactionSummaryJob$ - ✓ Generated summaries
2025-12-12 04:39:48.201 [sbt-bg-threads-1] INFO  loader.ParquetLoader - Writing Parquet to s3a://dataengtrain8790/pipelineb/txn_summary
2025-12-12 04:39:48.201 [sbt-bg-threads-1] INFO  loader.ParquetLoader -   - Repartition parallelism: 16
2025-12-12 04:39:48.201 [sbt-bg-threads-1] INFO  loader.ParquetLoader -   - Compression: Snappy
2025-12-12 04:39:48.201 [sbt-bg-threads-1] INFO  loader.ParquetLoader -   - Partition column: date
2025-12-12 04:39:59.599 [Executor task launch worker for task 9.0 in stage 679.0 (TID 2636)] INFO  o.a.parquet.hadoop.codec.CodecConfig - Compression: SNAPPY
2025-12-12 04:39:59.600 [Executor task launch worker for task 9.0 in stage 679.0 (TID 2636)] INFO  o.a.parquet.hadoop.codec.CodecConfig - Compression: SNAPPY
2025-12-12 04:39:59.601 [Executor task launch worker for task 9.0 in stage 679.0 (TID 2636)] INFO  o.a.p.hadoop.ParquetOutputFormat - ParquetRecordWriter [block size: 134217728b, row group padding size: 8388608b, validating: false]
2025-12-12 04:40:16.335 [sbt-bg-threads-1] INFO  loader.ParquetLoader - ✓ Parquet write completed successfully
2025-12-12 04:40:16.340 [sbt-bg-threads-1] INFO  TransactionSummaryJob$ - ✓ Written to Parquet
2025-12-12 04:40:16.341 [sbt-bg-threads-1] INFO  TransactionSummaryJob$ - ═══════════════════════════════════════════════════════════
2025-12-12 04:40:16.341 [sbt-bg-threads-1] INFO  TransactionSummaryJob$ - Processing: 2024-12-29
2025-12-12 04:40:16.341 [sbt-bg-threads-1] INFO  TransactionSummaryJob$ - ═══════════════════════════════════════════════════════════
2025-12-12 04:40:16.341 [sbt-bg-threads-1] INFO  extractor.MySQLExtractor - Extracting transactions...
2025-12-12 04:40:16.341 [sbt-bg-threads-1] INFO  extractor.MySQLExtractor -   Mode: Specific date (2024-12-29)
2025-12-12 04:40:16.341 [sbt-bg-threads-1] INFO  extractor.MySQLExtractor - SQL Query:
(
SELECT t.txn_id,
       t.customer_id,
       t.product_id,
       t.qty,
       t.amount,
       t.txn_timestamp,
       p.category
FROM transactions t
INNER JOIN products p ON t.product_id = p.product_id
WHERE t.product_id IS NOT NULL
AND DATE(t.txn_timestamp) = '2024-12-29'
) tx

2025-12-12 04:40:25.769 [sbt-bg-threads-1] INFO  extractor.MySQLExtractor - ✓ Extracted 115 transactions
2025-12-12 04:40:32.305 [sbt-bg-threads-1] INFO  TransactionSummaryJob$ - ✓ Extracted 115 transactions
2025-12-12 04:40:32.306 [sbt-bg-threads-1] INFO  transformer.TransactionSummarizer - Phase 1: Data Quality - Filtering null product_ids
2025-12-12 04:40:44.768 [sbt-bg-threads-1] INFO  transformer.TransactionSummarizer - ✓ All transactions have valid product_id
2025-12-12 04:40:44.768 [sbt-bg-threads-1] INFO  transformer.TransactionSummarizer - Phase 2: Add date partition column
2025-12-12 04:40:44.771 [sbt-bg-threads-1] INFO  transformer.TransactionSummarizer - Phase 3: Compute top category per (date, customer_id)
2025-12-12 04:40:44.789 [sbt-bg-threads-1] INFO  transformer.TransactionSummarizer - Phase 4: Aggregate transaction metrics
2025-12-12 04:40:55.134 [sbt-bg-threads-1] INFO  transformer.TransactionSummarizer - ✓ Generated 113 daily summaries (rows: date + customer_id)
2025-12-12 04:40:55.134 [sbt-bg-threads-1] INFO  TransactionSummaryJob$ - ✓ Generated summaries
2025-12-12 04:40:55.134 [sbt-bg-threads-1] INFO  loader.ParquetLoader - Writing Parquet to s3a://dataengtrain8790/pipelineb/txn_summary
2025-12-12 04:40:55.134 [sbt-bg-threads-1] INFO  loader.ParquetLoader -   - Repartition parallelism: 16
2025-12-12 04:40:55.134 [sbt-bg-threads-1] INFO  loader.ParquetLoader -   - Compression: Snappy
2025-12-12 04:40:55.134 [sbt-bg-threads-1] INFO  loader.ParquetLoader -   - Partition column: date
2025-12-12 04:41:06.693 [Executor task launch worker for task 8.0 in stage 719.0 (TID 2792)] INFO  o.a.parquet.hadoop.codec.CodecConfig - Compression: SNAPPY
2025-12-12 04:41:06.694 [Executor task launch worker for task 8.0 in stage 719.0 (TID 2792)] INFO  o.a.parquet.hadoop.codec.CodecConfig - Compression: SNAPPY
2025-12-12 04:41:06.695 [Executor task launch worker for task 8.0 in stage 719.0 (TID 2792)] INFO  o.a.p.hadoop.ParquetOutputFormat - ParquetRecordWriter [block size: 134217728b, row group padding size: 8388608b, validating: false]
2025-12-12 04:41:21.753 [sbt-bg-threads-1] INFO  loader.ParquetLoader - ✓ Parquet write completed successfully
2025-12-12 04:41:21.753 [sbt-bg-threads-1] INFO  TransactionSummaryJob$ - ✓ Written to Parquet
2025-12-12 04:41:21.754 [sbt-bg-threads-1] INFO  TransactionSummaryJob$ - ═══════════════════════════════════════════════════════════
2025-12-12 04:41:21.754 [sbt-bg-threads-1] INFO  TransactionSummaryJob$ - Processing: 2024-12-30
2025-12-12 04:41:21.755 [sbt-bg-threads-1] INFO  TransactionSummaryJob$ - ═══════════════════════════════════════════════════════════
2025-12-12 04:41:21.755 [sbt-bg-threads-1] INFO  extractor.MySQLExtractor - Extracting transactions...
2025-12-12 04:41:21.756 [sbt-bg-threads-1] INFO  extractor.MySQLExtractor -   Mode: Specific date (2024-12-30)
2025-12-12 04:41:21.756 [sbt-bg-threads-1] INFO  extractor.MySQLExtractor - SQL Query:
(
SELECT t.txn_id,
       t.customer_id,
       t.product_id,
       t.qty,
       t.amount,
       t.txn_timestamp,
       p.category
FROM transactions t
INNER JOIN products p ON t.product_id = p.product_id
WHERE t.product_id IS NOT NULL
AND DATE(t.txn_timestamp) = '2024-12-30'
) tx

2025-12-12 04:41:31.304 [sbt-bg-threads-1] INFO  extractor.MySQLExtractor - ✓ Extracted 115 transactions
2025-12-12 04:41:37.693 [sbt-bg-threads-1] INFO  TransactionSummaryJob$ - ✓ Extracted 115 transactions
2025-12-12 04:41:37.693 [sbt-bg-threads-1] INFO  transformer.TransactionSummarizer - Phase 1: Data Quality - Filtering null product_ids
2025-12-12 04:41:55.975 [sbt-bg-threads-1] INFO  transformer.TransactionSummarizer - ✓ All transactions have valid product_id
2025-12-12 04:41:55.976 [sbt-bg-threads-1] INFO  transformer.TransactionSummarizer - Phase 2: Add date partition column
2025-12-12 04:41:55.978 [sbt-bg-threads-1] INFO  transformer.TransactionSummarizer - Phase 3: Compute top category per (date, customer_id)
2025-12-12 04:41:55.992 [sbt-bg-threads-1] INFO  transformer.TransactionSummarizer - Phase 4: Aggregate transaction metrics
2025-12-12 04:42:06.010 [sbt-bg-threads-1] INFO  transformer.TransactionSummarizer - ✓ Generated 115 daily summaries (rows: date + customer_id)
2025-12-12 04:42:06.010 [sbt-bg-threads-1] INFO  TransactionSummaryJob$ - ✓ Generated summaries
2025-12-12 04:42:06.010 [sbt-bg-threads-1] INFO  loader.ParquetLoader - Writing Parquet to s3a://dataengtrain8790/pipelineb/txn_summary
2025-12-12 04:42:06.011 [sbt-bg-threads-1] INFO  loader.ParquetLoader -   - Repartition parallelism: 16
2025-12-12 04:42:06.011 [sbt-bg-threads-1] INFO  loader.ParquetLoader -   - Compression: Snappy
2025-12-12 04:42:06.011 [sbt-bg-threads-1] INFO  loader.ParquetLoader -   - Partition column: date
2025-12-12 04:42:17.702 [Executor task launch worker for task 9.0 in stage 759.0 (TID 2948)] INFO  o.a.parquet.hadoop.codec.CodecConfig - Compression: SNAPPY
2025-12-12 04:42:17.703 [Executor task launch worker for task 9.0 in stage 759.0 (TID 2948)] INFO  o.a.parquet.hadoop.codec.CodecConfig - Compression: SNAPPY
2025-12-12 04:42:17.704 [Executor task launch worker for task 9.0 in stage 759.0 (TID 2948)] INFO  o.a.p.hadoop.ParquetOutputFormat - ParquetRecordWriter [block size: 134217728b, row group padding size: 8388608b, validating: false]
2025-12-12 04:42:32.554 [sbt-bg-threads-1] INFO  loader.ParquetLoader - ✓ Parquet write completed successfully
2025-12-12 04:42:32.555 [sbt-bg-threads-1] INFO  TransactionSummaryJob$ - ✓ Written to Parquet
2025-12-12 04:42:32.556 [sbt-bg-threads-1] INFO  TransactionSummaryJob$ - ═══════════════════════════════════════════════════════════
2025-12-12 04:42:32.557 [sbt-bg-threads-1] INFO  TransactionSummaryJob$ - Processing: 2024-12-31
2025-12-12 04:42:32.559 [sbt-bg-threads-1] INFO  TransactionSummaryJob$ - ═══════════════════════════════════════════════════════════
2025-12-12 04:42:32.559 [sbt-bg-threads-1] INFO  extractor.MySQLExtractor - Extracting transactions...
2025-12-12 04:42:32.560 [sbt-bg-threads-1] INFO  extractor.MySQLExtractor -   Mode: Specific date (2024-12-31)
2025-12-12 04:42:32.560 [sbt-bg-threads-1] INFO  extractor.MySQLExtractor - SQL Query:
(
SELECT t.txn_id,
       t.customer_id,
       t.product_id,
       t.qty,
       t.amount,
       t.txn_timestamp,
       p.category
FROM transactions t
INNER JOIN products p ON t.product_id = p.product_id
WHERE t.product_id IS NOT NULL
AND DATE(t.txn_timestamp) = '2024-12-31'
) tx

2025-12-12 04:42:42.569 [sbt-bg-threads-1] INFO  extractor.MySQLExtractor - ✓ Extracted 87 transactions
2025-12-12 04:42:48.839 [sbt-bg-threads-1] INFO  TransactionSummaryJob$ - ✓ Extracted 87 transactions
2025-12-12 04:42:48.840 [sbt-bg-threads-1] INFO  transformer.TransactionSummarizer - Phase 1: Data Quality - Filtering null product_ids
2025-12-12 04:43:01.957 [sbt-bg-threads-1] INFO  transformer.TransactionSummarizer - ✓ All transactions have valid product_id
2025-12-12 04:43:01.957 [sbt-bg-threads-1] INFO  transformer.TransactionSummarizer - Phase 2: Add date partition column
2025-12-12 04:43:01.960 [sbt-bg-threads-1] INFO  transformer.TransactionSummarizer - Phase 3: Compute top category per (date, customer_id)
2025-12-12 04:43:01.974 [sbt-bg-threads-1] INFO  transformer.TransactionSummarizer - Phase 4: Aggregate transaction metrics
2025-12-12 04:43:11.422 [sbt-bg-threads-1] INFO  transformer.TransactionSummarizer - ✓ Generated 86 daily summaries (rows: date + customer_id)
2025-12-12 04:43:11.422 [sbt-bg-threads-1] INFO  TransactionSummaryJob$ - ✓ Generated summaries
2025-12-12 04:43:11.422 [sbt-bg-threads-1] INFO  loader.ParquetLoader - Writing Parquet to s3a://dataengtrain8790/pipelineb/txn_summary
2025-12-12 04:43:11.422 [sbt-bg-threads-1] INFO  loader.ParquetLoader -   - Repartition parallelism: 16
2025-12-12 04:43:11.422 [sbt-bg-threads-1] INFO  loader.ParquetLoader -   - Compression: Snappy
2025-12-12 04:43:11.423 [sbt-bg-threads-1] INFO  loader.ParquetLoader -   - Partition column: date
2025-12-12 04:43:29.077 [Executor task launch worker for task 0.0 in stage 799.0 (TID 3104)] INFO  o.a.parquet.hadoop.codec.CodecConfig - Compression: SNAPPY
2025-12-12 04:43:29.081 [Executor task launch worker for task 0.0 in stage 799.0 (TID 3104)] INFO  o.a.parquet.hadoop.codec.CodecConfig - Compression: SNAPPY
2025-12-12 04:43:29.082 [Executor task launch worker for task 0.0 in stage 799.0 (TID 3104)] INFO  o.a.p.hadoop.ParquetOutputFormat - ParquetRecordWriter [block size: 134217728b, row group padding size: 8388608b, validating: false]
2025-12-12 04:43:52.953 [sbt-bg-threads-1] INFO  loader.ParquetLoader - ✓ Parquet write completed successfully
2025-12-12 04:43:52.954 [sbt-bg-threads-1] INFO  TransactionSummaryJob$ - ✓ Written to Parquet
2025-12-12 04:43:52.954 [sbt-bg-threads-1] INFO  TransactionSummaryJob$ - ╔════════════════════════════════════════════════════════════╗
2025-12-12 04:43:52.954 [sbt-bg-threads-1] INFO  TransactionSummaryJob$ - ║         ✓ PIPELINE B COMPLETED                             ║
2025-12-12 04:43:52.954 [sbt-bg-threads-1] INFO  TransactionSummaryJob$ - ║  Success: 20 | Failed: 0                              ║
2025-12-12 04:43:52.954 [sbt-bg-threads-1] INFO  TransactionSummaryJob$ - ╚════════════════════════════════════════════════════════════╝
2025-12-12 04:43:52.971 [sbt-bg-threads-1] INFO  o.s.jetty.server.AbstractConnector - Stopped Spark@137ea057{HTTP/1.1, (http/1.1)}{0.0.0.0:4041}
2025-12-12 04:43:53.357 [sbt-bg-threads-1] INFO  TransactionSummaryJob$ - Spark session closed
2025-12-12 04:43:53.809 [Thread-1] ERROR o.apache.hadoop.conf.Configuration - error parsing conf core-default.xml
java.nio.file.NoSuchFileException: /Users/racit/Documents/sparkProject/pipeline-b-customer-profile/target/bg-jobs/sbt_123588dc/target/53fdf465/2328f86a/hadoop-common-3.3.1.jar
	at java.base/sun.nio.fs.UnixException.translateToIOException(UnixException.java:92)
	at java.base/sun.nio.fs.UnixException.rethrowAsIOException(UnixException.java:111)
	at java.base/sun.nio.fs.UnixException.rethrowAsIOException(UnixException.java:116)
	at java.base/sun.nio.fs.UnixFileAttributeViews$Basic.readAttributes(UnixFileAttributeViews.java:55)
	at java.base/sun.nio.fs.UnixFileSystemProvider.readAttributes(UnixFileSystemProvider.java:149)
	at java.base/java.nio.file.Files.readAttributes(Files.java:1764)
	at java.base/java.util.zip.ZipFile$Source.get(ZipFile.java:1420)
	at java.base/java.util.zip.ZipFile$CleanableResource.<init>(ZipFile.java:841)
	at java.base/java.util.zip.ZipFile$CleanableResource$FinalizableResource.<init>(ZipFile.java:867)
	at java.base/java.util.zip.ZipFile$CleanableResource.get(ZipFile.java:856)
	at java.base/java.util.zip.ZipFile.<init>(ZipFile.java:258)
	at java.base/java.util.zip.ZipFile.<init>(ZipFile.java:187)
	at java.base/java.util.jar.JarFile.<init>(JarFile.java:348)
	at java.base/sun.net.www.protocol.jar.URLJarFile.<init>(URLJarFile.java:103)
	at java.base/sun.net.www.protocol.jar.URLJarFile.getJarFile(URLJarFile.java:72)
	at java.base/sun.net.www.protocol.jar.JarFileFactory.get(JarFileFactory.java:99)
	at java.base/sun.net.www.protocol.jar.JarURLConnection.connect(JarURLConnection.java:125)
	at java.base/sun.net.www.protocol.jar.JarURLConnection.getInputStream(JarURLConnection.java:155)
	at org.apache.hadoop.conf.Configuration.parse(Configuration.java:2986)
	at org.apache.hadoop.conf.Configuration.getStreamReader(Configuration.java:3082)
	at org.apache.hadoop.conf.Configuration.loadResource(Configuration.java:3040)
	at org.apache.hadoop.conf.Configuration.loadResources(Configuration.java:3013)
	at org.apache.hadoop.conf.Configuration.loadProps(Configuration.java:2893)
	at org.apache.hadoop.conf.Configuration.getProps(Configuration.java:2875)
	at org.apache.hadoop.conf.Configuration.get(Configuration.java:1225)
	at org.apache.hadoop.conf.Configuration.getTimeDuration(Configuration.java:1842)
	at org.apache.hadoop.conf.Configuration.getTimeDuration(Configuration.java:1819)
	at org.apache.hadoop.util.ShutdownHookManager.getShutdownTimeout(ShutdownHookManager.java:183)
	at org.apache.hadoop.util.ShutdownHookManager.shutdownExecutor(ShutdownHookManager.java:145)
	at org.apache.hadoop.util.ShutdownHookManager.access$300(ShutdownHookManager.java:65)
	at org.apache.hadoop.util.ShutdownHookManager$1.run(ShutdownHookManager.java:102)
